Using pre-set license
Built from '6000.0/respin/6000.0.60f1-f02d6f9f9009' branch; Version is '6000.0.60f1 (61dfb374e36f) revision 6414259'; Using compiler version '193933523'; Build Type 'Release'
OS: 'Windows 11  (10.0.26100) 64bit CoreCountrySpecific' Language: 'zh' Physical Memory: 16167 MB
BatchMode: 1, IsHumanControllingUs: 0, StartBugReporterOnCrash: 0, Is64bit: 1
Date: 2025-11-01T07:17:19Z

COMMAND LINE ARGUMENTS:
D:\Unity Projects\Unity Editor\6000.0.60f1\Editor\Unity.exe
-adb2
-batchMode
-noUpm
-name
AssetImportWorker0
-projectPath
D:/Unity Projects/Project02
-logFile
Logs/AssetImportWorker0.log
-srvPort
53041
-job-worker-count
3
-background-job-worker-count
8
-gc-helper-count
1
-name
AssetImport
Successfully changed project path to: D:/Unity Projects/Project02
D:/Unity Projects/Project02
[UnityMemory] Configuration Parameters - Can be set up in boot.config
    "memorysetup-bucket-allocator-granularity=16"
    "memorysetup-bucket-allocator-bucket-count=8"
    "memorysetup-bucket-allocator-block-size=33554432"
    "memorysetup-bucket-allocator-block-count=8"
    "memorysetup-main-allocator-block-size=16777216"
    "memorysetup-thread-allocator-block-size=16777216"
    "memorysetup-gfx-main-allocator-block-size=16777216"
    "memorysetup-gfx-thread-allocator-block-size=16777216"
    "memorysetup-cache-allocator-block-size=4194304"
    "memorysetup-typetree-allocator-block-size=2097152"
    "memorysetup-profiler-bucket-allocator-granularity=16"
    "memorysetup-profiler-bucket-allocator-bucket-count=8"
    "memorysetup-profiler-bucket-allocator-block-size=33554432"
    "memorysetup-profiler-bucket-allocator-block-count=8"
    "memorysetup-profiler-allocator-block-size=16777216"
    "memorysetup-profiler-editor-allocator-block-size=1048576"
    "memorysetup-temp-allocator-size-main=16777216"
    "memorysetup-job-temp-allocator-block-size=2097152"
    "memorysetup-job-temp-allocator-block-size-background=1048576"
    "memorysetup-job-temp-allocator-reduction-small-platforms=262144"
    "memorysetup-allocator-temp-initial-block-size-main=262144"
    "memorysetup-allocator-temp-initial-block-size-worker=262144"
    "memorysetup-temp-allocator-size-background-worker=32768"
    "memorysetup-temp-allocator-size-job-worker=262144"
    "memorysetup-temp-allocator-size-preload-manager=33554432"
    "memorysetup-temp-allocator-size-nav-mesh-worker=65536"
    "memorysetup-temp-allocator-size-audio-worker=65536"
    "memorysetup-temp-allocator-size-cloud-worker=32768"
    "memorysetup-temp-allocator-size-gi-baking-worker=262144"
    "memorysetup-temp-allocator-size-gi-baking-worker=262144"
    "memorysetup-temp-allocator-size-gi-baking-worker=262144"
    "memorysetup-temp-allocator-size-gi-baking-worker=262144"
    "memorysetup-temp-allocator-size-gi-baking-worker=262144"
    "memorysetup-temp-allocator-size-gfx=262144"
Player connection [12936]  Target information:

Player connection [12936]  * "[IP] 192.168.146.1 [Port] 0 [Flags] 2 [Guid] 3701254384 [EditorId] 3701254384 [Version] 1048832 [Id] WindowsEditor(7,DESKTOP-AQV7SLKG) [Debug] 1 [PackageName] WindowsEditor [ProjectName] Editor" 

Player connection [12936]  * "[IP] 192.168.26.1 [Port] 0 [Flags] 2 [Guid] 3701254384 [EditorId] 3701254384 [Version] 1048832 [Id] WindowsEditor(7,DESKTOP-AQV7SLKG) [Debug] 1 [PackageName] WindowsEditor [ProjectName] Editor" 

Player connection [12936]  * "[IP] 192.168.101.14 [Port] 0 [Flags] 2 [Guid] 3701254384 [EditorId] 3701254384 [Version] 1048832 [Id] WindowsEditor(7,DESKTOP-AQV7SLKG) [Debug] 1 [PackageName] WindowsEditor [ProjectName] Editor" 

Player connection [12936] Host joined multi-casting on [225.0.0.222:54997]...
Player connection [12936] Host joined alternative multi-casting on [225.0.0.222:34997]...
JobSystem: Creating JobQueue using job-worker-count value 3
Input System module state changed to: Initialized.
[Physics::Module] Initialized fallback backend.
[Physics::Module] Id: 0xdecafbad
Library Redirect Path: Library/
[Physics::Module] Selected backend.
[Physics::Module] Name: PhysX
[Physics::Module] Id: 0xf2b8ea05
[Physics::Module] SDK Version: 4.1.2
[Physics::Module] Integration Version: 1.0.0
[Physics::Module] Threading Mode: Multi-Threaded
Refreshing native plugins compatible for Editor in 5.42 ms, found 4 plugins.
Preloading 0 native plugins for Editor in 0.00 ms.
Initialize engine version: 6000.0.60f1 (61dfb374e36f)
[Subsystems] Discovering subsystems at path D:/Unity Projects/Unity Editor/6000.0.60f1/Editor/Data/Resources/UnitySubsystems
[Subsystems] Discovering subsystems at path D:/Unity Projects/Project02/Assets
GfxDevice: creating device client; kGfxThreadingModeNonThreaded
Direct3D:
    Version:  Direct3D 11.0 [level 11.1]
    Renderer: NVIDIA GeForce MX450 (ID=0x1f98)
    Vendor:   NVIDIA
    VRAM:     1906 MB
    Driver:   31.0.15.5222
Initialize mono
Mono path[0] = 'D:/Unity Projects/Unity Editor/6000.0.60f1/Editor/Data/Managed'
Mono path[1] = 'D:/Unity Projects/Unity Editor/6000.0.60f1/Editor/Data/MonoBleedingEdge/lib/mono/unityjit-win32'
Mono config path = 'D:/Unity Projects/Unity Editor/6000.0.60f1/Editor/Data/MonoBleedingEdge/etc'
Using monoOptions --debugger-agent=transport=dt_socket,embedding=1,server=y,suspend=n,address=127.0.0.1:56280
Begin MonoManager ReloadAssembly
Registering precompiled unity dll's ...
Register platform support module: D:/Unity Projects/Unity Editor/6000.0.60f1/Editor/Data/PlaybackEngines/WebGLSupport/UnityEditor.WebGL.Extensions.dll
Register platform support module: D:/Unity Projects/Unity Editor/6000.0.60f1/Editor/Data/PlaybackEngines/WindowsStandaloneSupport/UnityEditor.WindowsStandalone.Extensions.dll
Registered in 0.012265 seconds.
- Loaded All Assemblies, in  0.562 seconds
Native extension for WindowsStandalone target not found
Native extension for WebGL target not found
Mono: successfully reloaded assembly
- Finished resetting the current domain, in  0.456 seconds
Domain Reload Profiling: 1009ms
	BeginReloadAssembly (185ms)
		ExecutionOrderSort (0ms)
		DisableScriptedObjects (0ms)
		BackupInstance (0ms)
		ReleaseScriptingObjects (0ms)
		CreateAndSetChildDomain (1ms)
	RebuildCommonClasses (56ms)
	RebuildNativeTypeToScriptingClass (14ms)
	initialDomainReloadingComplete (77ms)
	LoadAllAssembliesAndSetupDomain (220ms)
		LoadAssemblies (172ms)
		RebuildTransferFunctionScriptingTraits (0ms)
		AnalyzeDomain (214ms)
			TypeCache.Refresh (212ms)
				TypeCache.ScanAssembly (197ms)
			BuildScriptInfoCaches (0ms)
			ResolveRequiredComponents (1ms)
	FinalizeReload (456ms)
		ReleaseScriptCaches (0ms)
		RebuildScriptCaches (0ms)
		SetupLoadedEditorAssemblies (399ms)
			LogAssemblyErrors (0ms)
			InitializePlatformSupportModulesInManaged (38ms)
			SetLoadedEditorAssemblies (6ms)
			BeforeProcessingInitializeOnLoad (71ms)
			ProcessInitializeOnLoadAttributes (225ms)
			ProcessInitializeOnLoadMethodAttributes (58ms)
			AfterProcessingInitializeOnLoad (0ms)
			EditorAssembliesLoaded (0ms)
		ExecutionOrderSort2 (0ms)
		AwakeInstancesAfterBackupRestoration (0ms)
========================================================================
Worker process is ready to serve import requests
Import Worker Mode flag is 0x00
Begin MonoManager ReloadAssembly
- Loaded All Assemblies, in  1.202 seconds
Refreshing native plugins compatible for Editor in 2.88 ms, found 4 plugins.
Native extension for WindowsStandalone target not found
Native extension for WebGL target not found
Package Manager log level set to [2]
[Package Manager] Failed to launch server process. Reason: Unity was launched with the -noUpm command-line argument
[Package Manager] Unable to send message (not connected to server process).
[Package Manager] Cannot connect to Unity Package Manager local server
[Package Manager] Failed to launch server process. Reason: Unity was launched with the -noUpm command-line argument
[Package Manager] Unable to send message (not connected to server process).
[Package Manager] Cannot connect to Unity Package Manager local server
[MODES] ModeService[none].Initialize
[MODES] ModeService[none].LoadModes
[MODES] Loading mode Default (0) for mode-current-id-Project02
Mono: successfully reloaded assembly
- Finished resetting the current domain, in  1.270 seconds
Domain Reload Profiling: 2459ms
	BeginReloadAssembly (223ms)
		ExecutionOrderSort (0ms)
		DisableScriptedObjects (9ms)
		BackupInstance (0ms)
		ReleaseScriptingObjects (0ms)
		CreateAndSetChildDomain (32ms)
	RebuildCommonClasses (41ms)
	RebuildNativeTypeToScriptingClass (21ms)
	initialDomainReloadingComplete (62ms)
	LoadAllAssembliesAndSetupDomain (840ms)
		LoadAssemblies (634ms)
		RebuildTransferFunctionScriptingTraits (0ms)
		AnalyzeDomain (324ms)
			TypeCache.Refresh (232ms)
				TypeCache.ScanAssembly (214ms)
			BuildScriptInfoCaches (71ms)
			ResolveRequiredComponents (15ms)
	FinalizeReload (1271ms)
		ReleaseScriptCaches (0ms)
		RebuildScriptCaches (0ms)
		SetupLoadedEditorAssemblies (999ms)
			LogAssemblyErrors (0ms)
			InitializePlatformSupportModulesInManaged (5ms)
			SetLoadedEditorAssemblies (5ms)
			BeforeProcessingInitializeOnLoad (217ms)
			ProcessInitializeOnLoadAttributes (666ms)
			ProcessInitializeOnLoadMethodAttributes (87ms)
			AfterProcessingInitializeOnLoad (18ms)
			EditorAssembliesLoaded (0ms)
		ExecutionOrderSort2 (0ms)
		AwakeInstancesAfterBackupRestoration (11ms)
Launched and connected shader compiler UnityShaderCompiler.exe after 0.02 seconds
Refreshing native plugins compatible for Editor in 6.21 ms, found 4 plugins.
Preloading 0 native plugins for Editor in 0.00 ms.
Unloading 14 Unused Serialized files (Serialized files now loaded: 0)
Unloading 6808 unused Assets / (4.6 MB). Loaded Objects now: 7510.
Memory consumption went from 151.2 MB to 146.5 MB.
Total: 15.767000 ms (FindLiveObjects: 0.975400 ms CreateObjectMapping: 2.137200 ms MarkObjects: 8.334900 ms  DeleteObjects: 4.317800 ms)

========================================================================
Received Import Request.
  Time since last request: 184257.506358 seconds.
  path: Assets/MyAssets/Prefabs/Material/ToonMaterial.mat
  artifactKey: Guid(fbf26796db1d2764aafe61179e8cc76f) Importer(815301076,1909f56bfc062723c751e8b465ee728b)
Start importing Assets/MyAssets/Prefabs/Material/ToonMaterial.mat using Guid(fbf26796db1d2764aafe61179e8cc76f) Importer(815301076,1909f56bfc062723c751e8b465ee728b) (PreviewImporter) -> (artifact id: '1aa485db70f48db6348ac4d0a002567c') in 5.4559625 seconds
Number of updated asset objects reloaded before import = 1Number of asset objects unloaded after import = 2

========================================================================
Received Import Request.
  Time since last request: 439.024838 seconds.
  path: Assets/MyAssets/Prefabs/Material/ToonMaterial.mat
  artifactKey: Guid(fbf26796db1d2764aafe61179e8cc76f) Importer(815301076,1909f56bfc062723c751e8b465ee728b)
Start importing Assets/MyAssets/Prefabs/Material/ToonMaterial.mat using Guid(fbf26796db1d2764aafe61179e8cc76f) Importer(815301076,1909f56bfc062723c751e8b465ee728b) (PreviewImporter) -> (artifact id: '9e8924c283aa8433dd1e93da769b27a5') in 5.9597531 seconds
Number of updated asset objects reloaded before import = 1Number of asset objects unloaded after import = 2

========================================================================
Received Import Request.
  Time since last request: 494.759862 seconds.
  path: Assets/MyAssets/Prefabs/Material/ToonMaterial.mat
  artifactKey: Guid(fbf26796db1d2764aafe61179e8cc76f) Importer(815301076,1909f56bfc062723c751e8b465ee728b)
Start importing Assets/MyAssets/Prefabs/Material/ToonMaterial.mat using Guid(fbf26796db1d2764aafe61179e8cc76f) Importer(815301076,1909f56bfc062723c751e8b465ee728b) (PreviewImporter) -> (artifact id: '7ceab1aa3dcf2de83256577b3d5a9118') in 4.3569627 seconds
Number of updated asset objects reloaded before import = 1Number of asset objects unloaded after import = 2

========================================================================
Received Import Request.
  Time since last request: 221.478340 seconds.
  path: Assets/MyAssets/Prefabs/Material/ToonMaterial.mat
  artifactKey: Guid(fbf26796db1d2764aafe61179e8cc76f) Importer(815301076,1909f56bfc062723c751e8b465ee728b)
Start importing Assets/MyAssets/Prefabs/Material/ToonMaterial.mat using Guid(fbf26796db1d2764aafe61179e8cc76f) Importer(815301076,1909f56bfc062723c751e8b465ee728b) (PreviewImporter) -> (artifact id: 'ffcaf011d22d6edb9f740ca13d3a0e6c') in 4.1505349 seconds
Number of updated asset objects reloaded before import = 1Number of asset objects unloaded after import = 2

========================================================================
Received Import Request.
  Time since last request: 195.899533 seconds.
  path: Assets/MyAssets/Prefabs/Material/ToonMaterial.mat
  artifactKey: Guid(fbf26796db1d2764aafe61179e8cc76f) Importer(815301076,1909f56bfc062723c751e8b465ee728b)
Start importing Assets/MyAssets/Prefabs/Material/ToonMaterial.mat using Guid(fbf26796db1d2764aafe61179e8cc76f) Importer(815301076,1909f56bfc062723c751e8b465ee728b) (PreviewImporter) -> (artifact id: '16365ae7aafd31661561f0683e77f973') in 5.7485068 seconds
Number of updated asset objects reloaded before import = 1Number of asset objects unloaded after import = 2

========================================================================
Received Import Request.
  Time since last request: 10.705076 seconds.
  path: Assets/MyAssets/Prefabs/Material/ToonMaterial.mat
  artifactKey: Guid(fbf26796db1d2764aafe61179e8cc76f) Importer(815301076,1909f56bfc062723c751e8b465ee728b)
Start importing Assets/MyAssets/Prefabs/Material/ToonMaterial.mat using Guid(fbf26796db1d2764aafe61179e8cc76f) Importer(815301076,1909f56bfc062723c751e8b465ee728b) (PreviewImporter) -> (artifact id: '7831acfad3563d0263cc11a64bbfe6c0') in 5.5108827 seconds
Number of updated asset objects reloaded before import = 1Number of asset objects unloaded after import = 2

========================================================================
Received Import Request.
  Time since last request: 22.314875 seconds.
  path: Assets/MyAssets/Prefabs/Material/ToonMaterial 2.mat
  artifactKey: Guid(a2f9bacfeff1cc6438f00d595549c130) Importer(815301076,1909f56bfc062723c751e8b465ee728b)
Start importing Assets/MyAssets/Prefabs/Material/ToonMaterial 2.mat using Guid(a2f9bacfeff1cc6438f00d595549c130) Importer(815301076,1909f56bfc062723c751e8b465ee728b) (PreviewImporter) -> (artifact id: '9d7b4a4e23fa9d8145be171848ac5782') in 0.0182771 seconds
Number of updated asset objects reloaded before import = 0Number of asset objects unloaded after import = 2

========================================================================
Received Import Request.
  Time since last request: 2.146462 seconds.
  path: Assets/Fantasy Forest Environment Free Sample/Textures/bark01_bottom.tga
  artifactKey: Guid(4e44992d8a199a546aeaaa6ebc63b91a) Importer(815301076,1909f56bfc062723c751e8b465ee728b)
Start importing Assets/Fantasy Forest Environment Free Sample/Textures/bark01_bottom.tga using Guid(4e44992d8a199a546aeaaa6ebc63b91a) Importer(815301076,1909f56bfc062723c751e8b465ee728b) (PreviewImporter) -> (artifact id: '918f02431ef7b880cb8fa4fb81f42351') in 0.0295179 seconds
Number of updated asset objects reloaded before import = 0Number of asset objects unloaded after import = 2

========================================================================
Received Import Request.
  Time since last request: 0.000029 seconds.
  path: Assets/Fantasy Forest Environment Free Sample/Textures/grassmesh.png
  artifactKey: Guid(4e364662e65fd2d4a995a4efe45af277) Importer(815301076,1909f56bfc062723c751e8b465ee728b)
Start importing Assets/Fantasy Forest Environment Free Sample/Textures/grassmesh.png using Guid(4e364662e65fd2d4a995a4efe45af277) Importer(815301076,1909f56bfc062723c751e8b465ee728b) (PreviewImporter) -> (artifact id: 'b8d96dea7305c124baa3dcf0a4ec53e9') in 0.0106836 seconds
Number of updated asset objects reloaded before import = 0Number of asset objects unloaded after import = 2

========================================================================
Received Import Request.
  Time since last request: 0.000037 seconds.
  path: Assets/Fantasy Forest Environment Free Sample/Textures/grass01_b.tga
  artifactKey: Guid(b69992f31e7145e4ba49aa8118c5541c) Importer(815301076,1909f56bfc062723c751e8b465ee728b)
Start importing Assets/Fantasy Forest Environment Free Sample/Textures/grass01_b.tga using Guid(b69992f31e7145e4ba49aa8118c5541c) Importer(815301076,1909f56bfc062723c751e8b465ee728b) (PreviewImporter) -> (artifact id: '71ae6809b31bbe9113460f3963aaa0b0') in 0.0145056 seconds
Number of updated asset objects reloaded before import = 0Number of asset objects unloaded after import = 2

========================================================================
Received Import Request.
  Time since last request: 0.488729 seconds.
  path: Assets/Polytope Studio/Lowpoly_Demos/Environment_Free/Helpers/Terrain/TerrainData_445999c2-5240-4b5c-9394-4cacb62d7eec.asset
  artifactKey: Guid(1587ce82db2499e4185b7701bf0d532b) Importer(815301076,1909f56bfc062723c751e8b465ee728b)
Start importing Assets/Polytope Studio/Lowpoly_Demos/Environment_Free/Helpers/Terrain/TerrainData_445999c2-5240-4b5c-9394-4cacb62d7eec.asset using Guid(1587ce82db2499e4185b7701bf0d532b) Importer(815301076,1909f56bfc062723c751e8b465ee728b) (PreviewImporter) -> (artifact id: '7b0b02f1a094e4e95c2d832cd6155e4a') in 0.0329476 seconds
Number of updated asset objects reloaded before import = 0Number of asset objects unloaded after import = 24

========================================================================
Received Import Request.
  Time since last request: 0.000028 seconds.
  path: Assets/Polytope Studio/Lowpoly_Demos/Environment_Free/Helpers/Terrain/TerrainData_d3c37e8d-6092-48f4-b81e-93b97326e4d2.asset
  artifactKey: Guid(dbe8ee5abb1344a4e8a8b80348f13db8) Importer(815301076,1909f56bfc062723c751e8b465ee728b)
Start importing Assets/Polytope Studio/Lowpoly_Demos/Environment_Free/Helpers/Terrain/TerrainData_d3c37e8d-6092-48f4-b81e-93b97326e4d2.asset using Guid(dbe8ee5abb1344a4e8a8b80348f13db8) Importer(815301076,1909f56bfc062723c751e8b465ee728b) (PreviewImporter) -> (artifact id: 'b4b7188a8e670bec7741682bb0bd5a84') in 0.0234333 seconds
Number of updated asset objects reloaded before import = 0Number of asset objects unloaded after import = 24

========================================================================
Received Import Request.
  Time since last request: 0.000027 seconds.
  path: Assets/Polytope Studio/Lowpoly_Demos/Environment_Free/Helpers/Terrain/New Terrain.asset
  artifactKey: Guid(e0829138c40f356458f259edb063d67a) Importer(815301076,1909f56bfc062723c751e8b465ee728b)
Start importing Assets/Polytope Studio/Lowpoly_Demos/Environment_Free/Helpers/Terrain/New Terrain.asset using Guid(e0829138c40f356458f259edb063d67a) Importer(815301076,1909f56bfc062723c751e8b465ee728b) (PreviewImporter)The tree PT_Pine_Tree_03_stump must use the Nature/Soft Occlusion shader. Otherwise billboarding/lighting will not work correctly.
The tree PT_Fruit_Tree_01_logs must use the Nature/Soft Occlusion shader. Otherwise billboarding/lighting will not work correctly.
 -> (artifact id: '0aad8346fb30bbf027d6e8bb38944104') in 0.1085089 seconds
Number of updated asset objects reloaded before import = 0Number of asset objects unloaded after import = 310

========================================================================
Received Import Request.
  Time since last request: 0.000057 seconds.
  path: Assets/Polytope Studio/Lowpoly_Demos/Environment_Free/Helpers/Terrain/TerrainData_c82c1fc5-a7ad-4f88-a7ff-c071a4dae8e5.asset
  artifactKey: Guid(d9f3564d21751d046890366f3fc55400) Importer(815301076,1909f56bfc062723c751e8b465ee728b)
Start importing Assets/Polytope Studio/Lowpoly_Demos/Environment_Free/Helpers/Terrain/TerrainData_c82c1fc5-a7ad-4f88-a7ff-c071a4dae8e5.asset using Guid(d9f3564d21751d046890366f3fc55400) Importer(815301076,1909f56bfc062723c751e8b465ee728b) (PreviewImporter) -> (artifact id: '604f4eeb757808fd186812a765e56436') in 0.0230641 seconds
Number of updated asset objects reloaded before import = 0Number of asset objects unloaded after import = 24

========================================================================
Received Import Request.
  Time since last request: 0.453195 seconds.
  path: Assets/RPGPP_LT/Textures/rpgpp_lt_tex_a.tga
  artifactKey: Guid(0bb174f69c9851a48b09bf7d8180c39e) Importer(815301076,1909f56bfc062723c751e8b465ee728b)
Start importing Assets/RPGPP_LT/Textures/rpgpp_lt_tex_a.tga using Guid(0bb174f69c9851a48b09bf7d8180c39e) Importer(815301076,1909f56bfc062723c751e8b465ee728b) (PreviewImporter) -> (artifact id: 'fe7d591c60e4cbedb966d4d3552afb59') in 0.0106581 seconds
Number of updated asset objects reloaded before import = 0Number of asset objects unloaded after import = 2

========================================================================
Received Import Request.
  Time since last request: 0.000033 seconds.
  path: Assets/Fantasy Forest Environment Free Sample/Scenes/New Terrain.asset
  artifactKey: Guid(02bc0e2176f6a4e4ea3faf0c622664cf) Importer(815301076,1909f56bfc062723c751e8b465ee728b)
Start importing Assets/Fantasy Forest Environment Free Sample/Scenes/New Terrain.asset using Guid(02bc0e2176f6a4e4ea3faf0c622664cf) Importer(815301076,1909f56bfc062723c751e8b465ee728b) (PreviewImporter) -> (artifact id: '13a11586b5262e363b3d44770cb854b3') in 0.0575726 seconds
Number of updated asset objects reloaded before import = 0Number of asset objects unloaded after import = 39

========================================================================
Received Import Request.
  Time since last request: 0.000054 seconds.
  path: Assets/RPGPP_LT/Scene/rpgpp_lt_scene_1.0/ReflectionProbe-0.exr
  artifactKey: Guid(050172861be357f4cb845f57de84c36a) Importer(815301076,1909f56bfc062723c751e8b465ee728b)
Start importing Assets/RPGPP_LT/Scene/rpgpp_lt_scene_1.0/ReflectionProbe-0.exr using Guid(050172861be357f4cb845f57de84c36a) Importer(815301076,1909f56bfc062723c751e8b465ee728b) (PreviewImporter) -> (artifact id: '5702459b8ff49122e0ba6b8bcb594f95') in 0.0237755 seconds
Number of updated asset objects reloaded before import = 0Number of asset objects unloaded after import = 1

========================================================================
Received Import Request.
  Time since last request: 0.000040 seconds.
  path: Assets/Polytope Studio/Lowpoly_Village/Sources/Textures/PT_Medieval_Buildings_Texture_01.png
  artifactKey: Guid(34892be16c52f1948b4b5666052d6bf5) Importer(815301076,1909f56bfc062723c751e8b465ee728b)
Start importing Assets/Polytope Studio/Lowpoly_Village/Sources/Textures/PT_Medieval_Buildings_Texture_01.png using Guid(34892be16c52f1948b4b5666052d6bf5) Importer(815301076,1909f56bfc062723c751e8b465ee728b) (PreviewImporter) -> (artifact id: '04ff273e1fd3cb782ebc4d0894093ae9') in 0.0098714 seconds
Number of updated asset objects reloaded before import = 0Number of asset objects unloaded after import = 2

========================================================================
Received Import Request.
  Time since last request: 0.000034 seconds.
  path: Assets/RPGPP_LT/Textures/rpgpp_lt_sky_a.tga
  artifactKey: Guid(5c4fa0e44769f8f46a06d96031e56a4e) Importer(815301076,1909f56bfc062723c751e8b465ee728b)
Start importing Assets/RPGPP_LT/Textures/rpgpp_lt_sky_a.tga using Guid(5c4fa0e44769f8f46a06d96031e56a4e) Importer(815301076,1909f56bfc062723c751e8b465ee728b) (PreviewImporter) -> (artifact id: '63339134bbae6a1d6bab173b15654aad') in 0.0095083 seconds
Number of updated asset objects reloaded before import = 0Number of asset objects unloaded after import = 2

========================================================================
Received Import Request.
  Time since last request: 0.000046 seconds.
  path: Assets/Polytope Studio/Lowpoly_Village/Sources/Textures/PT_texture.tga
  artifactKey: Guid(16357eda3fc18dd459a8218b92769643) Importer(815301076,1909f56bfc062723c751e8b465ee728b)
Start importing Assets/Polytope Studio/Lowpoly_Village/Sources/Textures/PT_texture.tga using Guid(16357eda3fc18dd459a8218b92769643) Importer(815301076,1909f56bfc062723c751e8b465ee728b) (PreviewImporter) -> (artifact id: 'b6a05c59d809a2d2ad380f62f10d35de') in 0.0105643 seconds
Number of updated asset objects reloaded before import = 0Number of asset objects unloaded after import = 2

========================================================================
Received Import Request.
  Time since last request: 0.619457 seconds.
  path: Assets/Stylized NPC - Peasant Nolant/Textures/Peasant Nolant Yellow.png
  artifactKey: Guid(cd4d946f45eea7e409da2c45885aafad) Importer(815301076,1909f56bfc062723c751e8b465ee728b)
Start importing Assets/Stylized NPC - Peasant Nolant/Textures/Peasant Nolant Yellow.png using Guid(cd4d946f45eea7e409da2c45885aafad) Importer(815301076,1909f56bfc062723c751e8b465ee728b) (PreviewImporter) -> (artifact id: '1bb5a1481a848809db7c011c3fc51a0d') in 0.0185553 seconds
Number of updated asset objects reloaded before import = 0Number of asset objects unloaded after import = 2

========================================================================
Received Import Request.
  Time since last request: 0.000029 seconds.
  path: Assets/EEJANAI_Team/FreeSwordAnimations/Models/SwordSample/Normal_Bake.png
  artifactKey: Guid(cbf7e934928afc8448b87c7dd86ae747) Importer(815301076,1909f56bfc062723c751e8b465ee728b)
Start importing Assets/EEJANAI_Team/FreeSwordAnimations/Models/SwordSample/Normal_Bake.png using Guid(cbf7e934928afc8448b87c7dd86ae747) Importer(815301076,1909f56bfc062723c751e8b465ee728b) (PreviewImporter) -> (artifact id: '73be0c75633142822b412a399ee0428f') in 0.0154975 seconds
Number of updated asset objects reloaded before import = 0Number of asset objects unloaded after import = 2

========================================================================
Received Import Request.
  Time since last request: 0.000042 seconds.
  path: Assets/Kevin Iglesias/Human Character Dummy/Textures/HumanCharacterDummy_ColorPalette.png
  artifactKey: Guid(7bb2015627426e34f80ef3235d97c0b4) Importer(815301076,1909f56bfc062723c751e8b465ee728b)
Start importing Assets/Kevin Iglesias/Human Character Dummy/Textures/HumanCharacterDummy_ColorPalette.png using Guid(7bb2015627426e34f80ef3235d97c0b4) Importer(815301076,1909f56bfc062723c751e8b465ee728b) (PreviewImporter) -> (artifact id: 'd20e57637f169fd98b4ec8cc0af040f0') in 0.0110972 seconds
Number of updated asset objects reloaded before import = 0Number of asset objects unloaded after import = 2

========================================================================
Received Import Request.
  Time since last request: 0.000024 seconds.
  path: Assets/DoubleL/Model/Grid_01_BaseMap.png
  artifactKey: Guid(aabc9b201e428084cbafce795c5ba85e) Importer(815301076,1909f56bfc062723c751e8b465ee728b)
Start importing Assets/DoubleL/Model/Grid_01_BaseMap.png using Guid(aabc9b201e428084cbafce795c5ba85e) Importer(815301076,1909f56bfc062723c751e8b465ee728b) (PreviewImporter) -> (artifact id: '1a0de27539b896e7406662756b477e92') in 0.0149825 seconds
Number of updated asset objects reloaded before import = 0Number of asset objects unloaded after import = 2

========================================================================
Received Import Request.
  Time since last request: 0.000027 seconds.
  path: Assets/Stylized NPC - Peasant Nolant/Textures/Peasant Nolant Brown.png
  artifactKey: Guid(0c6db0d88664c7847a854ccc20f8dffd) Importer(815301076,1909f56bfc062723c751e8b465ee728b)
Start importing Assets/Stylized NPC - Peasant Nolant/Textures/Peasant Nolant Brown.png using Guid(0c6db0d88664c7847a854ccc20f8dffd) Importer(815301076,1909f56bfc062723c751e8b465ee728b) (PreviewImporter) -> (artifact id: '6cdc36fc5594e3133d3f075533d6d429') in 0.0160829 seconds
Number of updated asset objects reloaded before import = 0Number of asset objects unloaded after import = 2

========================================================================
Received Import Request.
  Time since last request: 2.975023 seconds.
  path: Assets/Fantasy Forest Environment Free Sample/Materials/bark01_bottom.mat
  artifactKey: Guid(7e56b6e37c078ed47b6d0e9d9249ea9f) Importer(815301076,1909f56bfc062723c751e8b465ee728b)
Start importing Assets/Fantasy Forest Environment Free Sample/Materials/bark01_bottom.mat using Guid(7e56b6e37c078ed47b6d0e9d9249ea9f) Importer(815301076,1909f56bfc062723c751e8b465ee728b) (PreviewImporter) -> (artifact id: '5d53b417b31c8420a6cd03b3f61bc563') in 0.045723 seconds
Number of updated asset objects reloaded before import = 0Number of asset objects unloaded after import = 2

========================================================================
Received Import Request.
  Time since last request: 0.000025 seconds.
  path: Assets/Fantasy Forest Environment Free Sample/Materials/skyMaterial.mat
  artifactKey: Guid(cb20c710b0721ef4d88cabbec2aa4da7) Importer(815301076,1909f56bfc062723c751e8b465ee728b)
Start importing Assets/Fantasy Forest Environment Free Sample/Materials/skyMaterial.mat using Guid(cb20c710b0721ef4d88cabbec2aa4da7) Importer(815301076,1909f56bfc062723c751e8b465ee728b) (PreviewImporter) -> (artifact id: '4d668509a83399beab4731d16fdb0a29') in 0.0965802 seconds
Number of updated asset objects reloaded before import = 0Number of asset objects unloaded after import = 1

========================================================================
Received Import Request.
  Time since last request: 0.000047 seconds.
  path: Assets/Fantasy Forest Environment Free Sample/Materials/tree_branches.mat
  artifactKey: Guid(16a185093c7e02d40a49265c23c74417) Importer(815301076,1909f56bfc062723c751e8b465ee728b)
Start importing Assets/Fantasy Forest Environment Free Sample/Materials/tree_branches.mat using Guid(16a185093c7e02d40a49265c23c74417) Importer(815301076,1909f56bfc062723c751e8b465ee728b) (PreviewImporter) -> (artifact id: 'dae256fd21ad97f74a4f209193e1640e') in 0.014889 seconds
Number of updated asset objects reloaded before import = 0Number of asset objects unloaded after import = 2

========================================================================
Received Import Request.
  Time since last request: 0.000025 seconds.
  path: Assets/Fantasy Forest Environment Free Sample/Materials/grass01.mat
  artifactKey: Guid(40e69315dc8bd0b45be8bf7143248fba) Importer(815301076,1909f56bfc062723c751e8b465ee728b)
Start importing Assets/Fantasy Forest Environment Free Sample/Materials/grass01.mat using Guid(40e69315dc8bd0b45be8bf7143248fba) Importer(815301076,1909f56bfc062723c751e8b465ee728b) (PreviewImporter) -> (artifact id: 'd7a663b5628678973accfb12d6da4986') in 3.2306095 seconds
Number of updated asset objects reloaded before import = 0Number of asset objects unloaded after import = 3

========================================================================
Received Import Request.
  Time since last request: 163.233645 seconds.
  path: Assets/MyAssets/Prefabs/Material
  artifactKey: Guid(3b0c7bf6e89173643b598c5436b5035b) Importer(815301076,1909f56bfc062723c751e8b465ee728b)
Start importing Assets/MyAssets/Prefabs/Material using Guid(3b0c7bf6e89173643b598c5436b5035b) Importer(815301076,1909f56bfc062723c751e8b465ee728b) (PreviewImporter) -> (artifact id: 'e8150f5d8183464ff69a920d50c38405') in 0.0011706 seconds
Number of updated asset objects reloaded before import = 0Number of asset objects unloaded after import = 0

========================================================================
Received Import Request.
  Time since last request: 3.044564 seconds.
  path: Assets/MyAssets/Shaders/Toon/ToonOutlineForwardPass.hlsl
  artifactKey: Guid(7c493153806ec9b41992edc237c66b7d) Importer(2089858483,192608db42251d675da83286b1cce702)
Start importing Assets/MyAssets/Shaders/Toon/ToonOutlineForwardPass.hlsl using Guid(7c493153806ec9b41992edc237c66b7d) Importer(2089858483,192608db42251d675da83286b1cce702) (ScriptedImporter) -> (artifact id: '835daa3f2187bdc3a2d52593df2b8f7b') in 0.2432957 seconds
Number of updated asset objects reloaded before import = 0Number of asset objects unloaded after import = 1

========================================================================
Received Import Request.
  Time since last request: 0.000027 seconds.
  path: Assets/MyAssets/Shaders/Toon/ToonOutlineFeature.cs
  artifactKey: Guid(76a7a3dd20a9c5540a66c25aa2c3d981) Importer(2089858483,192608db42251d675da83286b1cce702)
Start importing Assets/MyAssets/Shaders/Toon/ToonOutlineFeature.cs using Guid(76a7a3dd20a9c5540a66c25aa2c3d981) Importer(2089858483,192608db42251d675da83286b1cce702) (ScriptedImporter) -> (artifact id: '1a5185b340f501db553ca906f330b274') in 0.0338434 seconds
Number of updated asset objects reloaded before import = 0Number of asset objects unloaded after import = 0

========================================================================
Received Import Request.
  Time since last request: 0.000046 seconds.
  path: Assets/Scenes/SampleScene.unity
  artifactKey: Guid(99c9720ab356a0642a771bea13969a05) Importer(2089858483,192608db42251d675da83286b1cce702)
Start importing Assets/Scenes/SampleScene.unity using Guid(99c9720ab356a0642a771bea13969a05) Importer(2089858483,192608db42251d675da83286b1cce702) (ScriptedImporter) -> (artifact id: 'bb32fa832035dd6f675d5485d4ca8597') in 0.0797637 seconds
Number of updated asset objects reloaded before import = 0Number of asset objects unloaded after import = 1

========================================================================
Received Import Request.
  Time since last request: 0.000041 seconds.
  path: Assets/MyAssets/Shaders/Toon/ToonOutlinePostPass.hlsl
  artifactKey: Guid(dd01f2b7805fe1a488807afc6e763932) Importer(2089858483,192608db42251d675da83286b1cce702)
Start importing Assets/MyAssets/Shaders/Toon/ToonOutlinePostPass.hlsl using Guid(dd01f2b7805fe1a488807afc6e763932) Importer(2089858483,192608db42251d675da83286b1cce702) (ScriptedImporter) -> (artifact id: '879e6613d277762404d6ebf93f63f89e') in 0.0058922 seconds
Number of updated asset objects reloaded before import = 0Number of asset objects unloaded after import = 1

========================================================================
Received Import Request.
  Time since last request: 0.000036 seconds.
  path: Assets/MyAssets/Scripts/Gameplay/Animation/JumpBehaviour.cs
  artifactKey: Guid(28c597c6d817dda4e851e3b8e66f7f48) Importer(2089858483,192608db42251d675da83286b1cce702)
Start importing Assets/MyAssets/Scripts/Gameplay/Animation/JumpBehaviour.cs using Guid(28c597c6d817dda4e851e3b8e66f7f48) Importer(2089858483,192608db42251d675da83286b1cce702) (ScriptedImporter) -> (artifact id: '1484a3641a7f6dc4c16e423e536401de') in 0.0085664 seconds
Number of updated asset objects reloaded before import = 0Number of asset objects unloaded after import = 0

========================================================================
Received Import Request.
  Time since last request: 6.424779 seconds.
  path: Assets/MyAssets/Prefabs/Material/Toom2.mat
  artifactKey: Guid(fb35de5fc240e84448304cacb448597c) Importer(815301076,1909f56bfc062723c751e8b465ee728b)
Start importing Assets/MyAssets/Prefabs/Material/Toom2.mat using Guid(fb35de5fc240e84448304cacb448597c) Importer(815301076,1909f56bfc062723c751e8b465ee728b) (PreviewImporter) -> (artifact id: '8358d9f3cac6e048ed7e0460a79bdee5') in 0.0218676 seconds
Number of updated asset objects reloaded before import = 0Number of asset objects unloaded after import = 1

========================================================================
Received Import Request.
  Time since last request: 0.863495 seconds.
  path: Assets/MyAssets/Prefabs/Material/Toom2.mat
  artifactKey: Guid(fb35de5fc240e84448304cacb448597c) Importer(2089858483,192608db42251d675da83286b1cce702)
Start importing Assets/MyAssets/Prefabs/Material/Toom2.mat using Guid(fb35de5fc240e84448304cacb448597c) Importer(2089858483,192608db42251d675da83286b1cce702) (ScriptedImporter) -> (artifact id: '0a8414dcf5194bd6f63f5205a1ce037a') in 0.0291565 seconds
Number of updated asset objects reloaded before import = 0Number of asset objects unloaded after import = 1

========================================================================
Received Import Request.
  Time since last request: 26.435293 seconds.
  path: Assets/MyAssets/Prefabs/Material/Toom2.mat
  artifactKey: Guid(fb35de5fc240e84448304cacb448597c) Importer(815301076,1909f56bfc062723c751e8b465ee728b)
Start importing Assets/MyAssets/Prefabs/Material/Toom2.mat using Guid(fb35de5fc240e84448304cacb448597c) Importer(815301076,1909f56bfc062723c751e8b465ee728b) (PreviewImporter) -> (artifact id: 'c0b3ce492068412582e148cea9ab0c16') in 4.6434632 seconds
Number of updated asset objects reloaded before import = 0Number of asset objects unloaded after import = 1

========================================================================
Received Import Request.
  Time since last request: 78.798192 seconds.
  path: Assets/MyAssets/Prefabs/Material/Toom2.mat
  artifactKey: Guid(fb35de5fc240e84448304cacb448597c) Importer(815301076,1909f56bfc062723c751e8b465ee728b)
Start importing Assets/MyAssets/Prefabs/Material/Toom2.mat using Guid(fb35de5fc240e84448304cacb448597c) Importer(815301076,1909f56bfc062723c751e8b465ee728b) (PreviewImporter) -> (artifact id: '04848e590d3d967f92411428a4560dd5') in 5.8720507 seconds
Number of updated asset objects reloaded before import = 1Number of asset objects unloaded after import = 1

========================================================================
Received Import Request.
  Time since last request: 0.000036 seconds.
  path: Assets/MyAssets/Shaders/Toon/ToonForwardPass.hlsl
  artifactKey: Guid(2d83499cb0f460d4db3617de02c1f48c) Importer(2089858483,192608db42251d675da83286b1cce702)
Start importing Assets/MyAssets/Shaders/Toon/ToonForwardPass.hlsl using Guid(2d83499cb0f460d4db3617de02c1f48c) Importer(2089858483,192608db42251d675da83286b1cce702) (ScriptedImporter) -> (artifact id: 'e0adb4dadd7f9b68cbe0ebd9752674f1') in 0.0073336 seconds
Number of updated asset objects reloaded before import = 0Number of asset objects unloaded after import = 1

========================================================================
Received Import Request.
  Time since last request: 46.877606 seconds.
  path: Assets/MyAssets/Prefabs/Material/Toom2.mat
  artifactKey: Guid(fb35de5fc240e84448304cacb448597c) Importer(815301076,1909f56bfc062723c751e8b465ee728b)
Start importing Assets/MyAssets/Prefabs/Material/Toom2.mat using Guid(fb35de5fc240e84448304cacb448597c) Importer(815301076,1909f56bfc062723c751e8b465ee728b) (PreviewImporter) -> (artifact id: '4e89655865891c5eb2d09e49eae16544') in 0.41237 seconds
Number of updated asset objects reloaded before import = 0Number of asset objects unloaded after import = 1

========================================================================
Received Import Request.
  Time since last request: 0.488182 seconds.
  path: Assets/MyAssets/Prefabs/Material/Toom2.mat
  artifactKey: Guid(fb35de5fc240e84448304cacb448597c) Importer(2089858483,192608db42251d675da83286b1cce702)
Start importing Assets/MyAssets/Prefabs/Material/Toom2.mat using Guid(fb35de5fc240e84448304cacb448597c) Importer(2089858483,192608db42251d675da83286b1cce702) (ScriptedImporter) -> (artifact id: '30e5ef5ce9536c0789d697dcf2c16e5b') in 0.0121064 seconds
Number of updated asset objects reloaded before import = 0Number of asset objects unloaded after import = 1

========================================================================
Received Import Request.
  Time since last request: 894.991251 seconds.
  path: Assets/MyAssets/Prefabs/Material/Toom2.mat
  artifactKey: Guid(fb35de5fc240e84448304cacb448597c) Importer(815301076,1909f56bfc062723c751e8b465ee728b)
Start importing Assets/MyAssets/Prefabs/Material/Toom2.mat using Guid(fb35de5fc240e84448304cacb448597c) Importer(815301076,1909f56bfc062723c751e8b465ee728b) (PreviewImporter)Shader error in 'Custom/ToonShader': undeclared identifier '_LightThreshold0' at Assets/MyAssets/Shaders/Toon/ToonShader.shader(53) (on d3d11)

Compiling Subshader: 0, Pass: ShadowCaster, Vertex program with INSTANCING_ON SHADOWS_DEPTH _CULL_BACK _Toon
Platform defines: SHADER_API_DESKTOP UNITY_ENABLE_DETAIL_NORMALMAP UNITY_ENABLE_REFLECTION_BUFFERS UNITY_LIGHTMAP_FULL_HDR UNITY_LIGHT_PROBE_PROXY_VOLUME UNITY_PASS_SHADOWCASTER UNITY_PBS_USE_BRDF1 UNITY_PLATFORM_SUPPORTS_DEPTH_FETCH UNITY_SPECCUBE_BLENDING UNITY_SPECCUBE_BOX_PROJECTION UNITY_USE_DITHER_MASK_FOR_ALPHABLENDED_SHADOWS
Disabled keywords: SHADER_API_GLES30 SHADER_API_GLES31 SHADER_API_GLES32 SHADOWS_CUBE UNITY_ASTC_NORMALMAP_ENCODING UNITY_COLORSPACE_GAMMA UNITY_FRAMEBUFFER_FETCH_AVAILABLE UNITY_HARDWARE_TIER1 UNITY_HARDWARE_TIER2 UNITY_HARDWARE_TIER3 UNITY_LIGHTMAP_DLDR_ENCODING UNITY_LIGHTMAP_RGBM_ENCODING UNITY_METAL_SHADOWS_USE_POINT_FILTERING UNITY_NO_DXT5nm UNITY_NO_SCREENSPACE_SHADOWS UNITY_PBS_USE_BRDF2 UNITY_PBS_USE_BRDF3 UNITY_PRETRANSFORM_TO_DISPLAY_ORIENTATION UNITY_UNIFIED_SHADER_PRECISION_MODEL UNITY_VIRTUAL_TEXTURING _CULL_FRONT _CULL_OFF
Shader error in 'Custom/ToonShader': undeclared identifier '_LightThreshold0' at Assets/MyAssets/Shaders/Toon/ToonShader.shader(53) (on d3d11)

Compiling Subshader: 0, Pass: ShadowCaster, Vertex program with INSTANCING_ON SHADOWS_DEPTH _CULL_BACK _Toon
Platform defines: SHADER_API_DESKTOP UNITY_ENABLE_DETAIL_NORMALMAP UNITY_ENABLE_REFLECTION_BUFFERS UNITY_LIGHTMAP_FULL_HDR UNITY_LIGHT_PROBE_PROXY_VOLUME UNITY_PASS_SHADOWCASTER UNITY_PBS_USE_BRDF1 UNITY_PLATFORM_SUPPORTS_DEPTH_FETCH UNITY_SPECCUBE_BLENDING UNITY_SPECCUBE_BOX_PROJECTION UNITY_USE_DITHER_MASK_FOR_ALPHABLENDED_SHADOWS
Disabled keywords: SHADER_API_GLES30 SHADER_API_GLES31 SHADER_API_GLES32 SHADOWS_CUBE UNITY_ASTC_NORMALMAP_ENCODING UNITY_COLORSPACE_GAMMA UNITY_FRAMEBUFFER_FETCH_AVAILABLE UNITY_HARDWARE_TIER1 UNITY_HARDWARE_TIER2 UNITY_HARDWARE_TIER3 UNITY_LIGHTMAP_DLDR_ENCODING UNITY_LIGHTMAP_RGBM_ENCODING UNITY_METAL_SHADOWS_USE_POINT_FILTERING UNITY_NO_DXT5nm UNITY_NO_SCREENSPACE_SHADOWS UNITY_PBS_USE_BRDF2 UNITY_PBS_USE_BRDF3 UNITY_PRETRANSFORM_TO_DISPLAY_ORIENTATION UNITY_UNIFIED_SHADER_PRECISION_MODEL UNITY_VIRTUAL_TEXTURING _CULL_FRONT _CULL_OFF
Shader error in 'Custom/ToonShader': undeclared identifier '_LightThreshold0' at Assets/MyAssets/Shaders/Toon/ToonShader.shader(53) (on d3d11)

Compiling Subshader: 0, Pass: ShadowCaster, Vertex program with INSTANCING_ON SHADOWS_DEPTH _CULL_BACK _Toon
Platform defines: SHADER_API_DESKTOP UNITY_ENABLE_DETAIL_NORMALMAP UNITY_ENABLE_REFLECTION_BUFFERS UNITY_LIGHTMAP_FULL_HDR UNITY_LIGHT_PROBE_PROXY_VOLUME UNITY_PASS_SHADOWCASTER UNITY_PBS_USE_BRDF1 UNITY_PLATFORM_SUPPORTS_DEPTH_FETCH UNITY_SPECCUBE_BLENDING UNITY_SPECCUBE_BOX_PROJECTION UNITY_USE_DITHER_MASK_FOR_ALPHABLENDED_SHADOWS
Disabled keywords: SHADER_API_GLES30 SHADER_API_GLES31 SHADER_API_GLES32 SHADOWS_CUBE UNITY_ASTC_NORMALMAP_ENCODING UNITY_COLORSPACE_GAMMA UNITY_FRAMEBUFFER_FETCH_AVAILABLE UNITY_HARDWARE_TIER1 UNITY_HARDWARE_TIER2 UNITY_HARDWARE_TIER3 UNITY_LIGHTMAP_DLDR_ENCODING UNITY_LIGHTMAP_RGBM_ENCODING UNITY_METAL_SHADOWS_USE_POINT_FILTERING UNITY_NO_DXT5nm UNITY_NO_SCREENSPACE_SHADOWS UNITY_PBS_USE_BRDF2 UNITY_PBS_USE_BRDF3 UNITY_PRETRANSFORM_TO_DISPLAY_ORIENTATION UNITY_UNIFIED_SHADER_PRECISION_MODEL UNITY_VIRTUAL_TEXTURING _CULL_FRONT _CULL_OFF
Shader error in 'Custom/ToonShader': undeclared identifier '_LightThreshold0' at Assets/MyAssets/Shaders/Toon/ToonShader.shader(53) (on d3d11)

Compiling Subshader: 0, Pass: ShadowCaster, Vertex program with INSTANCING_ON SHADOWS_DEPTH _CULL_BACK _Toon
Platform defines: SHADER_API_DESKTOP UNITY_ENABLE_DETAIL_NORMALMAP UNITY_ENABLE_REFLECTION_BUFFERS UNITY_LIGHTMAP_FULL_HDR UNITY_LIGHT_PROBE_PROXY_VOLUME UNITY_PASS_SHADOWCASTER UNITY_PBS_USE_BRDF1 UNITY_PLATFORM_SUPPORTS_DEPTH_FETCH UNITY_SPECCUBE_BLENDING UNITY_SPECCUBE_BOX_PROJECTION UNITY_USE_DITHER_MASK_FOR_ALPHABLENDED_SHADOWS
Disabled keywords: SHADER_API_GLES30 SHADER_API_GLES31 SHADER_API_GLES32 SHADOWS_CUBE UNITY_ASTC_NORMALMAP_ENCODING UNITY_COLORSPACE_GAMMA UNITY_FRAMEBUFFER_FETCH_AVAILABLE UNITY_HARDWARE_TIER1 UNITY_HARDWARE_TIER2 UNITY_HARDWARE_TIER3 UNITY_LIGHTMAP_DLDR_ENCODING UNITY_LIGHTMAP_RGBM_ENCODING UNITY_METAL_SHADOWS_USE_POINT_FILTERING UNITY_NO_DXT5nm UNITY_NO_SCREENSPACE_SHADOWS UNITY_PBS_USE_BRDF2 UNITY_PBS_USE_BRDF3 UNITY_PRETRANSFORM_TO_DISPLAY_ORIENTATION UNITY_UNIFIED_SHADER_PRECISION_MODEL UNITY_VIRTUAL_TEXTURING _CULL_FRONT _CULL_OFF
Shader error in 'Custom/ToonShader': undeclared identifier '_LightThreshold0' at Assets/MyAssets/Shaders/Toon/ToonShader.shader(53) (on d3d11)

Compiling Subshader: 0, Pass: ShadowCaster, Vertex program with INSTANCING_ON SHADOWS_DEPTH _CULL_BACK _Toon
Platform defines: SHADER_API_DESKTOP UNITY_ENABLE_DETAIL_NORMALMAP UNITY_ENABLE_REFLECTION_BUFFERS UNITY_LIGHTMAP_FULL_HDR UNITY_LIGHT_PROBE_PROXY_VOLUME UNITY_PASS_SHADOWCASTER UNITY_PBS_USE_BRDF1 UNITY_PLATFORM_SUPPORTS_DEPTH_FETCH UNITY_SPECCUBE_BLENDING UNITY_SPECCUBE_BOX_PROJECTION UNITY_USE_DITHER_MASK_FOR_ALPHABLENDED_SHADOWS
Disabled keywords: SHADER_API_GLES30 SHADER_API_GLES31 SHADER_API_GLES32 SHADOWS_CUBE UNITY_ASTC_NORMALMAP_ENCODING UNITY_COLORSPACE_GAMMA UNITY_FRAMEBUFFER_FETCH_AVAILABLE UNITY_HARDWARE_TIER1 UNITY_HARDWARE_TIER2 UNITY_HARDWARE_TIER3 UNITY_LIGHTMAP_DLDR_ENCODING UNITY_LIGHTMAP_RGBM_ENCODING UNITY_METAL_SHADOWS_USE_POINT_FILTERING UNITY_NO_DXT5nm UNITY_NO_SCREENSPACE_SHADOWS UNITY_PBS_USE_BRDF2 UNITY_PBS_USE_BRDF3 UNITY_PRETRANSFORM_TO_DISPLAY_ORIENTATION UNITY_UNIFIED_SHADER_PRECISION_MODEL UNITY_VIRTUAL_TEXTURING _CULL_FRONT _CULL_OFF
Shader error in 'Custom/ToonShader': undeclared identifier '_LightThreshold0' at Assets/MyAssets/Shaders/Toon/ToonShader.shader(53) (on d3d11)

Compiling Subshader: 0, Pass: ShadowCaster, Vertex program with INSTANCING_ON SHADOWS_DEPTH _CULL_BACK _Toon
Platform defines: SHADER_API_DESKTOP UNITY_ENABLE_DETAIL_NORMALMAP UNITY_ENABLE_REFLECTION_BUFFERS UNITY_LIGHTMAP_FULL_HDR UNITY_LIGHT_PROBE_PROXY_VOLUME UNITY_PASS_SHADOWCASTER UNITY_PBS_USE_BRDF1 UNITY_PLATFORM_SUPPORTS_DEPTH_FETCH UNITY_SPECCUBE_BLENDING UNITY_SPECCUBE_BOX_PROJECTION UNITY_USE_DITHER_MASK_FOR_ALPHABLENDED_SHADOWS
Disabled keywords: SHADER_API_GLES30 SHADER_API_GLES31 SHADER_API_GLES32 SHADOWS_CUBE UNITY_ASTC_NORMALMAP_ENCODING UNITY_COLORSPACE_GAMMA UNITY_FRAMEBUFFER_FETCH_AVAILABLE UNITY_HARDWARE_TIER1 UNITY_HARDWARE_TIER2 UNITY_HARDWARE_TIER3 UNITY_LIGHTMAP_DLDR_ENCODING UNITY_LIGHTMAP_RGBM_ENCODING UNITY_METAL_SHADOWS_USE_POINT_FILTERING UNITY_NO_DXT5nm UNITY_NO_SCREENSPACE_SHADOWS UNITY_PBS_USE_BRDF2 UNITY_PBS_USE_BRDF3 UNITY_PRETRANSFORM_TO_DISPLAY_ORIENTATION UNITY_UNIFIED_SHADER_PRECISION_MODEL UNITY_VIRTUAL_TEXTURING _CULL_FRONT _CULL_OFF
Shader error in 'Custom/ToonShader': undeclared identifier '_LightThreshold0' at Assets/MyAssets/Shaders/Toon/ToonShader.shader(53) (on d3d11)

Compiling Subshader: 0, Pass: ShadowCaster, Vertex program with INSTANCING_ON SHADOWS_DEPTH _CULL_BACK _Toon
Platform defines: SHADER_API_DESKTOP UNITY_ENABLE_DETAIL_NORMALMAP UNITY_ENABLE_REFLECTION_BUFFERS UNITY_LIGHTMAP_FULL_HDR UNITY_LIGHT_PROBE_PROXY_VOLUME UNITY_PASS_SHADOWCASTER UNITY_PBS_USE_BRDF1 UNITY_PLATFORM_SUPPORTS_DEPTH_FETCH UNITY_SPECCUBE_BLENDING UNITY_SPECCUBE_BOX_PROJECTION UNITY_USE_DITHER_MASK_FOR_ALPHABLENDED_SHADOWS
Disabled keywords: SHADER_API_GLES30 SHADER_API_GLES31 SHADER_API_GLES32 SHADOWS_CUBE UNITY_ASTC_NORMALMAP_ENCODING UNITY_COLORSPACE_GAMMA UNITY_FRAMEBUFFER_FETCH_AVAILABLE UNITY_HARDWARE_TIER1 UNITY_HARDWARE_TIER2 UNITY_HARDWARE_TIER3 UNITY_LIGHTMAP_DLDR_ENCODING UNITY_LIGHTMAP_RGBM_ENCODING UNITY_METAL_SHADOWS_USE_POINT_FILTERING UNITY_NO_DXT5nm UNITY_NO_SCREENSPACE_SHADOWS UNITY_PBS_USE_BRDF2 UNITY_PBS_USE_BRDF3 UNITY_PRETRANSFORM_TO_DISPLAY_ORIENTATION UNITY_UNIFIED_SHADER_PRECISION_MODEL UNITY_VIRTUAL_TEXTURING _CULL_FRONT _CULL_OFF
Shader error in 'Custom/ToonShader': undeclared identifier '_LightThreshold0' at Assets/MyAssets/Shaders/Toon/ToonShader.shader(53) (on d3d11)

Compiling Subshader: 0, Pass: ShadowCaster, Vertex program with INSTANCING_ON SHADOWS_DEPTH _CULL_BACK _Toon
Platform defines: SHADER_API_DESKTOP UNITY_ENABLE_DETAIL_NORMALMAP UNITY_ENABLE_REFLECTION_BUFFERS UNITY_LIGHTMAP_FULL_HDR UNITY_LIGHT_PROBE_PROXY_VOLUME UNITY_PASS_SHADOWCASTER UNITY_PBS_USE_BRDF1 UNITY_PLATFORM_SUPPORTS_DEPTH_FETCH UNITY_SPECCUBE_BLENDING UNITY_SPECCUBE_BOX_PROJECTION UNITY_USE_DITHER_MASK_FOR_ALPHABLENDED_SHADOWS
Disabled keywords: SHADER_API_GLES30 SHADER_API_GLES31 SHADER_API_GLES32 SHADOWS_CUBE UNITY_ASTC_NORMALMAP_ENCODING UNITY_COLORSPACE_GAMMA UNITY_FRAMEBUFFER_FETCH_AVAILABLE UNITY_HARDWARE_TIER1 UNITY_HARDWARE_TIER2 UNITY_HARDWARE_TIER3 UNITY_LIGHTMAP_DLDR_ENCODING UNITY_LIGHTMAP_RGBM_ENCODING UNITY_METAL_SHADOWS_USE_POINT_FILTERING UNITY_NO_DXT5nm UNITY_NO_SCREENSPACE_SHADOWS UNITY_PBS_USE_BRDF2 UNITY_PBS_USE_BRDF3 UNITY_PRETRANSFORM_TO_DISPLAY_ORIENTATION UNITY_UNIFIED_SHADER_PRECISION_MODEL UNITY_VIRTUAL_TEXTURING _CULL_FRONT _CULL_OFF
Shader error in 'Custom/ToonShader': undeclared identifier '_LightThreshold0' at Assets/MyAssets/Shaders/Toon/ToonShader.shader(53) (on d3d11)

Compiling Subshader: 0, Pass: ShadowCaster, Vertex program with INSTANCING_ON SHADOWS_DEPTH _CULL_BACK _Toon
Platform defines: SHADER_API_DESKTOP UNITY_ENABLE_DETAIL_NORMALMAP UNITY_ENABLE_REFLECTION_BUFFERS UNITY_LIGHTMAP_FULL_HDR UNITY_LIGHT_PROBE_PROXY_VOLUME UNITY_PASS_SHADOWCASTER UNITY_PBS_USE_BRDF1 UNITY_PLATFORM_SUPPORTS_DEPTH_FETCH UNITY_SPECCUBE_BLENDING UNITY_SPECCUBE_BOX_PROJECTION UNITY_USE_DITHER_MASK_FOR_ALPHABLENDED_SHADOWS
Disabled keywords: SHADER_API_GLES30 SHADER_API_GLES31 SHADER_API_GLES32 SHADOWS_CUBE UNITY_ASTC_NORMALMAP_ENCODING UNITY_COLORSPACE_GAMMA UNITY_FRAMEBUFFER_FETCH_AVAILABLE UNITY_HARDWARE_TIER1 UNITY_HARDWARE_TIER2 UNITY_HARDWARE_TIER3 UNITY_LIGHTMAP_DLDR_ENCODING UNITY_LIGHTMAP_RGBM_ENCODING UNITY_METAL_SHADOWS_USE_POINT_FILTERING UNITY_NO_DXT5nm UNITY_NO_SCREENSPACE_SHADOWS UNITY_PBS_USE_BRDF2 UNITY_PBS_USE_BRDF3 UNITY_PRETRANSFORM_TO_DISPLAY_ORIENTATION UNITY_UNIFIED_SHADER_PRECISION_MODEL UNITY_VIRTUAL_TEXTURING _CULL_FRONT _CULL_OFF
 -> (artifact id: 'af3633a23b6713f5b66ae99241e07610') in 0.5136695 seconds
Number of updated asset objects reloaded before import = 1Number of asset objects unloaded after import = 1

========================================================================
Received Import Request.
  Time since last request: 0.000047 seconds.
  path: Assets/MyAssets/Shaders/Toon/ToonShader.shader
  artifactKey: Guid(aba50ed3c57c9bd4c9dda6c50fe24ec1) Importer(2089858483,192608db42251d675da83286b1cce702)
Start importing Assets/MyAssets/Shaders/Toon/ToonShader.shader using Guid(aba50ed3c57c9bd4c9dda6c50fe24ec1) Importer(2089858483,192608db42251d675da83286b1cce702) (ScriptedImporter) -> (artifact id: '407ed11f2574483d47492c819d14de11') in 0.0103171 seconds
Number of updated asset objects reloaded before import = 0Number of asset objects unloaded after import = 1

========================================================================
Received Import Request.
  Time since last request: 23.302202 seconds.
  path: Assets/MyAssets/Shaders/Toon/ToonShader.shader
  artifactKey: Guid(aba50ed3c57c9bd4c9dda6c50fe24ec1) Importer(2089858483,192608db42251d675da83286b1cce702)
Start importing Assets/MyAssets/Shaders/Toon/ToonShader.shader using Guid(aba50ed3c57c9bd4c9dda6c50fe24ec1) Importer(2089858483,192608db42251d675da83286b1cce702) (ScriptedImporter) -> (artifact id: '72330be8c284fb946ca996dc807e22bf') in 0.0365614 seconds
Number of updated asset objects reloaded before import = 1Number of asset objects unloaded after import = 1

========================================================================
Received Import Request.
  Time since last request: 42.889481 seconds.
  path: Assets/MyAssets/Shaders/Toon/ToonShader.shader
  artifactKey: Guid(aba50ed3c57c9bd4c9dda6c50fe24ec1) Importer(2089858483,192608db42251d675da83286b1cce702)
Start importing Assets/MyAssets/Shaders/Toon/ToonShader.shader using Guid(aba50ed3c57c9bd4c9dda6c50fe24ec1) Importer(2089858483,192608db42251d675da83286b1cce702) (ScriptedImporter) -> (artifact id: 'ad6db11e33957087c04187db80211316') in 0.0062031 seconds
Number of updated asset objects reloaded before import = 1Number of asset objects unloaded after import = 1

========================================================================
Received Import Request.
  Time since last request: 136.776079 seconds.
  path: Assets/MyAssets/Shaders/Toon/ToonShader.shader
  artifactKey: Guid(aba50ed3c57c9bd4c9dda6c50fe24ec1) Importer(2089858483,192608db42251d675da83286b1cce702)
Start importing Assets/MyAssets/Shaders/Toon/ToonShader.shader using Guid(aba50ed3c57c9bd4c9dda6c50fe24ec1) Importer(2089858483,192608db42251d675da83286b1cce702) (ScriptedImporter) -> (artifact id: '7c4263edad86ba4503f478265aab354c') in 0.0087097 seconds
Number of updated asset objects reloaded before import = 1Number of asset objects unloaded after import = 1

========================================================================
Received Import Request.
  Time since last request: 5.161583 seconds.
  path: Assets/MyAssets/Shaders/Toon/ToonShader.shader
  artifactKey: Guid(aba50ed3c57c9bd4c9dda6c50fe24ec1) Importer(2089858483,192608db42251d675da83286b1cce702)
Start importing Assets/MyAssets/Shaders/Toon/ToonShader.shader using Guid(aba50ed3c57c9bd4c9dda6c50fe24ec1) Importer(2089858483,192608db42251d675da83286b1cce702) (ScriptedImporter) -> (artifact id: '4d7cbb2b2daa1362edaea519a3657607') in 0.0254504 seconds
Number of updated asset objects reloaded before import = 1Number of asset objects unloaded after import = 1

========================================================================
Received Import Request.
  Time since last request: 49.243273 seconds.
  path: Assets/MyAssets/Shaders/Toon/ToonShader.shader
  artifactKey: Guid(aba50ed3c57c9bd4c9dda6c50fe24ec1) Importer(2089858483,192608db42251d675da83286b1cce702)
Start importing Assets/MyAssets/Shaders/Toon/ToonShader.shader using Guid(aba50ed3c57c9bd4c9dda6c50fe24ec1) Importer(2089858483,192608db42251d675da83286b1cce702) (ScriptedImporter) -> (artifact id: 'f3c276e30a95f232b2a77a6d1b07d44d') in 0.0245765 seconds
Number of updated asset objects reloaded before import = 1Number of asset objects unloaded after import = 1

========================================================================
Received Import Request.
  Time since last request: 29.332552 seconds.
  path: Assets/MyAssets/Shaders/Toon/ToonForwardPass.hlsl
  artifactKey: Guid(2d83499cb0f460d4db3617de02c1f48c) Importer(2089858483,192608db42251d675da83286b1cce702)
Start importing Assets/MyAssets/Shaders/Toon/ToonForwardPass.hlsl using Guid(2d83499cb0f460d4db3617de02c1f48c) Importer(2089858483,192608db42251d675da83286b1cce702) (ScriptedImporter) -> (artifact id: 'cedfda41caaeda0384f7dd0d04f051f4') in 0.0084221 seconds
Number of updated asset objects reloaded before import = 1Number of asset objects unloaded after import = 1

========================================================================
Received Import Request.
  Time since last request: 177.321577 seconds.
  path: Assets/MyAssets/Shaders/Toon/ToonOutlineForwardPass.hlsl
  artifactKey: Guid(7c493153806ec9b41992edc237c66b7d) Importer(2089858483,192608db42251d675da83286b1cce702)
Start importing Assets/MyAssets/Shaders/Toon/ToonOutlineForwardPass.hlsl using Guid(7c493153806ec9b41992edc237c66b7d) Importer(2089858483,192608db42251d675da83286b1cce702) (ScriptedImporter) -> (artifact id: '113a17ff01ac201e34410b5e07793b35') in 0.0075674 seconds
Number of updated asset objects reloaded before import = 1Number of asset objects unloaded after import = 1

========================================================================
Received Import Request.
  Time since last request: 318.384417 seconds.
  path: Assets/MyAssets/Shaders/Toon/ToonShader.shader
  artifactKey: Guid(aba50ed3c57c9bd4c9dda6c50fe24ec1) Importer(2089858483,192608db42251d675da83286b1cce702)
Start importing Assets/MyAssets/Shaders/Toon/ToonShader.shader using Guid(aba50ed3c57c9bd4c9dda6c50fe24ec1) Importer(2089858483,192608db42251d675da83286b1cce702) (ScriptedImporter) -> (artifact id: 'a3419cd0bac1cd9b033e94ec39bd513b') in 0.4457077 seconds
Number of updated asset objects reloaded before import = 1Number of asset objects unloaded after import = 1

========================================================================
Received Import Request.
  Time since last request: 177.368877 seconds.
  path: Assets/MyAssets/Shaders/Toon/ToonOutlineForwardPass.hlsl
  artifactKey: Guid(7c493153806ec9b41992edc237c66b7d) Importer(2089858483,192608db42251d675da83286b1cce702)
Start importing Assets/MyAssets/Shaders/Toon/ToonOutlineForwardPass.hlsl using Guid(7c493153806ec9b41992edc237c66b7d) Importer(2089858483,192608db42251d675da83286b1cce702) (ScriptedImporter) -> (artifact id: 'c0ad6404abadee97e9c084a5bdef00b9') in 0.0069363 seconds
Number of updated asset objects reloaded before import = 1Number of asset objects unloaded after import = 1

========================================================================
Received Import Request.
  Time since last request: 67.786588 seconds.
  path: Assets/MyAssets/Shaders/Toon/ToonOutlineForwardPass.hlsl
  artifactKey: Guid(7c493153806ec9b41992edc237c66b7d) Importer(2089858483,192608db42251d675da83286b1cce702)
Start importing Assets/MyAssets/Shaders/Toon/ToonOutlineForwardPass.hlsl using Guid(7c493153806ec9b41992edc237c66b7d) Importer(2089858483,192608db42251d675da83286b1cce702) (ScriptedImporter) -> (artifact id: '12a7aad7dfde7540274b4ecb82fca7ef') in 0.009278 seconds
Number of updated asset objects reloaded before import = 1Number of asset objects unloaded after import = 1

========================================================================
Received Import Request.
  Time since last request: 136.071226 seconds.
  path: Assets/MyAssets/Shaders/Toon/ToonOutlineForwardPass.hlsl
  artifactKey: Guid(7c493153806ec9b41992edc237c66b7d) Importer(2089858483,192608db42251d675da83286b1cce702)
Start importing Assets/MyAssets/Shaders/Toon/ToonOutlineForwardPass.hlsl using Guid(7c493153806ec9b41992edc237c66b7d) Importer(2089858483,192608db42251d675da83286b1cce702) (ScriptedImporter) -> (artifact id: '5e46ec9f5dc122049a0a9720f448456a') in 0.0063607 seconds
Number of updated asset objects reloaded before import = 1Number of asset objects unloaded after import = 1

========================================================================
Received Import Request.
  Time since last request: 204.806438 seconds.
  path: Assets/MyAssets/Shaders/Toon/ToonOutlineForwardPass.hlsl
  artifactKey: Guid(7c493153806ec9b41992edc237c66b7d) Importer(2089858483,192608db42251d675da83286b1cce702)
Start importing Assets/MyAssets/Shaders/Toon/ToonOutlineForwardPass.hlsl using Guid(7c493153806ec9b41992edc237c66b7d) Importer(2089858483,192608db42251d675da83286b1cce702) (ScriptedImporter) -> (artifact id: 'fe47ab6b81c66d5f76a00ae9257b58c2') in 0.0069998 seconds
Number of updated asset objects reloaded before import = 1Number of asset objects unloaded after import = 1

========================================================================
Received Import Request.
  Time since last request: 429.576230 seconds.
  path: Assets/MyAssets/Shaders/Toon/ToonOutlineForwardPass.hlsl
  artifactKey: Guid(7c493153806ec9b41992edc237c66b7d) Importer(2089858483,192608db42251d675da83286b1cce702)
Start importing Assets/MyAssets/Shaders/Toon/ToonOutlineForwardPass.hlsl using Guid(7c493153806ec9b41992edc237c66b7d) Importer(2089858483,192608db42251d675da83286b1cce702) (ScriptedImporter) -> (artifact id: 'a8c4fb9c5da88612de762971bce45f28') in 0.008105 seconds
Number of updated asset objects reloaded before import = 1Number of asset objects unloaded after import = 1

========================================================================
Received Import Request.
  Time since last request: 13.201091 seconds.
  path: Assets/MyAssets/Shaders/Toon/ToonOutlineForwardPass.hlsl
  artifactKey: Guid(7c493153806ec9b41992edc237c66b7d) Importer(2089858483,192608db42251d675da83286b1cce702)
Start importing Assets/MyAssets/Shaders/Toon/ToonOutlineForwardPass.hlsl using Guid(7c493153806ec9b41992edc237c66b7d) Importer(2089858483,192608db42251d675da83286b1cce702) (ScriptedImporter) -> (artifact id: '70a55898f98cc43ef5386fcebece6c7d') in 0.0057651 seconds
Number of updated asset objects reloaded before import = 1Number of asset objects unloaded after import = 1

========================================================================
Received Import Request.
  Time since last request: 15.003783 seconds.
  path: Assets/MyAssets/Shaders/Toon/ToonOutlineForwardPass.hlsl
  artifactKey: Guid(7c493153806ec9b41992edc237c66b7d) Importer(2089858483,192608db42251d675da83286b1cce702)
Start importing Assets/MyAssets/Shaders/Toon/ToonOutlineForwardPass.hlsl using Guid(7c493153806ec9b41992edc237c66b7d) Importer(2089858483,192608db42251d675da83286b1cce702) (ScriptedImporter) -> (artifact id: '5a798e0a63b2c16d8740e9c23ac080c3') in 0.0083701 seconds
Number of updated asset objects reloaded before import = 1Number of asset objects unloaded after import = 1

========================================================================
Received Import Request.
  Time since last request: 36.198351 seconds.
  path: Assets/MyAssets/Shaders/Toon/ToonShader.shader
  artifactKey: Guid(aba50ed3c57c9bd4c9dda6c50fe24ec1) Importer(2089858483,192608db42251d675da83286b1cce702)
Start importing Assets/MyAssets/Shaders/Toon/ToonShader.shader using Guid(aba50ed3c57c9bd4c9dda6c50fe24ec1) Importer(2089858483,192608db42251d675da83286b1cce702) (ScriptedImporter) -> (artifact id: '2574aac4f349dde713762ebac2b6f8d4') in 0.0132429 seconds
Number of updated asset objects reloaded before import = 1Number of asset objects unloaded after import = 1

========================================================================
Received Import Request.
  Time since last request: 7.072976 seconds.
  path: Assets/MyAssets/Shaders/Toon/ToonForwardPass.hlsl
  artifactKey: Guid(2d83499cb0f460d4db3617de02c1f48c) Importer(815301076,1909f56bfc062723c751e8b465ee728b)
Start importing Assets/MyAssets/Shaders/Toon/ToonForwardPass.hlsl using Guid(2d83499cb0f460d4db3617de02c1f48c) Importer(815301076,1909f56bfc062723c751e8b465ee728b) (PreviewImporter) -> (artifact id: '414e78a35cef391fa00f6ffe5c4d515d') in 0.0024067 seconds
Number of updated asset objects reloaded before import = 0Number of asset objects unloaded after import = 1

========================================================================
Received Import Request.
  Time since last request: 2.296680 seconds.
  path: Assets/MyAssets/Prefabs/Material/ToonMaterial.mat
  artifactKey: Guid(fbf26796db1d2764aafe61179e8cc76f) Importer(815301076,1909f56bfc062723c751e8b465ee728b)
Start importing Assets/MyAssets/Prefabs/Material/ToonMaterial.mat using Guid(fbf26796db1d2764aafe61179e8cc76f) Importer(815301076,1909f56bfc062723c751e8b465ee728b) (PreviewImporter) -> (artifact id: '362bbed7a51d3f49f9bb341764d7cb5b') in 4.6920501 seconds
Number of updated asset objects reloaded before import = 0Number of asset objects unloaded after import = 2

========================================================================
Received Import Request.
  Time since last request: 97.361216 seconds.
  path: Assets/MyAssets/Prefabs/Material/Toom2.mat
  artifactKey: Guid(fb35de5fc240e84448304cacb448597c) Importer(815301076,1909f56bfc062723c751e8b465ee728b)
Start importing Assets/MyAssets/Prefabs/Material/Toom2.mat using Guid(fb35de5fc240e84448304cacb448597c) Importer(815301076,1909f56bfc062723c751e8b465ee728b) (PreviewImporter) -> (artifact id: '2bf42cdc96d6296ad3537da561114510') in 4.6565089 seconds
Number of updated asset objects reloaded before import = 0Number of asset objects unloaded after import = 1

========================================================================
Received Import Request.
  Time since last request: 25.707154 seconds.
  path: Assets/MyAssets/Prefabs/Material/Toom2.mat
  artifactKey: Guid(fb35de5fc240e84448304cacb448597c) Importer(815301076,1909f56bfc062723c751e8b465ee728b)
Start importing Assets/MyAssets/Prefabs/Material/Toom2.mat using Guid(fb35de5fc240e84448304cacb448597c) Importer(815301076,1909f56bfc062723c751e8b465ee728b) (PreviewImporter) -> (artifact id: '12d565503db83a8e7b3721f751d7cb8e') in 0.0205566 seconds
Number of updated asset objects reloaded before import = 1Number of asset objects unloaded after import = 1

========================================================================
Received Import Request.
  Time since last request: 0.783906 seconds.
  path: Assets/MyAssets/Shaders/Toon/ToonShader.shader
  artifactKey: Guid(aba50ed3c57c9bd4c9dda6c50fe24ec1) Importer(2089858483,192608db42251d675da83286b1cce702)
Start importing Assets/MyAssets/Shaders/Toon/ToonShader.shader using Guid(aba50ed3c57c9bd4c9dda6c50fe24ec1) Importer(2089858483,192608db42251d675da83286b1cce702) (ScriptedImporter) -> (artifact id: 'eca379e2f65a2c6d5a5baab146fa720b') in 0.0097721 seconds
Number of updated asset objects reloaded before import = 0Number of asset objects unloaded after import = 1

========================================================================
Received Import Request.
  Time since last request: 71.315436 seconds.
  path: Assets/MyAssets/Prefabs/Material/Toom2.mat
  artifactKey: Guid(fb35de5fc240e84448304cacb448597c) Importer(815301076,1909f56bfc062723c751e8b465ee728b)
Start importing Assets/MyAssets/Prefabs/Material/Toom2.mat using Guid(fb35de5fc240e84448304cacb448597c) Importer(815301076,1909f56bfc062723c751e8b465ee728b) (PreviewImporter) -> (artifact id: 'bf39d6f4c4847f8da549f2d66b5be82a') in 0.021611 seconds
Number of updated asset objects reloaded before import = 0Number of asset objects unloaded after import = 1

========================================================================
Received Import Request.
  Time since last request: 0.869346 seconds.
  path: Assets/MyAssets/Prefabs/Material/Toom2.mat
  artifactKey: Guid(fb35de5fc240e84448304cacb448597c) Importer(2089858483,192608db42251d675da83286b1cce702)
Start importing Assets/MyAssets/Prefabs/Material/Toom2.mat using Guid(fb35de5fc240e84448304cacb448597c) Importer(2089858483,192608db42251d675da83286b1cce702) (ScriptedImporter) -> (artifact id: '9bb15354e30efc656140169651da5ec6') in 0.0079507 seconds
Number of updated asset objects reloaded before import = 0Number of asset objects unloaded after import = 1

========================================================================
Received Import Request.
  Time since last request: 5322.769122 seconds.
  path: Assets/MyAssets/Prefabs/Material/ToonMaterial.mat
  artifactKey: Guid(fbf26796db1d2764aafe61179e8cc76f) Importer(815301076,1909f56bfc062723c751e8b465ee728b)
Start importing Assets/MyAssets/Prefabs/Material/ToonMaterial.mat using Guid(fbf26796db1d2764aafe61179e8cc76f) Importer(815301076,1909f56bfc062723c751e8b465ee728b) (PreviewImporter)Shader error in 'Custom/ToonShader': 'lerp': no matching 3 parameter intrinsic function; Possible intrinsic functions are: lerp(float|half|min10float|min16float, float|half|min10float|min16float, float|half|min10float|min16float) at Assets/MyAssets/Shaders/Toon/ToonForwardPass.hlsl(85) (on d3d11)

Compiling Subshader: 0, Pass: Forward, Vertex program with _CULL_OFF _FORWARD_PLUS _LIGHT_LAYERS _MAIN_LIGHT_SHADOWS _Toon
Platform defines: SHADER_API_DESKTOP UNITY_ENABLE_DETAIL_NORMALMAP UNITY_ENABLE_REFLECTION_BUFFERS UNITY_LIGHTMAP_FULL_HDR UNITY_LIGHT_PROBE_PROXY_VOLUME UNITY_PBS_USE_BRDF1 UNITY_PLATFORM_SUPPORTS_DEPTH_FETCH UNITY_SPECCUBE_BLENDING UNITY_SPECCUBE_BOX_PROJECTION UNITY_USE_DITHER_MASK_FOR_ALPHABLENDED_SHADOWS
Disabled keywords: EVALUATE_SH_MIXED EVALUATE_SH_VERTEX INSTANCING_ON SHADER_API_GLES30 SHADER_API_GLES31 SHADER_API_GLES32 UNITY_ASTC_NORMALMAP_ENCODING UNITY_COLORSPACE_GAMMA UNITY_FRAMEBUFFER_FETCH_AVAILABLE UNITY_HARDWARE_TIER1 UNITY_HARDWARE_TIER2 UNITY_HARDWARE_TIER3 UNITY_LIGHTMAP_DLDR_ENCODING UNITY_LIGHTMAP_RGBM_ENCODING UNITY_METAL_SHADOWS_USE_POINT_FILTERING UNITY_NO_DXT5nm UNITY_NO_SCREENSPACE_SHADOWS UNITY_PBS_USE_BRDF2 UNITY_PBS_USE_BRDF3 UNITY_PRETRANSFORM_TO_DISPLAY_ORIENTATION UNITY_UNIFIED_SHADER_PRECISION_MODEL UNITY_VIRTUAL_TEXTURING _ADDITIONAL_LIGHTS _ADDITIONAL_LIGHTS_VERTEX _CULL_BACK _CULL_FRONT _MAIN_LIGHT_SHADOWS_CASCADE _MAIN_LIGHT_SHADOWS_SCREEN
Shader error in 'Custom/ToonShader': undeclared identifier '_ToonSmoothness' at Assets/MyAssets/Shaders/Toon/ToonForwardPass.hlsl(85) (on d3d11)

Compiling Subshader: 0, Pass: Forward, Vertex program with _CULL_OFF _FORWARD_PLUS _LIGHT_LAYERS _MAIN_LIGHT_SHADOWS _Toon
Platform defines: SHADER_API_DESKTOP UNITY_ENABLE_DETAIL_NORMALMAP UNITY_ENABLE_REFLECTION_BUFFERS UNITY_LIGHTMAP_FULL_HDR UNITY_LIGHT_PROBE_PROXY_VOLUME UNITY_PBS_USE_BRDF1 UNITY_PLATFORM_SUPPORTS_DEPTH_FETCH UNITY_SPECCUBE_BLENDING UNITY_SPECCUBE_BOX_PROJECTION UNITY_USE_DITHER_MASK_FOR_ALPHABLENDED_SHADOWS
Disabled keywords: EVALUATE_SH_MIXED EVALUATE_SH_VERTEX INSTANCING_ON SHADER_API_GLES30 SHADER_API_GLES31 SHADER_API_GLES32 UNITY_ASTC_NORMALMAP_ENCODING UNITY_COLORSPACE_GAMMA UNITY_FRAMEBUFFER_FETCH_AVAILABLE UNITY_HARDWARE_TIER1 UNITY_HARDWARE_TIER2 UNITY_HARDWARE_TIER3 UNITY_LIGHTMAP_DLDR_ENCODING UNITY_LIGHTMAP_RGBM_ENCODING UNITY_METAL_SHADOWS_USE_POINT_FILTERING UNITY_NO_DXT5nm UNITY_NO_SCREENSPACE_SHADOWS UNITY_PBS_USE_BRDF2 UNITY_PBS_USE_BRDF3 UNITY_PRETRANSFORM_TO_DISPLAY_ORIENTATION UNITY_UNIFIED_SHADER_PRECISION_MODEL UNITY_VIRTUAL_TEXTURING _ADDITIONAL_LIGHTS _ADDITIONAL_LIGHTS_VERTEX _CULL_BACK _CULL_FRONT _MAIN_LIGHT_SHADOWS_CASCADE _MAIN_LIGHT_SHADOWS_SCREEN
Shader error in 'Custom/ToonShader': 'lerp': no matching 3 parameter intrinsic function; Possible intrinsic functions are: lerp(float|half|min10float|min16float, float|half|min10float|min16float, float|half|min10float|min16float) at Assets/MyAssets/Shaders/Toon/ToonForwardPass.hlsl(85) (on d3d11)

Compiling Subshader: 0, Pass: Forward, Vertex program with _CULL_OFF _FORWARD_PLUS _LIGHT_LAYERS _MAIN_LIGHT_SHADOWS _Toon
Platform defines: SHADER_API_DESKTOP UNITY_ENABLE_DETAIL_NORMALMAP UNITY_ENABLE_REFLECTION_BUFFERS UNITY_LIGHTMAP_FULL_HDR UNITY_LIGHT_PROBE_PROXY_VOLUME UNITY_PBS_USE_BRDF1 UNITY_PLATFORM_SUPPORTS_DEPTH_FETCH UNITY_SPECCUBE_BLENDING UNITY_SPECCUBE_BOX_PROJECTION UNITY_USE_DITHER_MASK_FOR_ALPHABLENDED_SHADOWS
Disabled keywords: EVALUATE_SH_MIXED EVALUATE_SH_VERTEX INSTANCING_ON SHADER_API_GLES30 SHADER_API_GLES31 SHADER_API_GLES32 UNITY_ASTC_NORMALMAP_ENCODING UNITY_COLORSPACE_GAMMA UNITY_FRAMEBUFFER_FETCH_AVAILABLE UNITY_HARDWARE_TIER1 UNITY_HARDWARE_TIER2 UNITY_HARDWARE_TIER3 UNITY_LIGHTMAP_DLDR_ENCODING UNITY_LIGHTMAP_RGBM_ENCODING UNITY_METAL_SHADOWS_USE_POINT_FILTERING UNITY_NO_DXT5nm UNITY_NO_SCREENSPACE_SHADOWS UNITY_PBS_USE_BRDF2 UNITY_PBS_USE_BRDF3 UNITY_PRETRANSFORM_TO_DISPLAY_ORIENTATION UNITY_UNIFIED_SHADER_PRECISION_MODEL UNITY_VIRTUAL_TEXTURING _ADDITIONAL_LIGHTS _ADDITIONAL_LIGHTS_VERTEX _CULL_BACK _CULL_FRONT _MAIN_LIGHT_SHADOWS_CASCADE _MAIN_LIGHT_SHADOWS_SCREEN
Shader error in 'Custom/ToonShader': undeclared identifier '_ToonSmoothness' at Assets/MyAssets/Shaders/Toon/ToonForwardPass.hlsl(85) (on d3d11)

Compiling Subshader: 0, Pass: Forward, Vertex program with _CULL_OFF _FORWARD_PLUS _LIGHT_LAYERS _MAIN_LIGHT_SHADOWS _Toon
Platform defines: SHADER_API_DESKTOP UNITY_ENABLE_DETAIL_NORMALMAP UNITY_ENABLE_REFLECTION_BUFFERS UNITY_LIGHTMAP_FULL_HDR UNITY_LIGHT_PROBE_PROXY_VOLUME UNITY_PBS_USE_BRDF1 UNITY_PLATFORM_SUPPORTS_DEPTH_FETCH UNITY_SPECCUBE_BLENDING UNITY_SPECCUBE_BOX_PROJECTION UNITY_USE_DITHER_MASK_FOR_ALPHABLENDED_SHADOWS
Disabled keywords: EVALUATE_SH_MIXED EVALUATE_SH_VERTEX INSTANCING_ON SHADER_API_GLES30 SHADER_API_GLES31 SHADER_API_GLES32 UNITY_ASTC_NORMALMAP_ENCODING UNITY_COLORSPACE_GAMMA UNITY_FRAMEBUFFER_FETCH_AVAILABLE UNITY_HARDWARE_TIER1 UNITY_HARDWARE_TIER2 UNITY_HARDWARE_TIER3 UNITY_LIGHTMAP_DLDR_ENCODING UNITY_LIGHTMAP_RGBM_ENCODING UNITY_METAL_SHADOWS_USE_POINT_FILTERING UNITY_NO_DXT5nm UNITY_NO_SCREENSPACE_SHADOWS UNITY_PBS_USE_BRDF2 UNITY_PBS_USE_BRDF3 UNITY_PRETRANSFORM_TO_DISPLAY_ORIENTATION UNITY_UNIFIED_SHADER_PRECISION_MODEL UNITY_VIRTUAL_TEXTURING _ADDITIONAL_LIGHTS _ADDITIONAL_LIGHTS_VERTEX _CULL_BACK _CULL_FRONT _MAIN_LIGHT_SHADOWS_CASCADE _MAIN_LIGHT_SHADOWS_SCREEN
 -> (artifact id: '3a11b4883657e40dc4119b6d07cefe7c') in 1.1108548 seconds
Number of updated asset objects reloaded before import = 1Number of asset objects unloaded after import = 2

========================================================================
Received Import Request.
  Time since last request: 58.657376 seconds.
  path: Assets/MyAssets/Shaders/Toon/ToonForwardPass.hlsl
  artifactKey: Guid(2d83499cb0f460d4db3617de02c1f48c) Importer(2089858483,192608db42251d675da83286b1cce702)
Start importing Assets/MyAssets/Shaders/Toon/ToonForwardPass.hlsl using Guid(2d83499cb0f460d4db3617de02c1f48c) Importer(2089858483,192608db42251d675da83286b1cce702) (ScriptedImporter) -> (artifact id: 'aac960275756552a55297f5b3b5f9ec5') in 0.0065493 seconds
Number of updated asset objects reloaded before import = 1Number of asset objects unloaded after import = 1

========================================================================
Received Import Request.
  Time since last request: 200.075675 seconds.
  path: Assets/MyAssets/Shaders/Toon/ToonForwardPass.hlsl
  artifactKey: Guid(2d83499cb0f460d4db3617de02c1f48c) Importer(2089858483,192608db42251d675da83286b1cce702)
Start importing Assets/MyAssets/Shaders/Toon/ToonForwardPass.hlsl using Guid(2d83499cb0f460d4db3617de02c1f48c) Importer(2089858483,192608db42251d675da83286b1cce702) (ScriptedImporter) -> (artifact id: 'beb8692f1f1ac958496fbc0a7f19018e') in 0.0065241 seconds
Number of updated asset objects reloaded before import = 1Number of asset objects unloaded after import = 1

========================================================================
Received Import Request.
  Time since last request: 19.666917 seconds.
  path: Assets/MyAssets/Shaders/Toon/ToonShader.shader
  artifactKey: Guid(aba50ed3c57c9bd4c9dda6c50fe24ec1) Importer(2089858483,192608db42251d675da83286b1cce702)
Start importing Assets/MyAssets/Shaders/Toon/ToonShader.shader using Guid(aba50ed3c57c9bd4c9dda6c50fe24ec1) Importer(2089858483,192608db42251d675da83286b1cce702) (ScriptedImporter) -> (artifact id: '12324bcf388465628125891d5e882406') in 0.3924193 seconds
Number of updated asset objects reloaded before import = 1Number of asset objects unloaded after import = 1

========================================================================
Received Import Request.
  Time since last request: 26.503535 seconds.
  path: Assets/MyAssets/Shaders/Toon/ToonForwardPass.hlsl
  artifactKey: Guid(2d83499cb0f460d4db3617de02c1f48c) Importer(2089858483,192608db42251d675da83286b1cce702)
Start importing Assets/MyAssets/Shaders/Toon/ToonForwardPass.hlsl using Guid(2d83499cb0f460d4db3617de02c1f48c) Importer(2089858483,192608db42251d675da83286b1cce702) (ScriptedImporter) -> (artifact id: '83eab22cea346b4a295d481cddb46399') in 0.008015 seconds
Number of updated asset objects reloaded before import = 1Number of asset objects unloaded after import = 1

========================================================================
Received Import Request.
  Time since last request: 32.658581 seconds.
  path: Assets/MyAssets/Shaders/Toon/ToonForwardPass.hlsl
  artifactKey: Guid(2d83499cb0f460d4db3617de02c1f48c) Importer(2089858483,192608db42251d675da83286b1cce702)
Start importing Assets/MyAssets/Shaders/Toon/ToonForwardPass.hlsl using Guid(2d83499cb0f460d4db3617de02c1f48c) Importer(2089858483,192608db42251d675da83286b1cce702) (ScriptedImporter) -> (artifact id: '4002409be3b4f263ecbdfd9e6d4a5028') in 0.0057359 seconds
Number of updated asset objects reloaded before import = 1Number of asset objects unloaded after import = 1

========================================================================
Received Import Request.
  Time since last request: 163.839060 seconds.
  path: Assets/MyAssets/Shaders/Toon/ToonForwardPass.hlsl
  artifactKey: Guid(2d83499cb0f460d4db3617de02c1f48c) Importer(815301076,1909f56bfc062723c751e8b465ee728b)
Start importing Assets/MyAssets/Shaders/Toon/ToonForwardPass.hlsl using Guid(2d83499cb0f460d4db3617de02c1f48c) Importer(815301076,1909f56bfc062723c751e8b465ee728b) (PreviewImporter) -> (artifact id: '9fa22cb624fe1d4a24c6e2d6663b48d1') in 0.0020747 seconds
Number of updated asset objects reloaded before import = 1Number of asset objects unloaded after import = 1

========================================================================
Received Import Request.
  Time since last request: 3.445809 seconds.
  path: Assets/MyAssets/Prefabs/Material/ToonMaterial.mat
  artifactKey: Guid(fbf26796db1d2764aafe61179e8cc76f) Importer(815301076,1909f56bfc062723c751e8b465ee728b)
Start importing Assets/MyAssets/Prefabs/Material/ToonMaterial.mat using Guid(fbf26796db1d2764aafe61179e8cc76f) Importer(815301076,1909f56bfc062723c751e8b465ee728b) (PreviewImporter) -> (artifact id: '7e85ed77d85d0ec6257185b57ed95d61') in 4.5744225 seconds
Number of updated asset objects reloaded before import = 0Number of asset objects unloaded after import = 2

========================================================================
Received Import Request.
  Time since last request: 2662.350275 seconds.
  path: Assets/MyAssets/Prefabs/Material/ToonMaterial.mat
  artifactKey: Guid(fbf26796db1d2764aafe61179e8cc76f) Importer(815301076,1909f56bfc062723c751e8b465ee728b)
Start importing Assets/MyAssets/Prefabs/Material/ToonMaterial.mat using Guid(fbf26796db1d2764aafe61179e8cc76f) Importer(815301076,1909f56bfc062723c751e8b465ee728b) (PreviewImporter) -> (artifact id: 'deae2a17537557f939ea7714b6ca0da3') in 6.0382148 seconds
Number of updated asset objects reloaded before import = 1Number of asset objects unloaded after import = 2

========================================================================
Received Import Request.
  Time since last request: 348.378049 seconds.
  path: Assets/MyAssets/Prefabs/Material/Toom2.mat
  artifactKey: Guid(fb35de5fc240e84448304cacb448597c) Importer(815301076,1909f56bfc062723c751e8b465ee728b)
Start importing Assets/MyAssets/Prefabs/Material/Toom2.mat using Guid(fb35de5fc240e84448304cacb448597c) Importer(815301076,1909f56bfc062723c751e8b465ee728b) (PreviewImporter) -> (artifact id: '3ef847eed2ba5e5dce07cfaf46663b84') in 4.7947026 seconds
Number of updated asset objects reloaded before import = 0Number of asset objects unloaded after import = 1

========================================================================
Received Import Request.
  Time since last request: 35.382150 seconds.
  path: Assets/MyAssets/Prefabs/Material/ToonMaterial.mat
  artifactKey: Guid(fbf26796db1d2764aafe61179e8cc76f) Importer(815301076,1909f56bfc062723c751e8b465ee728b)
Start importing Assets/MyAssets/Prefabs/Material/ToonMaterial.mat using Guid(fbf26796db1d2764aafe61179e8cc76f) Importer(815301076,1909f56bfc062723c751e8b465ee728b) (PreviewImporter) -> (artifact id: '694f9074fce6b22276ad4542c3f57742') in 0.0269314 seconds
Number of updated asset objects reloaded before import = 0Number of asset objects unloaded after import = 2

========================================================================
Received Import Request.
  Time since last request: 0.945321 seconds.
  path: Assets/MyAssets/Prefabs/Material/ToonMaterial.mat
  artifactKey: Guid(fbf26796db1d2764aafe61179e8cc76f) Importer(2089858483,192608db42251d675da83286b1cce702)
Start importing Assets/MyAssets/Prefabs/Material/ToonMaterial.mat using Guid(fbf26796db1d2764aafe61179e8cc76f) Importer(2089858483,192608db42251d675da83286b1cce702) (ScriptedImporter) -> (artifact id: '19ed0a91b5e32b880fba0dd02bb018f2') in 0.010386 seconds
Number of updated asset objects reloaded before import = 0Number of asset objects unloaded after import = 2

========================================================================
Received Import Request.
  Time since last request: 18.563936 seconds.
  path: Assets/MyAssets/Prefabs/Material/Toom2.mat
  artifactKey: Guid(fb35de5fc240e84448304cacb448597c) Importer(815301076,1909f56bfc062723c751e8b465ee728b)
Start importing Assets/MyAssets/Prefabs/Material/Toom2.mat using Guid(fb35de5fc240e84448304cacb448597c) Importer(815301076,1909f56bfc062723c751e8b465ee728b) (PreviewImporter) -> (artifact id: 'd492a40a25b4acaa9ada5845c58a9a74') in 5.0973797 seconds
Number of updated asset objects reloaded before import = 1Number of asset objects unloaded after import = 1

========================================================================
Received Import Request.
  Time since last request: 0.000031 seconds.
  path: Assets/MyAssets/Shaders/Toon/ToonShader.shader
  artifactKey: Guid(aba50ed3c57c9bd4c9dda6c50fe24ec1) Importer(2089858483,192608db42251d675da83286b1cce702)
Start importing Assets/MyAssets/Shaders/Toon/ToonShader.shader using Guid(aba50ed3c57c9bd4c9dda6c50fe24ec1) Importer(2089858483,192608db42251d675da83286b1cce702) (ScriptedImporter) -> (artifact id: '2842f1a6cb865464b87bc07ed25580ee') in 0.0081802 seconds
Number of updated asset objects reloaded before import = 0Number of asset objects unloaded after import = 1

========================================================================
Received Import Request.
  Time since last request: 37.912730 seconds.
  path: Assets/MyAssets/Prefabs/Material/Toom2.mat
  artifactKey: Guid(fb35de5fc240e84448304cacb448597c) Importer(815301076,1909f56bfc062723c751e8b465ee728b)
Start importing Assets/MyAssets/Prefabs/Material/Toom2.mat using Guid(fb35de5fc240e84448304cacb448597c) Importer(815301076,1909f56bfc062723c751e8b465ee728b) (PreviewImporter) -> (artifact id: '446e35e40dad2d30de6fb468beec45d7') in 6.0022013 seconds
Number of updated asset objects reloaded before import = 1Number of asset objects unloaded after import = 1

========================================================================
Received Import Request.
  Time since last request: 0.000025 seconds.
  path: Assets/MyAssets/Shaders/Toon/ToonForwardPass.hlsl
  artifactKey: Guid(2d83499cb0f460d4db3617de02c1f48c) Importer(2089858483,192608db42251d675da83286b1cce702)
Start importing Assets/MyAssets/Shaders/Toon/ToonForwardPass.hlsl using Guid(2d83499cb0f460d4db3617de02c1f48c) Importer(2089858483,192608db42251d675da83286b1cce702) (ScriptedImporter) -> (artifact id: '4601d9bfbb1483425ea404649e5efcab') in 0.0053648 seconds
Number of updated asset objects reloaded before import = 0Number of asset objects unloaded after import = 1

========================================================================
Received Prepare
Begin MonoManager ReloadAssembly
- Loaded All Assemblies, in  1.419 seconds
Refreshing native plugins compatible for Editor in 2.82 ms, found 4 plugins.
Native extension for WindowsStandalone target not found
Native extension for WebGL target not found
[Package Manager] Failed to launch server process. Reason: Unity was launched with the -noUpm command-line argument
[Package Manager] Unable to send message (not connected to server process).
[Package Manager] Cannot connect to Unity Package Manager local server
[Package Manager] Failed to launch server process. Reason: Unity was launched with the -noUpm command-line argument
[Package Manager] Unable to send message (not connected to server process).
[Package Manager] Cannot connect to Unity Package Manager local server
[MODES] ModeService[none].Initialize
[MODES] ModeService[none].LoadModes
Mono: successfully reloaded assembly
- Finished resetting the current domain, in  1.425 seconds
Domain Reload Profiling: 2835ms
	BeginReloadAssembly (473ms)
		ExecutionOrderSort (0ms)
		DisableScriptedObjects (71ms)
		BackupInstance (0ms)
		ReleaseScriptingObjects (1ms)
		CreateAndSetChildDomain (161ms)
	RebuildCommonClasses (45ms)
	RebuildNativeTypeToScriptingClass (20ms)
	initialDomainReloadingComplete (52ms)
	LoadAllAssembliesAndSetupDomain (819ms)
		LoadAssemblies (680ms)
		RebuildTransferFunctionScriptingTraits (0ms)
		AnalyzeDomain (264ms)
			TypeCache.Refresh (10ms)
				TypeCache.ScanAssembly (0ms)
			BuildScriptInfoCaches (228ms)
			ResolveRequiredComponents (20ms)
	FinalizeReload (1426ms)
		ReleaseScriptCaches (0ms)
		RebuildScriptCaches (0ms)
		SetupLoadedEditorAssemblies (1193ms)
			LogAssemblyErrors (0ms)
			InitializePlatformSupportModulesInManaged (4ms)
			SetLoadedEditorAssemblies (4ms)
			BeforeProcessingInitializeOnLoad (207ms)
			ProcessInitializeOnLoadAttributes (835ms)
			ProcessInitializeOnLoadMethodAttributes (124ms)
			AfterProcessingInitializeOnLoad (18ms)
			EditorAssembliesLoaded (1ms)
		ExecutionOrderSort2 (0ms)
		AwakeInstancesAfterBackupRestoration (25ms)
Refreshing native plugins compatible for Editor in 3.89 ms, found 4 plugins.
Preloading 0 native plugins for Editor in 0.00 ms.
Unloading 14 Unused Serialized files (Serialized files now loaded: 0)
Unloading 6807 unused Assets / (4.1 MB). Loaded Objects now: 7599.
Memory consumption went from 170.2 MB to 166.1 MB.
Total: 13.668400 ms (FindLiveObjects: 0.851200 ms CreateObjectMapping: 1.944400 ms MarkObjects: 7.620800 ms  DeleteObjects: 3.250200 ms)

Prepare: number of updated asset objects reloaded= 1
========================================================================
Received Import Request.
  Time since last request: 220.150626 seconds.
  path: Assets/MyAssets/Prefabs/Material/Toom2.mat
  artifactKey: Guid(fb35de5fc240e84448304cacb448597c) Importer(815301076,1909f56bfc062723c751e8b465ee728b)
Start importing Assets/MyAssets/Prefabs/Material/Toom2.mat using Guid(fb35de5fc240e84448304cacb448597c) Importer(815301076,1909f56bfc062723c751e8b465ee728b) (PreviewImporter) -> (artifact id: 'e5037137e43251b9d9b9b37bcbaa56cb') in 1.7215068 seconds
Number of updated asset objects reloaded before import = 1Number of asset objects unloaded after import = 1

========================================================================
Received Import Request.
  Time since last request: 53.601060 seconds.
  path: Assets/MyAssets/Prefabs/Material/ToonMaterial.mat
  artifactKey: Guid(fbf26796db1d2764aafe61179e8cc76f) Importer(815301076,1909f56bfc062723c751e8b465ee728b)
Start importing Assets/MyAssets/Prefabs/Material/ToonMaterial.mat using Guid(fbf26796db1d2764aafe61179e8cc76f) Importer(815301076,1909f56bfc062723c751e8b465ee728b) (PreviewImporter) -> (artifact id: '8b13dfeb08e679863f0f352b824856fd') in 1.0521116 seconds
Number of updated asset objects reloaded before import = 1Number of asset objects unloaded after import = 2

========================================================================
Received Import Request.
  Time since last request: 79.557227 seconds.
  path: Assets/MyAssets/Prefabs/Material/ToonMaterial.mat
  artifactKey: Guid(fbf26796db1d2764aafe61179e8cc76f) Importer(815301076,1909f56bfc062723c751e8b465ee728b)
Start importing Assets/MyAssets/Prefabs/Material/ToonMaterial.mat using Guid(fbf26796db1d2764aafe61179e8cc76f) Importer(815301076,1909f56bfc062723c751e8b465ee728b) (PreviewImporter) -> (artifact id: '6f2abacfc5c3bf3145e4dbc75eaa5541') in 0.6213532 seconds
Number of updated asset objects reloaded before import = 1Number of asset objects unloaded after import = 2

========================================================================
Received Import Request.
  Time since last request: 14.942262 seconds.
  path: Assets/MyAssets/Prefabs/Material/ToonMaterial.mat
  artifactKey: Guid(fbf26796db1d2764aafe61179e8cc76f) Importer(815301076,1909f56bfc062723c751e8b465ee728b)
Start importing Assets/MyAssets/Prefabs/Material/ToonMaterial.mat using Guid(fbf26796db1d2764aafe61179e8cc76f) Importer(815301076,1909f56bfc062723c751e8b465ee728b) (PreviewImporter) -> (artifact id: '0a1b96176ae2290aba1e0ed3ca0ea7cd') in 0.8096216 seconds
Number of updated asset objects reloaded before import = 1Number of asset objects unloaded after import = 2

========================================================================
Received Import Request.
  Time since last request: 10.906218 seconds.
  path: Assets/MyAssets/Prefabs/Material/ToonMaterial.mat
  artifactKey: Guid(fbf26796db1d2764aafe61179e8cc76f) Importer(815301076,1909f56bfc062723c751e8b465ee728b)
Start importing Assets/MyAssets/Prefabs/Material/ToonMaterial.mat using Guid(fbf26796db1d2764aafe61179e8cc76f) Importer(815301076,1909f56bfc062723c751e8b465ee728b) (PreviewImporter) -> (artifact id: '792209cf649542a3c841e5ce57e74e1a') in 1.0440116 seconds
Number of updated asset objects reloaded before import = 1Number of asset objects unloaded after import = 2

========================================================================
Received Import Request.
  Time since last request: 45.823645 seconds.
  path: Assets/MyAssets/Prefabs/Material/ToonMaterial.mat
  artifactKey: Guid(fbf26796db1d2764aafe61179e8cc76f) Importer(815301076,1909f56bfc062723c751e8b465ee728b)
Start importing Assets/MyAssets/Prefabs/Material/ToonMaterial.mat using Guid(fbf26796db1d2764aafe61179e8cc76f) Importer(815301076,1909f56bfc062723c751e8b465ee728b) (PreviewImporter) -> (artifact id: '1c03b9777163cead76992b0fd4e7381e') in 0.8012042 seconds
Number of updated asset objects reloaded before import = 1Number of asset objects unloaded after import = 2

========================================================================
Received Import Request.
  Time since last request: 24.598357 seconds.
  path: Assets/MyAssets/Prefabs/Material/ToonMaterial.mat
  artifactKey: Guid(fbf26796db1d2764aafe61179e8cc76f) Importer(815301076,1909f56bfc062723c751e8b465ee728b)
Start importing Assets/MyAssets/Prefabs/Material/ToonMaterial.mat using Guid(fbf26796db1d2764aafe61179e8cc76f) Importer(815301076,1909f56bfc062723c751e8b465ee728b) (PreviewImporter) -> (artifact id: '0d74ae9646082633a5488fc0e11cf18b') in 0.7761147 seconds
Number of updated asset objects reloaded before import = 1Number of asset objects unloaded after import = 2

========================================================================
Received Import Request.
  Time since last request: 14.811174 seconds.
  path: Assets/MyAssets/Prefabs/Material/ToonMaterial.mat
  artifactKey: Guid(fbf26796db1d2764aafe61179e8cc76f) Importer(815301076,1909f56bfc062723c751e8b465ee728b)
Start importing Assets/MyAssets/Prefabs/Material/ToonMaterial.mat using Guid(fbf26796db1d2764aafe61179e8cc76f) Importer(815301076,1909f56bfc062723c751e8b465ee728b) (PreviewImporter) -> (artifact id: 'b069a01812f6668d30421568988154e8') in 0.7653105 seconds
Number of updated asset objects reloaded before import = 1Number of asset objects unloaded after import = 2

========================================================================
Received Import Request.
  Time since last request: 85.768828 seconds.
  path: Assets/PurePoly/Free Fantasy RPG Weapons/Prefabs/PP_Theme_01_Arrow_001.prefab
  artifactKey: Guid(96711372ac71aa94d8ef04b40e9445f9) Importer(815301076,1909f56bfc062723c751e8b465ee728b)
Start importing Assets/PurePoly/Free Fantasy RPG Weapons/Prefabs/PP_Theme_01_Arrow_001.prefab using Guid(96711372ac71aa94d8ef04b40e9445f9) Importer(815301076,1909f56bfc062723c751e8b465ee728b) (PreviewImporter) -> (artifact id: 'df53a9693f829f9ac98a5b109bae5235') in 0.3721241 seconds
Number of updated asset objects reloaded before import = 1Number of asset objects unloaded after import = 10

========================================================================
Received Import Request.
  Time since last request: 0.000035 seconds.
  path: Assets/PurePoly/Free Fantasy RPG Weapons/Meshes/PP_Theme_01_Quiver_001.fbx
  artifactKey: Guid(a2bf7a146aa41214b81bb9f4f7557463) Importer(815301076,1909f56bfc062723c751e8b465ee728b)
Start importing Assets/PurePoly/Free Fantasy RPG Weapons/Meshes/PP_Theme_01_Quiver_001.fbx using Guid(a2bf7a146aa41214b81bb9f4f7557463) Importer(815301076,1909f56bfc062723c751e8b465ee728b) (PreviewImporter) -> (artifact id: '37fc9abe251fac1529f2c10b15dc6d23') in 0.0468631 seconds
Number of updated asset objects reloaded before import = 0Number of asset objects unloaded after import = 7

========================================================================
Received Import Request.
  Time since last request: 0.000063 seconds.
  path: Assets/PurePoly/Free Fantasy RPG Weapons/Meshes/PP_Theme_11_Sword_One-Handed_003.fbx
  artifactKey: Guid(04f985cdf7bfe8a4e8c32f7af2d69cf2) Importer(815301076,1909f56bfc062723c751e8b465ee728b)
Start importing Assets/PurePoly/Free Fantasy RPG Weapons/Meshes/PP_Theme_11_Sword_One-Handed_003.fbx using Guid(04f985cdf7bfe8a4e8c32f7af2d69cf2) Importer(815301076,1909f56bfc062723c751e8b465ee728b) (PreviewImporter) -> (artifact id: '0477f7d55684c8d483d00f32194ef94a') in 0.0209101 seconds
Number of updated asset objects reloaded before import = 0Number of asset objects unloaded after import = 7

========================================================================
Received Import Request.
  Time since last request: 0.000023 seconds.
  path: Assets/PurePoly/Free Fantasy RPG Weapons/Prefabs/PP_Theme_09_Throwing_Knife_003.prefab
  artifactKey: Guid(d1861434b39b5f24fa7e382f70176249) Importer(815301076,1909f56bfc062723c751e8b465ee728b)
Start importing Assets/PurePoly/Free Fantasy RPG Weapons/Prefabs/PP_Theme_09_Throwing_Knife_003.prefab using Guid(d1861434b39b5f24fa7e382f70176249) Importer(815301076,1909f56bfc062723c751e8b465ee728b) (PreviewImporter) -> (artifact id: '829215bc55ec4d90e830d7710f346199') in 0.0125421 seconds
Number of updated asset objects reloaded before import = 0Number of asset objects unloaded after import = 10

========================================================================
Received Import Request.
  Time since last request: 0.000026 seconds.
  path: Assets/PurePoly/Free Fantasy RPG Weapons/Prefabs/PP_Theme_01_Quiver_001.prefab
  artifactKey: Guid(aad88b220de78a8479c297a4c9a83c5a) Importer(815301076,1909f56bfc062723c751e8b465ee728b)
Start importing Assets/PurePoly/Free Fantasy RPG Weapons/Prefabs/PP_Theme_01_Quiver_001.prefab using Guid(aad88b220de78a8479c297a4c9a83c5a) Importer(815301076,1909f56bfc062723c751e8b465ee728b) (PreviewImporter) -> (artifact id: '0d08f0640bafcd7afd41a1ddb08c550d') in 0.0111299 seconds
Number of updated asset objects reloaded before import = 0Number of asset objects unloaded after import = 10

========================================================================
Received Import Request.
  Time since last request: 0.000026 seconds.
  path: Assets/PurePoly/Free Fantasy RPG Weapons/Meshes/PP_Theme_11_Axe_One_Handed_002.fbx
  artifactKey: Guid(0d77a1fcdec05354f98d25852e9c8c09) Importer(815301076,1909f56bfc062723c751e8b465ee728b)
Start importing Assets/PurePoly/Free Fantasy RPG Weapons/Meshes/PP_Theme_11_Axe_One_Handed_002.fbx using Guid(0d77a1fcdec05354f98d25852e9c8c09) Importer(815301076,1909f56bfc062723c751e8b465ee728b) (PreviewImporter) -> (artifact id: 'ab6db40d2e55432fb1158eadc438bd4e') in 0.0157399 seconds
Number of updated asset objects reloaded before import = 0Number of asset objects unloaded after import = 7

========================================================================
Received Import Request.
  Time since last request: 0.000032 seconds.
  path: Assets/PurePoly/Free Fantasy RPG Weapons/Meshes/PP_Theme_04_Scythe_001.fbx
  artifactKey: Guid(5a4446db03809d543a7d95819c9e14e2) Importer(815301076,1909f56bfc062723c751e8b465ee728b)
Start importing Assets/PurePoly/Free Fantasy RPG Weapons/Meshes/PP_Theme_04_Scythe_001.fbx using Guid(5a4446db03809d543a7d95819c9e14e2) Importer(815301076,1909f56bfc062723c751e8b465ee728b) (PreviewImporter) -> (artifact id: '2b323cfc1b41ccd58fe6306253372b50') in 0.0159953 seconds
Number of updated asset objects reloaded before import = 0Number of asset objects unloaded after import = 7

========================================================================
Received Import Request.
  Time since last request: 0.000025 seconds.
  path: Assets/PurePoly/Free Fantasy RPG Weapons/Meshes/PP_Theme_08_Wand_001.fbx
  artifactKey: Guid(e5badbc464f940847adff6a3abadb56c) Importer(815301076,1909f56bfc062723c751e8b465ee728b)
Start importing Assets/PurePoly/Free Fantasy RPG Weapons/Meshes/PP_Theme_08_Wand_001.fbx using Guid(e5badbc464f940847adff6a3abadb56c) Importer(815301076,1909f56bfc062723c751e8b465ee728b) (PreviewImporter) -> (artifact id: '0ebe665202d762407f65d5f91ec93b52') in 0.0162907 seconds
Number of updated asset objects reloaded before import = 0Number of asset objects unloaded after import = 7

========================================================================
Received Import Request.
  Time since last request: 0.000027 seconds.
  path: Assets/PurePoly/Free Fantasy RPG Weapons/Prefabs/PP_Theme_11_Axe_One_Handed_002.prefab
  artifactKey: Guid(2fb5024f5f565704c99523d552086f65) Importer(815301076,1909f56bfc062723c751e8b465ee728b)
Start importing Assets/PurePoly/Free Fantasy RPG Weapons/Prefabs/PP_Theme_11_Axe_One_Handed_002.prefab using Guid(2fb5024f5f565704c99523d552086f65) Importer(815301076,1909f56bfc062723c751e8b465ee728b) (PreviewImporter) -> (artifact id: '6996e7e7597f844aaf8e9f7a3732c3fa') in 0.0109736 seconds
Number of updated asset objects reloaded before import = 0Number of asset objects unloaded after import = 10

========================================================================
Received Import Request.
  Time since last request: 0.000029 seconds.
  path: Assets/PurePoly/Free Fantasy RPG Weapons/Meshes/PP_Theme_07_Scepter_001.fbx
  artifactKey: Guid(6f1a48b66181346468b4627154769336) Importer(815301076,1909f56bfc062723c751e8b465ee728b)
Start importing Assets/PurePoly/Free Fantasy RPG Weapons/Meshes/PP_Theme_07_Scepter_001.fbx using Guid(6f1a48b66181346468b4627154769336) Importer(815301076,1909f56bfc062723c751e8b465ee728b) (PreviewImporter) -> (artifact id: 'ada488877dca05ad62ea1c430496ed2b') in 0.0157619 seconds
Number of updated asset objects reloaded before import = 0Number of asset objects unloaded after import = 7

========================================================================
Received Import Request.
  Time since last request: 0.000041 seconds.
  path: Assets/PurePoly/Free Fantasy RPG Weapons/Meshes/PP_Theme_06_Potion_002.fbx
  artifactKey: Guid(f922323834fbadf4e8c8b6a238620de1) Importer(815301076,1909f56bfc062723c751e8b465ee728b)
Start importing Assets/PurePoly/Free Fantasy RPG Weapons/Meshes/PP_Theme_06_Potion_002.fbx using Guid(f922323834fbadf4e8c8b6a238620de1) Importer(815301076,1909f56bfc062723c751e8b465ee728b) (PreviewImporter) -> (artifact id: '6970a6f0887b550d7e3ad9b5aaffc1e7') in 0.0267629 seconds
Number of updated asset objects reloaded before import = 0Number of asset objects unloaded after import = 12

========================================================================
Received Import Request.
  Time since last request: 0.000027 seconds.
  path: Assets/PurePoly/Free Fantasy RPG Weapons/Meshes/PP_Theme_03_Hammer_001.fbx
  artifactKey: Guid(a5b5b3132d75a8348b483ef469436b87) Importer(815301076,1909f56bfc062723c751e8b465ee728b)
Start importing Assets/PurePoly/Free Fantasy RPG Weapons/Meshes/PP_Theme_03_Hammer_001.fbx using Guid(a5b5b3132d75a8348b483ef469436b87) Importer(815301076,1909f56bfc062723c751e8b465ee728b) (PreviewImporter) -> (artifact id: 'a7ac00197954ce7439d74dbf92930961') in 0.0148827 seconds
Number of updated asset objects reloaded before import = 0Number of asset objects unloaded after import = 7

========================================================================
Received Import Request.
  Time since last request: 0.000026 seconds.
  path: Assets/PurePoly/Free Fantasy RPG Weapons/Prefabs/PP_Theme_02_Fist_Weapon_001.prefab
  artifactKey: Guid(c4ce080535d87ee41a1553c060fa3144) Importer(815301076,1909f56bfc062723c751e8b465ee728b)
Start importing Assets/PurePoly/Free Fantasy RPG Weapons/Prefabs/PP_Theme_02_Fist_Weapon_001.prefab using Guid(c4ce080535d87ee41a1553c060fa3144) Importer(815301076,1909f56bfc062723c751e8b465ee728b) (PreviewImporter) -> (artifact id: '49f714c7f28396079bfa6d612465febb') in 0.0128905 seconds
Number of updated asset objects reloaded before import = 0Number of asset objects unloaded after import = 10

========================================================================
Received Import Request.
  Time since last request: 0.000031 seconds.
  path: Assets/PurePoly/Free Fantasy RPG Weapons/Meshes/PP_Theme_02_Bow_001.fbx
  artifactKey: Guid(f2313de6d6114514da7b09c4b6ac3fcf) Importer(815301076,1909f56bfc062723c751e8b465ee728b)
Start importing Assets/PurePoly/Free Fantasy RPG Weapons/Meshes/PP_Theme_02_Bow_001.fbx using Guid(f2313de6d6114514da7b09c4b6ac3fcf) Importer(815301076,1909f56bfc062723c751e8b465ee728b) (PreviewImporter) -> (artifact id: '54bfc2b13034e912578830f1f7728d98') in 0.020258 seconds
Number of updated asset objects reloaded before import = 0Number of asset objects unloaded after import = 7

========================================================================
Received Import Request.
  Time since last request: 0.000042 seconds.
  path: Assets/PurePoly/Free Fantasy RPG Weapons/Meshes/PP_Theme_02_Fist_Weapon_001.fbx
  artifactKey: Guid(56cc559067a545049a24eaa8afd3305b) Importer(815301076,1909f56bfc062723c751e8b465ee728b)
Start importing Assets/PurePoly/Free Fantasy RPG Weapons/Meshes/PP_Theme_02_Fist_Weapon_001.fbx using Guid(56cc559067a545049a24eaa8afd3305b) Importer(815301076,1909f56bfc062723c751e8b465ee728b) (PreviewImporter) -> (artifact id: '065d8e0816cc3e62e6f277c9fff3c8fc') in 0.0142807 seconds
Number of updated asset objects reloaded before import = 0Number of asset objects unloaded after import = 7

========================================================================
Received Import Request.
  Time since last request: 0.000026 seconds.
  path: Assets/PurePoly/Free Fantasy RPG Weapons/Prefabs/PP_Theme_06_Sword_Two-Handed_001.prefab
  artifactKey: Guid(fa7576413fbf339459d948aa3d3ebbe5) Importer(815301076,1909f56bfc062723c751e8b465ee728b)
Start importing Assets/PurePoly/Free Fantasy RPG Weapons/Prefabs/PP_Theme_06_Sword_Two-Handed_001.prefab using Guid(fa7576413fbf339459d948aa3d3ebbe5) Importer(815301076,1909f56bfc062723c751e8b465ee728b) (PreviewImporter) -> (artifact id: 'c943abcef4b28e7ca21de47a6f243f33') in 0.0142323 seconds
Number of updated asset objects reloaded before import = 0Number of asset objects unloaded after import = 10

========================================================================
Received Import Request.
  Time since last request: 0.000035 seconds.
  path: Assets/PurePoly/Free Fantasy RPG Weapons/Prefabs/PP_Theme_05_Chakram_001.prefab
  artifactKey: Guid(9214597ca565f5840be2b48f71eb9966) Importer(815301076,1909f56bfc062723c751e8b465ee728b)
Start importing Assets/PurePoly/Free Fantasy RPG Weapons/Prefabs/PP_Theme_05_Chakram_001.prefab using Guid(9214597ca565f5840be2b48f71eb9966) Importer(815301076,1909f56bfc062723c751e8b465ee728b) (PreviewImporter) -> (artifact id: '114417a57dcaf381e4886c114700bd63') in 0.0126503 seconds
Number of updated asset objects reloaded before import = 0Number of asset objects unloaded after import = 10

========================================================================
Received Import Request.
  Time since last request: 0.000036 seconds.
  path: Assets/PurePoly/Free Fantasy RPG Weapons/Meshes/PP_Theme_09_Throwing_Knife_003.fbx
  artifactKey: Guid(f9ae6c89b08847149a4ea799204f2451) Importer(815301076,1909f56bfc062723c751e8b465ee728b)
Start importing Assets/PurePoly/Free Fantasy RPG Weapons/Meshes/PP_Theme_09_Throwing_Knife_003.fbx using Guid(f9ae6c89b08847149a4ea799204f2451) Importer(815301076,1909f56bfc062723c751e8b465ee728b) (PreviewImporter) -> (artifact id: '38b395c25372556edde93dd79a4838be') in 0.0142189 seconds
Number of updated asset objects reloaded before import = 0Number of asset objects unloaded after import = 7

========================================================================
Received Import Request.
  Time since last request: 0.000037 seconds.
  path: Assets/PurePoly/Free Fantasy RPG Weapons/Prefabs/PP_Theme_07_Spear_002.prefab
  artifactKey: Guid(87a7691b577e73842977fe43683577b1) Importer(815301076,1909f56bfc062723c751e8b465ee728b)
Start importing Assets/PurePoly/Free Fantasy RPG Weapons/Prefabs/PP_Theme_07_Spear_002.prefab using Guid(87a7691b577e73842977fe43683577b1) Importer(815301076,1909f56bfc062723c751e8b465ee728b) (PreviewImporter) -> (artifact id: 'e5a6883d950ae95ef62e76a4de5fb789') in 0.013019 seconds
Number of updated asset objects reloaded before import = 0Number of asset objects unloaded after import = 10

========================================================================
Received Import Request.
  Time since last request: 0.000034 seconds.
  path: Assets/PurePoly/Free Fantasy RPG Weapons/Prefabs/PP_Theme_09_Horn_003.prefab
  artifactKey: Guid(3441d49fa3ca7744a95e9dfd2aba3f54) Importer(815301076,1909f56bfc062723c751e8b465ee728b)
Start importing Assets/PurePoly/Free Fantasy RPG Weapons/Prefabs/PP_Theme_09_Horn_003.prefab using Guid(3441d49fa3ca7744a95e9dfd2aba3f54) Importer(815301076,1909f56bfc062723c751e8b465ee728b) (PreviewImporter) -> (artifact id: '7c35140071db287307a055a26c5eb0cd') in 0.0159548 seconds
Number of updated asset objects reloaded before import = 0Number of asset objects unloaded after import = 10

========================================================================
Received Import Request.
  Time since last request: 0.000032 seconds.
  path: Assets/PurePoly/Free Fantasy RPG Weapons/Prefabs/PP_Theme_05_Dynamite_003.prefab
  artifactKey: Guid(6cdb04d4ca8080a40ac448e988452783) Importer(815301076,1909f56bfc062723c751e8b465ee728b)
Start importing Assets/PurePoly/Free Fantasy RPG Weapons/Prefabs/PP_Theme_05_Dynamite_003.prefab using Guid(6cdb04d4ca8080a40ac448e988452783) Importer(815301076,1909f56bfc062723c751e8b465ee728b) (PreviewImporter) -> (artifact id: '39cc2e1f439786f6655b2e6d1ee38d79') in 0.0137698 seconds
Number of updated asset objects reloaded before import = 0Number of asset objects unloaded after import = 10

========================================================================
Received Import Request.
  Time since last request: 0.000033 seconds.
  path: Assets/PurePoly/Free Fantasy RPG Weapons/Prefabs/PP_Theme_01_Shield_005.prefab
  artifactKey: Guid(4603d2cd3ffcb6e46add7daf3a524b6c) Importer(815301076,1909f56bfc062723c751e8b465ee728b)
Start importing Assets/PurePoly/Free Fantasy RPG Weapons/Prefabs/PP_Theme_01_Shield_005.prefab using Guid(4603d2cd3ffcb6e46add7daf3a524b6c) Importer(815301076,1909f56bfc062723c751e8b465ee728b) (PreviewImporter) -> (artifact id: '34a85dd3c903c63d418bce76a4b441f6') in 0.0146248 seconds
Number of updated asset objects reloaded before import = 0Number of asset objects unloaded after import = 10

========================================================================
Received Import Request.
  Time since last request: 0.000053 seconds.
  path: Assets/PurePoly/Free Fantasy RPG Weapons/Meshes/PP_Theme_01_Axe_Two_Handed_002.fbx
  artifactKey: Guid(aeda2134d1d446147a2a17e6da2b4418) Importer(815301076,1909f56bfc062723c751e8b465ee728b)
Start importing Assets/PurePoly/Free Fantasy RPG Weapons/Meshes/PP_Theme_01_Axe_Two_Handed_002.fbx using Guid(aeda2134d1d446147a2a17e6da2b4418) Importer(815301076,1909f56bfc062723c751e8b465ee728b) (PreviewImporter) -> (artifact id: 'f3bd6e1a5e8da434309815bd5947aa20') in 0.0175851 seconds
Number of updated asset objects reloaded before import = 0Number of asset objects unloaded after import = 7

========================================================================
Received Import Request.
  Time since last request: 0.000026 seconds.
  path: Assets/PurePoly/Free Fantasy RPG Weapons/Prefabs/PP_Theme_08_Wand_001.prefab
  artifactKey: Guid(ac911dff3c449f54bbd04beffadcf9c1) Importer(815301076,1909f56bfc062723c751e8b465ee728b)
Start importing Assets/PurePoly/Free Fantasy RPG Weapons/Prefabs/PP_Theme_08_Wand_001.prefab using Guid(ac911dff3c449f54bbd04beffadcf9c1) Importer(815301076,1909f56bfc062723c751e8b465ee728b) (PreviewImporter) -> (artifact id: 'd89518c9fe913604c69f25b095180fbf') in 0.0135337 seconds
Number of updated asset objects reloaded before import = 0Number of asset objects unloaded after import = 10

========================================================================
Received Import Request.
  Time since last request: 0.000030 seconds.
  path: Assets/PurePoly/Free Fantasy RPG Weapons/Meshes/PP_Theme_09_Key_002.fbx
  artifactKey: Guid(3a242c2ba09338e45a33578083792d13) Importer(815301076,1909f56bfc062723c751e8b465ee728b)
Start importing Assets/PurePoly/Free Fantasy RPG Weapons/Meshes/PP_Theme_09_Key_002.fbx using Guid(3a242c2ba09338e45a33578083792d13) Importer(815301076,1909f56bfc062723c751e8b465ee728b) (PreviewImporter) -> (artifact id: '35d5c5c0f0752874881f02f61725776d') in 0.0150236 seconds
Number of updated asset objects reloaded before import = 0Number of asset objects unloaded after import = 7

========================================================================
Received Import Request.
  Time since last request: 0.000029 seconds.
  path: Assets/PurePoly/Free Fantasy RPG Weapons/Meshes/PP_Theme_09_Spear_005.fbx
  artifactKey: Guid(6cc200a1c3a24034695eea18d310463e) Importer(815301076,1909f56bfc062723c751e8b465ee728b)
Start importing Assets/PurePoly/Free Fantasy RPG Weapons/Meshes/PP_Theme_09_Spear_005.fbx using Guid(6cc200a1c3a24034695eea18d310463e) Importer(815301076,1909f56bfc062723c751e8b465ee728b) (PreviewImporter) -> (artifact id: '6884eff4336e2598e35193f7a6cb1e03') in 0.0181223 seconds
Number of updated asset objects reloaded before import = 0Number of asset objects unloaded after import = 7

========================================================================
Received Import Request.
  Time since last request: 0.000039 seconds.
  path: Assets/PurePoly/Free Fantasy RPG Weapons/Prefabs/PP_Theme_07_Scepter_001.prefab
  artifactKey: Guid(cff5dffe00fae3646b02cf6f01cb6514) Importer(815301076,1909f56bfc062723c751e8b465ee728b)
Start importing Assets/PurePoly/Free Fantasy RPG Weapons/Prefabs/PP_Theme_07_Scepter_001.prefab using Guid(cff5dffe00fae3646b02cf6f01cb6514) Importer(815301076,1909f56bfc062723c751e8b465ee728b) (PreviewImporter) -> (artifact id: 'e2b56003412d8902d0c50daf9bbb96ed') in 0.0132656 seconds
Number of updated asset objects reloaded before import = 0Number of asset objects unloaded after import = 10

========================================================================
Received Import Request.
  Time since last request: 0.000029 seconds.
  path: Assets/PurePoly/Free Fantasy RPG Weapons/Meshes/PP_Theme_03_Bomb_003.fbx
  artifactKey: Guid(5e63f51255e6c5e4ca9bea3868cd2e5d) Importer(815301076,1909f56bfc062723c751e8b465ee728b)
Start importing Assets/PurePoly/Free Fantasy RPG Weapons/Meshes/PP_Theme_03_Bomb_003.fbx using Guid(5e63f51255e6c5e4ca9bea3868cd2e5d) Importer(815301076,1909f56bfc062723c751e8b465ee728b) (PreviewImporter) -> (artifact id: '9f461af97a5cb2eb90278a24118ea35d') in 0.0257129 seconds
Number of updated asset objects reloaded before import = 0Number of asset objects unloaded after import = 7

========================================================================
Received Import Request.
  Time since last request: 0.000027 seconds.
  path: Assets/PurePoly/Free Fantasy RPG Weapons/Meshes/PP_Theme_05_Dynamite_003.fbx
  artifactKey: Guid(7841e860bdc259f46a11daf0a2d503f1) Importer(815301076,1909f56bfc062723c751e8b465ee728b)
Start importing Assets/PurePoly/Free Fantasy RPG Weapons/Meshes/PP_Theme_05_Dynamite_003.fbx using Guid(7841e860bdc259f46a11daf0a2d503f1) Importer(815301076,1909f56bfc062723c751e8b465ee728b) (PreviewImporter) -> (artifact id: '9f20d971ff922937b17e4b338a6bde95') in 0.0132492 seconds
Number of updated asset objects reloaded before import = 0Number of asset objects unloaded after import = 7

========================================================================
Received Import Request.
  Time since last request: 0.000028 seconds.
  path: Assets/PurePoly/Free Fantasy RPG Weapons/Prefabs/PP_Theme_06_Shield_002.prefab
  artifactKey: Guid(d0b97dcf82176ee4b87390de505ac293) Importer(815301076,1909f56bfc062723c751e8b465ee728b)
Start importing Assets/PurePoly/Free Fantasy RPG Weapons/Prefabs/PP_Theme_06_Shield_002.prefab using Guid(d0b97dcf82176ee4b87390de505ac293) Importer(815301076,1909f56bfc062723c751e8b465ee728b) (PreviewImporter) -> (artifact id: 'c99402a0b16d6b6505285bcb6549bb17') in 0.0132174 seconds
Number of updated asset objects reloaded before import = 0Number of asset objects unloaded after import = 10

========================================================================
Received Import Request.
  Time since last request: 0.000040 seconds.
  path: Assets/PurePoly/Free Fantasy RPG Weapons/Prefabs/PP_Theme_04_Spellbook_003.prefab
  artifactKey: Guid(0c90db8fea3862442b559c97aca37ba7) Importer(815301076,1909f56bfc062723c751e8b465ee728b)
Start importing Assets/PurePoly/Free Fantasy RPG Weapons/Prefabs/PP_Theme_04_Spellbook_003.prefab using Guid(0c90db8fea3862442b559c97aca37ba7) Importer(815301076,1909f56bfc062723c751e8b465ee728b) (PreviewImporter) -> (artifact id: '59046ce97179c3c12b321d0a83284082') in 0.0128915 seconds
Number of updated asset objects reloaded before import = 0Number of asset objects unloaded after import = 10

========================================================================
Received Import Request.
  Time since last request: 0.000030 seconds.
  path: Assets/PurePoly/Free Fantasy RPG Weapons/Prefabs/PP_Theme_02_Bow_001.prefab
  artifactKey: Guid(a289b446aad1c354c849ab51a03a78ab) Importer(815301076,1909f56bfc062723c751e8b465ee728b)
Start importing Assets/PurePoly/Free Fantasy RPG Weapons/Prefabs/PP_Theme_02_Bow_001.prefab using Guid(a289b446aad1c354c849ab51a03a78ab) Importer(815301076,1909f56bfc062723c751e8b465ee728b) (PreviewImporter) -> (artifact id: '607316f7b181ed1f3babd0f86398a63d') in 0.0127318 seconds
Number of updated asset objects reloaded before import = 0Number of asset objects unloaded after import = 10

========================================================================
Received Import Request.
  Time since last request: 0.000029 seconds.
  path: Assets/PurePoly/Free Fantasy RPG Weapons/Meshes/PP_Theme_10_Dagger_002.fbx
  artifactKey: Guid(48c40f250cf71ae4596f990fecdf6cad) Importer(815301076,1909f56bfc062723c751e8b465ee728b)
Start importing Assets/PurePoly/Free Fantasy RPG Weapons/Meshes/PP_Theme_10_Dagger_002.fbx using Guid(48c40f250cf71ae4596f990fecdf6cad) Importer(815301076,1909f56bfc062723c751e8b465ee728b) (PreviewImporter) -> (artifact id: '5473c7f655b06213b64ba120d9af4987') in 0.0142375 seconds
Number of updated asset objects reloaded before import = 0Number of asset objects unloaded after import = 7

========================================================================
Received Import Request.
  Time since last request: 0.000028 seconds.
  path: Assets/PurePoly/Free Fantasy RPG Weapons/Prefabs/PP_Theme_04_Scythe_001.prefab
  artifactKey: Guid(bc956f77213138048b30d54ab626e70a) Importer(815301076,1909f56bfc062723c751e8b465ee728b)
Start importing Assets/PurePoly/Free Fantasy RPG Weapons/Prefabs/PP_Theme_04_Scythe_001.prefab using Guid(bc956f77213138048b30d54ab626e70a) Importer(815301076,1909f56bfc062723c751e8b465ee728b) (PreviewImporter) -> (artifact id: '5a3f89a95d90249d61cde07654ba2bfe') in 0.0108636 seconds
Number of updated asset objects reloaded before import = 0Number of asset objects unloaded after import = 10

========================================================================
Received Import Request.
  Time since last request: 0.000055 seconds.
  path: Assets/PurePoly/Free Fantasy RPG Weapons/Meshes/PP_Theme_07_Spear_002.fbx
  artifactKey: Guid(3ea12b315dfa3914d96d2432f1a9c444) Importer(815301076,1909f56bfc062723c751e8b465ee728b)
Start importing Assets/PurePoly/Free Fantasy RPG Weapons/Meshes/PP_Theme_07_Spear_002.fbx using Guid(3ea12b315dfa3914d96d2432f1a9c444) Importer(815301076,1909f56bfc062723c751e8b465ee728b) (PreviewImporter) -> (artifact id: 'a238f86f4d2983202e93f64a772eb129') in 0.0138889 seconds
Number of updated asset objects reloaded before import = 0Number of asset objects unloaded after import = 7

========================================================================
Received Import Request.
  Time since last request: 0.000029 seconds.
  path: Assets/PurePoly/Free Fantasy RPG Weapons/Meshes/PP_Theme_04_Spellbook_003.fbx
  artifactKey: Guid(b25e5ef2999acf7409ace699c8ac2fa4) Importer(815301076,1909f56bfc062723c751e8b465ee728b)
Start importing Assets/PurePoly/Free Fantasy RPG Weapons/Meshes/PP_Theme_04_Spellbook_003.fbx using Guid(b25e5ef2999acf7409ace699c8ac2fa4) Importer(815301076,1909f56bfc062723c751e8b465ee728b) (PreviewImporter) -> (artifact id: 'fc04c435cb238b689fe3ec5c2cc51788') in 0.0142776 seconds
Number of updated asset objects reloaded before import = 0Number of asset objects unloaded after import = 7

========================================================================
Received Import Request.
  Time since last request: 0.000026 seconds.
  path: Assets/PurePoly/Free Fantasy RPG Weapons/Meshes/PP_Theme_06_Shield_002.fbx
  artifactKey: Guid(05f18b7bc4206d2409dd3224d7767d38) Importer(815301076,1909f56bfc062723c751e8b465ee728b)
Start importing Assets/PurePoly/Free Fantasy RPG Weapons/Meshes/PP_Theme_06_Shield_002.fbx using Guid(05f18b7bc4206d2409dd3224d7767d38) Importer(815301076,1909f56bfc062723c751e8b465ee728b) (PreviewImporter) -> (artifact id: '0d8092a20c30ad049c9be9e60a2cb5b0') in 0.0174039 seconds
Number of updated asset objects reloaded before import = 0Number of asset objects unloaded after import = 7

========================================================================
Received Import Request.
  Time since last request: 0.000048 seconds.
  path: Assets/PurePoly/Free Fantasy RPG Weapons/Meshes/PP_Theme_09_Horn_003.fbx
  artifactKey: Guid(5114a0f6a24efb649a3502c4856bbd21) Importer(815301076,1909f56bfc062723c751e8b465ee728b)
Start importing Assets/PurePoly/Free Fantasy RPG Weapons/Meshes/PP_Theme_09_Horn_003.fbx using Guid(5114a0f6a24efb649a3502c4856bbd21) Importer(815301076,1909f56bfc062723c751e8b465ee728b) (PreviewImporter) -> (artifact id: '59e1b213a031e64bcf772c41d320de8e') in 0.0143629 seconds
Number of updated asset objects reloaded before import = 0Number of asset objects unloaded after import = 7

========================================================================
Received Import Request.
  Time since last request: 0.000039 seconds.
  path: Assets/PurePoly/Free Fantasy RPG Weapons/Meshes/PP_Theme_05_Chakram_001.fbx
  artifactKey: Guid(ab4c58d12f8142a4e9e10a8a17f349eb) Importer(815301076,1909f56bfc062723c751e8b465ee728b)
Start importing Assets/PurePoly/Free Fantasy RPG Weapons/Meshes/PP_Theme_05_Chakram_001.fbx using Guid(ab4c58d12f8142a4e9e10a8a17f349eb) Importer(815301076,1909f56bfc062723c751e8b465ee728b) (PreviewImporter) -> (artifact id: '4d86b05a5ed69c27f94cb8c0727d03ed') in 0.0140272 seconds
Number of updated asset objects reloaded before import = 0Number of asset objects unloaded after import = 7

========================================================================
Received Import Request.
  Time since last request: 0.000025 seconds.
  path: Assets/PurePoly/Free Fantasy RPG Weapons/Meshes/PP_Theme_01_Arrow_001.fbx
  artifactKey: Guid(ad69428b44c938e48ad6d8d96d1c7e78) Importer(815301076,1909f56bfc062723c751e8b465ee728b)
Start importing Assets/PurePoly/Free Fantasy RPG Weapons/Meshes/PP_Theme_01_Arrow_001.fbx using Guid(ad69428b44c938e48ad6d8d96d1c7e78) Importer(815301076,1909f56bfc062723c751e8b465ee728b) (PreviewImporter) -> (artifact id: 'd5fdd1c31e77c5ba1a029179250c4481') in 0.0142656 seconds
Number of updated asset objects reloaded before import = 0Number of asset objects unloaded after import = 7

========================================================================
Received Import Request.
  Time since last request: 11.481968 seconds.
  path: Assets/Stylized NPC - Peasant Nolant/Materials/Peasant Nolant Blue.mat
  artifactKey: Guid(c0eef74a623ce29459e6b936afe3c76a) Importer(815301076,1909f56bfc062723c751e8b465ee728b)
Start importing Assets/Stylized NPC - Peasant Nolant/Materials/Peasant Nolant Blue.mat using Guid(c0eef74a623ce29459e6b936afe3c76a) Importer(815301076,1909f56bfc062723c751e8b465ee728b) (PreviewImporter) -> (artifact id: '614daf457fe332ac653b89a506ca7981') in 0.030015 seconds
Number of updated asset objects reloaded before import = 0Number of asset objects unloaded after import = 2

========================================================================
Received Import Request.
  Time since last request: 0.000024 seconds.
  path: Assets/Stylized NPC - Peasant Nolant/Materials/Peasant Nolant Yellow.mat
  artifactKey: Guid(b5588b6e42615a54586d7cf12825dcd8) Importer(815301076,1909f56bfc062723c751e8b465ee728b)
Start importing Assets/Stylized NPC - Peasant Nolant/Materials/Peasant Nolant Yellow.mat using Guid(b5588b6e42615a54586d7cf12825dcd8) Importer(815301076,1909f56bfc062723c751e8b465ee728b) (PreviewImporter) -> (artifact id: '685fa19e790c594027b17d55a7a590d1') in 0.015089 seconds
Number of updated asset objects reloaded before import = 0Number of asset objects unloaded after import = 2

========================================================================
Received Import Request.
  Time since last request: 4.825343 seconds.
  path: Assets/Stylized NPC - Peasant Nolant/Prefabs/Peasant Nolant Blue(Free Version).prefab
  artifactKey: Guid(64db8d48fab1ceb43a8ee5d52643029a) Importer(815301076,1909f56bfc062723c751e8b465ee728b)
Start importing Assets/Stylized NPC - Peasant Nolant/Prefabs/Peasant Nolant Blue(Free Version).prefab using Guid(64db8d48fab1ceb43a8ee5d52643029a) Importer(815301076,1909f56bfc062723c751e8b465ee728b) (PreviewImporter) -> (artifact id: 'bcffffbe0dc920ad984476ff41bddee4') in 0.06984 seconds
Number of updated asset objects reloaded before import = 0Number of asset objects unloaded after import = 114

========================================================================
Received Import Request.
  Time since last request: 0.000034 seconds.
  path: Assets/Stylized NPC - Peasant Nolant/Prefabs/Peasant Nolant Green(Free Version).prefab
  artifactKey: Guid(7d67ac5cfda0b944580afbed7561ec82) Importer(815301076,1909f56bfc062723c751e8b465ee728b)
Start importing Assets/Stylized NPC - Peasant Nolant/Prefabs/Peasant Nolant Green(Free Version).prefab using Guid(7d67ac5cfda0b944580afbed7561ec82) Importer(815301076,1909f56bfc062723c751e8b465ee728b) (PreviewImporter) -> (artifact id: '581da3546c377ce6a02b089a3c2bb062') in 0.018354 seconds
Number of updated asset objects reloaded before import = 0Number of asset objects unloaded after import = 114

========================================================================
Received Import Request.
  Time since last request: 19.496635 seconds.
  path: Assets/SazenGames/Skeleton/Art/Animations/Skeleton_fall.fbx
  artifactKey: Guid(b3175ff2052d36d449f784bb41bf92f2) Importer(815301076,1909f56bfc062723c751e8b465ee728b)
Start importing Assets/SazenGames/Skeleton/Art/Animations/Skeleton_fall.fbx using Guid(b3175ff2052d36d449f784bb41bf92f2) Importer(815301076,1909f56bfc062723c751e8b465ee728b) (PreviewImporter) -> (artifact id: '978103b00eba1c7de41b4eda5a181f71') in 0.0594041 seconds
Number of updated asset objects reloaded before import = 0Number of asset objects unloaded after import = 174

========================================================================
Received Import Request.
  Time since last request: 0.000029 seconds.
  path: Assets/PurePoly/Free Fantasy RPG Weapons/Materials/PP_Ground.mat
  artifactKey: Guid(b6c6c12778742f74587225971bba2556) Importer(815301076,1909f56bfc062723c751e8b465ee728b)
Start importing Assets/PurePoly/Free Fantasy RPG Weapons/Materials/PP_Ground.mat using Guid(b6c6c12778742f74587225971bba2556) Importer(815301076,1909f56bfc062723c751e8b465ee728b) (PreviewImporter) -> (artifact id: 'd9302505603cf9aa226824a84e512e4c') in 0.0112701 seconds
Number of updated asset objects reloaded before import = 0Number of asset objects unloaded after import = 1

========================================================================
Received Import Request.
  Time since last request: 0.000037 seconds.
  path: Assets/Polytope Studio/Lowpoly_Demos/Environment_Free/Helpers/Plane mat.mat
  artifactKey: Guid(4c216a70af6ef22419431af877580ddb) Importer(815301076,1909f56bfc062723c751e8b465ee728b)
Start importing Assets/Polytope Studio/Lowpoly_Demos/Environment_Free/Helpers/Plane mat.mat using Guid(4c216a70af6ef22419431af877580ddb) Importer(815301076,1909f56bfc062723c751e8b465ee728b) (PreviewImporter) -> (artifact id: 'ff0dff5dd80f567f493514ba99c9a9d2') in 0.0102767 seconds
Number of updated asset objects reloaded before import = 0Number of asset objects unloaded after import = 1

========================================================================
Received Import Request.
  Time since last request: 0.000026 seconds.
  path: Assets/Polytope Studio/Lowpoly_Village/Sources/Materials/PT_Buildings_mat.mat
  artifactKey: Guid(d55b08511377b684395dab1b9fba6a16) Importer(815301076,1909f56bfc062723c751e8b465ee728b)
Start importing Assets/Polytope Studio/Lowpoly_Village/Sources/Materials/PT_Buildings_mat.mat using Guid(d55b08511377b684395dab1b9fba6a16) Importer(815301076,1909f56bfc062723c751e8b465ee728b) (PreviewImporter) -> (artifact id: 'cce9a561cb1e7b88bf5e9525bf9106e0') in 0.0124305 seconds
Number of updated asset objects reloaded before import = 0Number of asset objects unloaded after import = 3

========================================================================
Received Import Request.
  Time since last request: 0.000027 seconds.
  path: Assets/PurePoly/Free Fantasy RPG Weapons/Materials/PP_Standard_Material.mat
  artifactKey: Guid(1ed5c689ba8eacc4c8e9d3b8ba968880) Importer(815301076,1909f56bfc062723c751e8b465ee728b)
Start importing Assets/PurePoly/Free Fantasy RPG Weapons/Materials/PP_Standard_Material.mat using Guid(1ed5c689ba8eacc4c8e9d3b8ba968880) Importer(815301076,1909f56bfc062723c751e8b465ee728b) (PreviewImporter) -> (artifact id: '36cdf33094bfa5219c2c1f90a31e4dba') in 0.0120987 seconds
Number of updated asset objects reloaded before import = 0Number of asset objects unloaded after import = 2

========================================================================
Received Import Request.
  Time since last request: 0.000034 seconds.
  path: Assets/SazenGames/Skeleton/Art/Animations/Skeleton_jump.fbx
  artifactKey: Guid(df23cde223aba7c4480eaceb08ba0e37) Importer(815301076,1909f56bfc062723c751e8b465ee728b)
Start importing Assets/SazenGames/Skeleton/Art/Animations/Skeleton_jump.fbx using Guid(df23cde223aba7c4480eaceb08ba0e37) Importer(815301076,1909f56bfc062723c751e8b465ee728b) (PreviewImporter) -> (artifact id: 'afcfde6315745d37cb4e5577f04422b8') in 0.0544748 seconds
Number of updated asset objects reloaded before import = 0Number of asset objects unloaded after import = 174

========================================================================
Received Import Request.
  Time since last request: 0.000040 seconds.
  path: Assets/MyAssets/Shaders/Toon/New Shader Graph.shadergraph
  artifactKey: Guid(7e81418be06950d49a0b99adc8a49f2c) Importer(815301076,1909f56bfc062723c751e8b465ee728b)
Start importing Assets/MyAssets/Shaders/Toon/New Shader Graph.shadergraph using Guid(7e81418be06950d49a0b99adc8a49f2c) Importer(815301076,1909f56bfc062723c751e8b465ee728b) (PreviewImporter) -> (artifact id: '3f311378a7b0ef8cac0470eecf9e4947') in 4.0916454 seconds
Number of updated asset objects reloaded before import = 0Number of asset objects unloaded after import = 5

========================================================================
Received Import Request.
  Time since last request: 10.393641 seconds.
  path: Assets/Stylized NPC - Peasant Nolant/Models/Material.mat
  artifactKey: Guid(da377176c4a86694e9d1daf4f6fa5b2c) Importer(815301076,1909f56bfc062723c751e8b465ee728b)
Start importing Assets/Stylized NPC - Peasant Nolant/Models/Material.mat using Guid(da377176c4a86694e9d1daf4f6fa5b2c) Importer(815301076,1909f56bfc062723c751e8b465ee728b) (PreviewImporter) -> (artifact id: 'e164fb9a9f85985725ae0197b4ef7389') in 0.0355822 seconds
Number of updated asset objects reloaded before import = 0Number of asset objects unloaded after import = 2

