Base path: 'D:/Unity Projects/Unity Editor/6000.0.60f1/Editor/Data', plugins path 'D:/Unity Projects/Unity Editor/6000.0.60f1/Editor/Data/PlaybackEngines'
Cmd: initializeCompiler

Cmd: compileSnippet
  insize=687 file=Assets/MyAssets/Shaders/Fog/FogShader.shader name=Custom/FogShader pass=FogPass ppOnly=0 stripLineD=0 buildPlatform=19 rsLen=0 pKW=UNITY_ENABLE_REFLECTION_BUFFERS UNITY_USE_DITHER_MASK_FOR_ALPHABLENDED_SHADOWS UNITY_PBS_USE_BRDF1 UNITY_SPECCUBE_BOX_PROJECTION UNITY_SPECCUBE_BLENDING UNITY_ENABLE_DETAIL_NORMALMAP SHADER_API_DESKTOP UNITY_LIGHT_PROBE_PROXY_VOLUME UNITY_LIGHTMAP_FULL_HDR UNITY_PLATFORM_SUPPORTS_DEPTH_FETCH uKW= dKW=UNITY_NO_DXT5nm UNITY_FRAMEBUFFER_FETCH_AVAILABLE UNITY_METAL_SHADOWS_USE_POINT_FILTERING UNITY_NO_SCREENSPACE_SHADOWS UNITY_PBS_USE_BRDF2 UNITY_PBS_USE_BRDF3 UNITY_HARDWARE_TIER1 UNITY_HARDWARE_TIER2 UNITY_HARDWARE_TIER3 UNITY_COLORSPACE_GAMMA UNITY_LIGHTMAP_DLDR_ENCODING UNITY_LIGHTMAP_RGBM_ENCODING UNITY_VIRTUAL_TEXTURING UNITY_PRETRANSFORM_TO_DISPLAY_ORIENTATION UNITY_ASTC_NORMALMAP_ENCODING SHADER_API_GLES30 SHADER_API_GLES31 SHADER_API_GLES32 UNITY_UNIFIED_SHADER_PRECISION_MODEL flags=0 lang=3 type=Fragment platform=d3d11 reqs=227 mask=6 start=30  error: 1 plat 4 at Assets/MyAssets/Shaders/Fog/FogPass.hlsl(11): implicit truncation of vector type
  error: 2 plat 4 at Assets/MyAssets/Shaders/Fog/FogPass.hlsl(32): unrecognized identifier 'size'
 ok=0 outsize=0


Cmd: compileSnippet
  insize=687 file=Assets/MyAssets/Shaders/Fog/FogShader.shader name=Custom/FogShader pass=FogPass ppOnly=0 stripLineD=0 buildPlatform=19 rsLen=0 pKW=UNITY_ENABLE_REFLECTION_BUFFERS UNITY_USE_DITHER_MASK_FOR_ALPHABLENDED_SHADOWS UNITY_PBS_USE_BRDF1 UNITY_SPECCUBE_BOX_PROJECTION UNITY_SPECCUBE_BLENDING UNITY_ENABLE_DETAIL_NORMALMAP SHADER_API_DESKTOP UNITY_LIGHT_PROBE_PROXY_VOLUME UNITY_LIGHTMAP_FULL_HDR UNITY_PLATFORM_SUPPORTS_DEPTH_FETCH uKW= dKW=UNITY_NO_DXT5nm UNITY_FRAMEBUFFER_FETCH_AVAILABLE UNITY_METAL_SHADOWS_USE_POINT_FILTERING UNITY_NO_SCREENSPACE_SHADOWS UNITY_PBS_USE_BRDF2 UNITY_PBS_USE_BRDF3 UNITY_HARDWARE_TIER1 UNITY_HARDWARE_TIER2 UNITY_HARDWARE_TIER3 UNITY_COLORSPACE_GAMMA UNITY_LIGHTMAP_DLDR_ENCODING UNITY_LIGHTMAP_RGBM_ENCODING UNITY_VIRTUAL_TEXTURING UNITY_PRETRANSFORM_TO_DISPLAY_ORIENTATION UNITY_ASTC_NORMALMAP_ENCODING SHADER_API_GLES30 SHADER_API_GLES31 SHADER_API_GLES32 UNITY_UNIFIED_SHADER_PRECISION_MODEL flags=0 lang=3 type=Vertex platform=d3d11 reqs=227 mask=6 start=30  error: 1 plat 4 at Assets/MyAssets/Shaders/Fog/FogPass.hlsl(11): implicit truncation of vector type
 ok=1 outsize=618


Cmd: compileSnippet
  insize=687 file=Assets/MyAssets/Shaders/Fog/FogShader.shader name=Custom/FogShader pass=FogPass ppOnly=0 stripLineD=0 buildPlatform=19 rsLen=0 pKW=UNITY_ENABLE_REFLECTION_BUFFERS UNITY_USE_DITHER_MASK_FOR_ALPHABLENDED_SHADOWS UNITY_PBS_USE_BRDF1 UNITY_SPECCUBE_BOX_PROJECTION UNITY_SPECCUBE_BLENDING UNITY_ENABLE_DETAIL_NORMALMAP SHADER_API_DESKTOP UNITY_LIGHT_PROBE_PROXY_VOLUME UNITY_LIGHTMAP_FULL_HDR UNITY_PLATFORM_SUPPORTS_DEPTH_FETCH uKW= dKW=UNITY_NO_DXT5nm UNITY_FRAMEBUFFER_FETCH_AVAILABLE UNITY_METAL_SHADOWS_USE_POINT_FILTERING UNITY_NO_SCREENSPACE_SHADOWS UNITY_PBS_USE_BRDF2 UNITY_PBS_USE_BRDF3 UNITY_HARDWARE_TIER1 UNITY_HARDWARE_TIER2 UNITY_HARDWARE_TIER3 UNITY_COLORSPACE_GAMMA UNITY_LIGHTMAP_DLDR_ENCODING UNITY_LIGHTMAP_RGBM_ENCODING UNITY_VIRTUAL_TEXTURING UNITY_PRETRANSFORM_TO_DISPLAY_ORIENTATION UNITY_ASTC_NORMALMAP_ENCODING SHADER_API_GLES30 SHADER_API_GLES31 SHADER_API_GLES32 UNITY_UNIFIED_SHADER_PRECISION_MODEL flags=0 lang=3 type=Fragment platform=d3d11 reqs=227 mask=6 start=30  error: 1 plat 4 at Assets/MyAssets/Shaders/Fog/FogPass.hlsl(11): implicit truncation of vector type
 ok=1 outsize=786


Cmd: compileSnippet
  insize=687 file=Assets/MyAssets/Shaders/Fog/FogShader.shader name=Custom/FogShader pass=FogPass ppOnly=0 stripLineD=0 buildPlatform=19 rsLen=0 pKW=UNITY_ENABLE_REFLECTION_BUFFERS UNITY_USE_DITHER_MASK_FOR_ALPHABLENDED_SHADOWS UNITY_PBS_USE_BRDF1 UNITY_SPECCUBE_BOX_PROJECTION UNITY_SPECCUBE_BLENDING UNITY_ENABLE_DETAIL_NORMALMAP SHADER_API_DESKTOP UNITY_LIGHT_PROBE_PROXY_VOLUME UNITY_LIGHTMAP_FULL_HDR UNITY_PLATFORM_SUPPORTS_DEPTH_FETCH uKW= dKW=UNITY_NO_DXT5nm UNITY_FRAMEBUFFER_FETCH_AVAILABLE UNITY_METAL_SHADOWS_USE_POINT_FILTERING UNITY_NO_SCREENSPACE_SHADOWS UNITY_PBS_USE_BRDF2 UNITY_PBS_USE_BRDF3 UNITY_HARDWARE_TIER1 UNITY_HARDWARE_TIER2 UNITY_HARDWARE_TIER3 UNITY_COLORSPACE_GAMMA UNITY_LIGHTMAP_DLDR_ENCODING UNITY_LIGHTMAP_RGBM_ENCODING UNITY_VIRTUAL_TEXTURING UNITY_PRETRANSFORM_TO_DISPLAY_ORIENTATION UNITY_ASTC_NORMALMAP_ENCODING SHADER_API_GLES30 SHADER_API_GLES31 SHADER_API_GLES32 UNITY_UNIFIED_SHADER_PRECISION_MODEL flags=0 lang=3 type=Fragment platform=d3d11 reqs=227 mask=6 start=30  error: 1 plat 4 at Assets/MyAssets/Shaders/Fog/FogPass.hlsl(11): implicit truncation of vector type
  error: 1 plat 4 at Assets/MyAssets/Shaders/Fog/FogPass.hlsl(37): integer modulus may be much slower, try using uints if possible.
  error: 1 plat 4 at Assets/MyAssets/Shaders/Fog/FogPass.hlsl(38): integer modulus may be much slower, try using uints if possible.
  error: 1 plat 4 at Assets/MyAssets/Shaders/Fog/FogPass.hlsl(40): integer modulus may be much slower, try using uints if possible.
  error: 1 plat 4 at Assets/MyAssets/Shaders/Fog/FogPass.hlsl(41): integer modulus may be much slower, try using uints if possible.
  error: 1 plat 4 at Assets/MyAssets/Shaders/Fog/FogPass.hlsl(42): integer modulus may be much slower, try using uints if possible.
 ok=1 outsize=2990


Cmd: compileSnippet
  insize=687 file=Assets/MyAssets/Shaders/Fog/FogShader.shader name=Custom/FogShader pass=FogPass ppOnly=0 stripLineD=0 buildPlatform=19 rsLen=0 pKW=UNITY_ENABLE_REFLECTION_BUFFERS UNITY_USE_DITHER_MASK_FOR_ALPHABLENDED_SHADOWS UNITY_PBS_USE_BRDF1 UNITY_SPECCUBE_BOX_PROJECTION UNITY_SPECCUBE_BLENDING UNITY_ENABLE_DETAIL_NORMALMAP SHADER_API_DESKTOP UNITY_LIGHT_PROBE_PROXY_VOLUME UNITY_LIGHTMAP_FULL_HDR UNITY_PLATFORM_SUPPORTS_DEPTH_FETCH uKW= dKW=UNITY_NO_DXT5nm UNITY_FRAMEBUFFER_FETCH_AVAILABLE UNITY_METAL_SHADOWS_USE_POINT_FILTERING UNITY_NO_SCREENSPACE_SHADOWS UNITY_PBS_USE_BRDF2 UNITY_PBS_USE_BRDF3 UNITY_HARDWARE_TIER1 UNITY_HARDWARE_TIER2 UNITY_HARDWARE_TIER3 UNITY_COLORSPACE_GAMMA UNITY_LIGHTMAP_DLDR_ENCODING UNITY_LIGHTMAP_RGBM_ENCODING UNITY_VIRTUAL_TEXTURING UNITY_PRETRANSFORM_TO_DISPLAY_ORIENTATION UNITY_ASTC_NORMALMAP_ENCODING SHADER_API_GLES30 SHADER_API_GLES31 SHADER_API_GLES32 UNITY_UNIFIED_SHADER_PRECISION_MODEL flags=0 lang=3 type=Fragment platform=d3d11 reqs=227 mask=6 start=30  error: 1 plat 4 at Assets/MyAssets/Shaders/Fog/FogPass.hlsl(11): implicit truncation of vector type
  error: 1 plat 4 at Assets/MyAssets/Shaders/Fog/FogPass.hlsl(37): integer modulus may be much slower, try using uints if possible.
  error: 1 plat 4 at Assets/MyAssets/Shaders/Fog/FogPass.hlsl(38): integer modulus may be much slower, try using uints if possible.
  error: 1 plat 4 at Assets/MyAssets/Shaders/Fog/FogPass.hlsl(40): integer modulus may be much slower, try using uints if possible.
  error: 1 plat 4 at Assets/MyAssets/Shaders/Fog/FogPass.hlsl(41): integer modulus may be much slower, try using uints if possible.
  error: 1 plat 4 at Assets/MyAssets/Shaders/Fog/FogPass.hlsl(42): integer modulus may be much slower, try using uints if possible.
 ok=1 outsize=2858


Cmd: compileSnippet
  insize=687 file=Assets/MyAssets/Shaders/Fog/FogShader.shader name=Custom/FogShader pass=FogPass ppOnly=0 stripLineD=0 buildPlatform=19 rsLen=0 pKW=UNITY_ENABLE_REFLECTION_BUFFERS UNITY_USE_DITHER_MASK_FOR_ALPHABLENDED_SHADOWS UNITY_PBS_USE_BRDF1 UNITY_SPECCUBE_BOX_PROJECTION UNITY_SPECCUBE_BLENDING UNITY_ENABLE_DETAIL_NORMALMAP SHADER_API_DESKTOP UNITY_LIGHT_PROBE_PROXY_VOLUME UNITY_LIGHTMAP_FULL_HDR UNITY_PLATFORM_SUPPORTS_DEPTH_FETCH uKW= dKW=UNITY_NO_DXT5nm UNITY_FRAMEBUFFER_FETCH_AVAILABLE UNITY_METAL_SHADOWS_USE_POINT_FILTERING UNITY_NO_SCREENSPACE_SHADOWS UNITY_PBS_USE_BRDF2 UNITY_PBS_USE_BRDF3 UNITY_HARDWARE_TIER1 UNITY_HARDWARE_TIER2 UNITY_HARDWARE_TIER3 UNITY_COLORSPACE_GAMMA UNITY_LIGHTMAP_DLDR_ENCODING UNITY_LIGHTMAP_RGBM_ENCODING UNITY_VIRTUAL_TEXTURING UNITY_PRETRANSFORM_TO_DISPLAY_ORIENTATION UNITY_ASTC_NORMALMAP_ENCODING SHADER_API_GLES30 SHADER_API_GLES31 SHADER_API_GLES32 UNITY_UNIFIED_SHADER_PRECISION_MODEL flags=0 lang=3 type=Fragment platform=d3d11 reqs=227 mask=6 start=30  error: 1 plat 4 at Assets/MyAssets/Shaders/Fog/FogPass.hlsl(11): implicit truncation of vector type
  error: 1 plat 4 at Assets/MyAssets/Shaders/Fog/FogPass.hlsl(37): integer modulus may be much slower, try using uints if possible.
  error: 1 plat 4 at Assets/MyAssets/Shaders/Fog/FogPass.hlsl(38): integer modulus may be much slower, try using uints if possible.
  error: 1 plat 4 at Assets/MyAssets/Shaders/Fog/FogPass.hlsl(40): integer modulus may be much slower, try using uints if possible.
  error: 1 plat 4 at Assets/MyAssets/Shaders/Fog/FogPass.hlsl(41): integer modulus may be much slower, try using uints if possible.
  error: 1 plat 4 at Assets/MyAssets/Shaders/Fog/FogPass.hlsl(42): integer modulus may be much slower, try using uints if possible.
 ok=1 outsize=2830


Cmd: compileSnippet
  insize=687 file=Assets/MyAssets/Shaders/Fog/FogShader.shader name=Custom/FogShader pass=FogPass ppOnly=0 stripLineD=0 buildPlatform=19 rsLen=0 pKW=UNITY_ENABLE_REFLECTION_BUFFERS UNITY_USE_DITHER_MASK_FOR_ALPHABLENDED_SHADOWS UNITY_PBS_USE_BRDF1 UNITY_SPECCUBE_BOX_PROJECTION UNITY_SPECCUBE_BLENDING UNITY_ENABLE_DETAIL_NORMALMAP SHADER_API_DESKTOP UNITY_LIGHT_PROBE_PROXY_VOLUME UNITY_LIGHTMAP_FULL_HDR UNITY_PLATFORM_SUPPORTS_DEPTH_FETCH uKW= dKW=UNITY_NO_DXT5nm UNITY_FRAMEBUFFER_FETCH_AVAILABLE UNITY_METAL_SHADOWS_USE_POINT_FILTERING UNITY_NO_SCREENSPACE_SHADOWS UNITY_PBS_USE_BRDF2 UNITY_PBS_USE_BRDF3 UNITY_HARDWARE_TIER1 UNITY_HARDWARE_TIER2 UNITY_HARDWARE_TIER3 UNITY_COLORSPACE_GAMMA UNITY_LIGHTMAP_DLDR_ENCODING UNITY_LIGHTMAP_RGBM_ENCODING UNITY_VIRTUAL_TEXTURING UNITY_PRETRANSFORM_TO_DISPLAY_ORIENTATION UNITY_ASTC_NORMALMAP_ENCODING SHADER_API_GLES30 SHADER_API_GLES31 SHADER_API_GLES32 UNITY_UNIFIED_SHADER_PRECISION_MODEL flags=0 lang=3 type=Fragment platform=d3d11 reqs=227 mask=6 start=30  error: 1 plat 4 at Assets/MyAssets/Shaders/Fog/FogPass.hlsl(11): implicit truncation of vector type
  error: 1 plat 4 at Assets/MyAssets/Shaders/Fog/FogPass.hlsl(37): integer modulus may be much slower, try using uints if possible.
  error: 1 plat 4 at Assets/MyAssets/Shaders/Fog/FogPass.hlsl(38): integer modulus may be much slower, try using uints if possible.
  error: 1 plat 4 at Assets/MyAssets/Shaders/Fog/FogPass.hlsl(40): integer modulus may be much slower, try using uints if possible.
  error: 1 plat 4 at Assets/MyAssets/Shaders/Fog/FogPass.hlsl(41): integer modulus may be much slower, try using uints if possible.
  error: 1 plat 4 at Assets/MyAssets/Shaders/Fog/FogPass.hlsl(42): integer modulus may be much slower, try using uints if possible.
 ok=1 outsize=1586


Cmd: compileSnippet
  insize=687 file=Assets/MyAssets/Shaders/Fog/FogShader.shader name=Custom/FogShader pass=FogPass ppOnly=0 stripLineD=0 buildPlatform=19 rsLen=0 pKW=UNITY_ENABLE_REFLECTION_BUFFERS UNITY_USE_DITHER_MASK_FOR_ALPHABLENDED_SHADOWS UNITY_PBS_USE_BRDF1 UNITY_SPECCUBE_BOX_PROJECTION UNITY_SPECCUBE_BLENDING UNITY_ENABLE_DETAIL_NORMALMAP SHADER_API_DESKTOP UNITY_LIGHT_PROBE_PROXY_VOLUME UNITY_LIGHTMAP_FULL_HDR UNITY_PLATFORM_SUPPORTS_DEPTH_FETCH uKW= dKW=UNITY_NO_DXT5nm UNITY_FRAMEBUFFER_FETCH_AVAILABLE UNITY_METAL_SHADOWS_USE_POINT_FILTERING UNITY_NO_SCREENSPACE_SHADOWS UNITY_PBS_USE_BRDF2 UNITY_PBS_USE_BRDF3 UNITY_HARDWARE_TIER1 UNITY_HARDWARE_TIER2 UNITY_HARDWARE_TIER3 UNITY_COLORSPACE_GAMMA UNITY_LIGHTMAP_DLDR_ENCODING UNITY_LIGHTMAP_RGBM_ENCODING UNITY_VIRTUAL_TEXTURING UNITY_PRETRANSFORM_TO_DISPLAY_ORIENTATION UNITY_ASTC_NORMALMAP_ENCODING SHADER_API_GLES30 SHADER_API_GLES31 SHADER_API_GLES32 UNITY_UNIFIED_SHADER_PRECISION_MODEL flags=0 lang=3 type=Fragment platform=d3d11 reqs=227 mask=6 start=30  error: 1 plat 4 at Assets/MyAssets/Shaders/Fog/FogPass.hlsl(11): implicit truncation of vector type
  error: 1 plat 4 at Assets/MyAssets/Shaders/Fog/FogPass.hlsl(37): integer modulus may be much slower, try using uints if possible.
  error: 1 plat 4 at Assets/MyAssets/Shaders/Fog/FogPass.hlsl(38): integer modulus may be much slower, try using uints if possible.
  error: 1 plat 4 at Assets/MyAssets/Shaders/Fog/FogPass.hlsl(40): integer modulus may be much slower, try using uints if possible.
  error: 1 plat 4 at Assets/MyAssets/Shaders/Fog/FogPass.hlsl(41): integer modulus may be much slower, try using uints if possible.
  error: 1 plat 4 at Assets/MyAssets/Shaders/Fog/FogPass.hlsl(42): integer modulus may be much slower, try using uints if possible.
 ok=1 outsize=1586


Cmd: compileSnippet
  insize=687 file=Assets/MyAssets/Shaders/Fog/FogShader.shader name=Custom/FogShader pass=FogPass ppOnly=0 stripLineD=0 buildPlatform=19 rsLen=0 pKW=UNITY_ENABLE_REFLECTION_BUFFERS UNITY_USE_DITHER_MASK_FOR_ALPHABLENDED_SHADOWS UNITY_PBS_USE_BRDF1 UNITY_SPECCUBE_BOX_PROJECTION UNITY_SPECCUBE_BLENDING UNITY_ENABLE_DETAIL_NORMALMAP SHADER_API_DESKTOP UNITY_LIGHT_PROBE_PROXY_VOLUME UNITY_LIGHTMAP_FULL_HDR UNITY_PLATFORM_SUPPORTS_DEPTH_FETCH uKW= dKW=UNITY_NO_DXT5nm UNITY_FRAMEBUFFER_FETCH_AVAILABLE UNITY_METAL_SHADOWS_USE_POINT_FILTERING UNITY_NO_SCREENSPACE_SHADOWS UNITY_PBS_USE_BRDF2 UNITY_PBS_USE_BRDF3 UNITY_HARDWARE_TIER1 UNITY_HARDWARE_TIER2 UNITY_HARDWARE_TIER3 UNITY_COLORSPACE_GAMMA UNITY_LIGHTMAP_DLDR_ENCODING UNITY_LIGHTMAP_RGBM_ENCODING UNITY_VIRTUAL_TEXTURING UNITY_PRETRANSFORM_TO_DISPLAY_ORIENTATION UNITY_ASTC_NORMALMAP_ENCODING SHADER_API_GLES30 SHADER_API_GLES31 SHADER_API_GLES32 UNITY_UNIFIED_SHADER_PRECISION_MODEL flags=0 lang=3 type=Fragment platform=d3d11 reqs=227 mask=6 start=30  error: 1 plat 4 at Assets/MyAssets/Shaders/Fog/FogPass.hlsl(11): implicit truncation of vector type
  error: 1 plat 4 at Assets/MyAssets/Shaders/Fog/FogPass.hlsl(38): integer modulus may be much slower, try using uints if possible.
  error: 1 plat 4 at Assets/MyAssets/Shaders/Fog/FogPass.hlsl(39): integer modulus may be much slower, try using uints if possible.
  error: 1 plat 4 at Assets/MyAssets/Shaders/Fog/FogPass.hlsl(41): integer modulus may be much slower, try using uints if possible.
  error: 1 plat 4 at Assets/MyAssets/Shaders/Fog/FogPass.hlsl(42): integer modulus may be much slower, try using uints if possible.
  error: 1 plat 4 at Assets/MyAssets/Shaders/Fog/FogPass.hlsl(43): integer modulus may be much slower, try using uints if possible.
 ok=1 outsize=338



Cmd: compileSnippet
  insize=687 file=Assets/MyAssets/Shaders/Fog/FogShader.shader name=Custom/FogShader pass=FogPass ppOnly=0 stripLineD=0 buildPlatform=19 rsLen=0 pKW=UNITY_ENABLE_REFLECTION_BUFFERS UNITY_USE_DITHER_MASK_FOR_ALPHABLENDED_SHADOWS UNITY_PBS_USE_BRDF1 UNITY_SPECCUBE_BOX_PROJECTION UNITY_SPECCUBE_BLENDING UNITY_ENABLE_DETAIL_NORMALMAP SHADER_API_DESKTOP UNITY_LIGHT_PROBE_PROXY_VOLUME UNITY_LIGHTMAP_FULL_HDR UNITY_PLATFORM_SUPPORTS_DEPTH_FETCH uKW= dKW=UNITY_NO_DXT5nm UNITY_FRAMEBUFFER_FETCH_AVAILABLE UNITY_METAL_SHADOWS_USE_POINT_FILTERING UNITY_NO_SCREENSPACE_SHADOWS UNITY_PBS_USE_BRDF2 UNITY_PBS_USE_BRDF3 UNITY_HARDWARE_TIER1 UNITY_HARDWARE_TIER2 UNITY_HARDWARE_TIER3 UNITY_COLORSPACE_GAMMA UNITY_LIGHTMAP_DLDR_ENCODING UNITY_LIGHTMAP_RGBM_ENCODING UNITY_VIRTUAL_TEXTURING UNITY_PRETRANSFORM_TO_DISPLAY_ORIENTATION UNITY_ASTC_NORMALMAP_ENCODING SHADER_API_GLES30 SHADER_API_GLES31 SHADER_API_GLES32 UNITY_UNIFIED_SHADER_PRECISION_MODEL flags=0 lang=3 type=Fragment platform=d3d11 reqs=227 mask=6 start=30  error: 1 plat 4 at Assets/MyAssets/Shaders/Fog/FogPass.hlsl(11): implicit truncation of vector type
  error: 1 plat 4 at Assets/MyAssets/Shaders/Fog/FogPass.hlsl(37): integer modulus may be much slower, try using uints if possible.
  error: 1 plat 4 at Assets/MyAssets/Shaders/Fog/FogPass.hlsl(38): integer modulus may be much slower, try using uints if possible.
  error: 1 plat 4 at Assets/MyAssets/Shaders/Fog/FogPass.hlsl(40): integer modulus may be much slower, try using uints if possible.
  error: 1 plat 4 at Assets/MyAssets/Shaders/Fog/FogPass.hlsl(41): integer modulus may be much slower, try using uints if possible.
  error: 1 plat 4 at Assets/MyAssets/Shaders/Fog/FogPass.hlsl(42): integer modulus may be much slower, try using uints if possible.
 ok=1 outsize=1578


Cmd: compileSnippet
  insize=687 file=Assets/MyAssets/Shaders/Fog/FogShader.shader name=Custom/FogShader pass=FogPass ppOnly=0 stripLineD=0 buildPlatform=19 rsLen=0 pKW=UNITY_ENABLE_REFLECTION_BUFFERS UNITY_USE_DITHER_MASK_FOR_ALPHABLENDED_SHADOWS UNITY_PBS_USE_BRDF1 UNITY_SPECCUBE_BOX_PROJECTION UNITY_SPECCUBE_BLENDING UNITY_ENABLE_DETAIL_NORMALMAP SHADER_API_DESKTOP UNITY_LIGHT_PROBE_PROXY_VOLUME UNITY_LIGHTMAP_FULL_HDR UNITY_PLATFORM_SUPPORTS_DEPTH_FETCH uKW= dKW=UNITY_NO_DXT5nm UNITY_FRAMEBUFFER_FETCH_AVAILABLE UNITY_METAL_SHADOWS_USE_POINT_FILTERING UNITY_NO_SCREENSPACE_SHADOWS UNITY_PBS_USE_BRDF2 UNITY_PBS_USE_BRDF3 UNITY_HARDWARE_TIER1 UNITY_HARDWARE_TIER2 UNITY_HARDWARE_TIER3 UNITY_COLORSPACE_GAMMA UNITY_LIGHTMAP_DLDR_ENCODING UNITY_LIGHTMAP_RGBM_ENCODING UNITY_VIRTUAL_TEXTURING UNITY_PRETRANSFORM_TO_DISPLAY_ORIENTATION UNITY_ASTC_NORMALMAP_ENCODING SHADER_API_GLES30 SHADER_API_GLES31 SHADER_API_GLES32 UNITY_UNIFIED_SHADER_PRECISION_MODEL flags=0 lang=3 type=Fragment platform=d3d11 reqs=227 mask=6 start=30  error: 1 plat 4 at Assets/MyAssets/Shaders/Fog/FogPass.hlsl(11): implicit truncation of vector type
  error: 1 plat 4 at Assets/MyAssets/Shaders/Fog/FogPass.hlsl(37): integer modulus may be much slower, try using uints if possible.
  error: 1 plat 4 at Assets/MyAssets/Shaders/Fog/FogPass.hlsl(38): integer modulus may be much slower, try using uints if possible.
  error: 1 plat 4 at Assets/MyAssets/Shaders/Fog/FogPass.hlsl(40): integer modulus may be much slower, try using uints if possible.
  error: 1 plat 4 at Assets/MyAssets/Shaders/Fog/FogPass.hlsl(41): integer modulus may be much slower, try using uints if possible.
  error: 1 plat 4 at Assets/MyAssets/Shaders/Fog/FogPass.hlsl(42): integer modulus may be much slower, try using uints if possible.
 ok=1 outsize=1558


Cmd: compileSnippet
  insize=687 file=Assets/MyAssets/Shaders/Fog/FogShader.shader name=Custom/FogShader pass=FogPass ppOnly=0 stripLineD=0 buildPlatform=19 rsLen=0 pKW=UNITY_ENABLE_REFLECTION_BUFFERS UNITY_USE_DITHER_MASK_FOR_ALPHABLENDED_SHADOWS UNITY_PBS_USE_BRDF1 UNITY_SPECCUBE_BOX_PROJECTION UNITY_SPECCUBE_BLENDING UNITY_ENABLE_DETAIL_NORMALMAP SHADER_API_DESKTOP UNITY_LIGHT_PROBE_PROXY_VOLUME UNITY_LIGHTMAP_FULL_HDR UNITY_PLATFORM_SUPPORTS_DEPTH_FETCH uKW= dKW=UNITY_NO_DXT5nm UNITY_FRAMEBUFFER_FETCH_AVAILABLE UNITY_METAL_SHADOWS_USE_POINT_FILTERING UNITY_NO_SCREENSPACE_SHADOWS UNITY_PBS_USE_BRDF2 UNITY_PBS_USE_BRDF3 UNITY_HARDWARE_TIER1 UNITY_HARDWARE_TIER2 UNITY_HARDWARE_TIER3 UNITY_COLORSPACE_GAMMA UNITY_LIGHTMAP_DLDR_ENCODING UNITY_LIGHTMAP_RGBM_ENCODING UNITY_VIRTUAL_TEXTURING UNITY_PRETRANSFORM_TO_DISPLAY_ORIENTATION UNITY_ASTC_NORMALMAP_ENCODING SHADER_API_GLES30 SHADER_API_GLES31 SHADER_API_GLES32 UNITY_UNIFIED_SHADER_PRECISION_MODEL flags=0 lang=3 type=Fragment platform=d3d11 reqs=227 mask=6 start=30  error: 1 plat 4 at Assets/MyAssets/Shaders/Fog/FogPass.hlsl(11): implicit truncation of vector type
  error: 1 plat 4 at Assets/MyAssets/Shaders/Fog/FogPass.hlsl(37): integer modulus may be much slower, try using uints if possible.
  error: 1 plat 4 at Assets/MyAssets/Shaders/Fog/FogPass.hlsl(38): integer modulus may be much slower, try using uints if possible.
  error: 1 plat 4 at Assets/MyAssets/Shaders/Fog/FogPass.hlsl(40): integer modulus may be much slower, try using uints if possible.
  error: 1 plat 4 at Assets/MyAssets/Shaders/Fog/FogPass.hlsl(41): integer modulus may be much slower, try using uints if possible.
  error: 1 plat 4 at Assets/MyAssets/Shaders/Fog/FogPass.hlsl(42): integer modulus may be much slower, try using uints if possible.
 ok=1 outsize=1558


Cmd: compileSnippet
  insize=687 file=Assets/MyAssets/Shaders/Fog/FogShader.shader name=Custom/FogShader pass=FogPass ppOnly=0 stripLineD=0 buildPlatform=19 rsLen=0 pKW=UNITY_ENABLE_REFLECTION_BUFFERS UNITY_USE_DITHER_MASK_FOR_ALPHABLENDED_SHADOWS UNITY_PBS_USE_BRDF1 UNITY_SPECCUBE_BOX_PROJECTION UNITY_SPECCUBE_BLENDING UNITY_ENABLE_DETAIL_NORMALMAP SHADER_API_DESKTOP UNITY_LIGHT_PROBE_PROXY_VOLUME UNITY_LIGHTMAP_FULL_HDR UNITY_PLATFORM_SUPPORTS_DEPTH_FETCH uKW= dKW=UNITY_NO_DXT5nm UNITY_FRAMEBUFFER_FETCH_AVAILABLE UNITY_METAL_SHADOWS_USE_POINT_FILTERING UNITY_NO_SCREENSPACE_SHADOWS UNITY_PBS_USE_BRDF2 UNITY_PBS_USE_BRDF3 UNITY_HARDWARE_TIER1 UNITY_HARDWARE_TIER2 UNITY_HARDWARE_TIER3 UNITY_COLORSPACE_GAMMA UNITY_LIGHTMAP_DLDR_ENCODING UNITY_LIGHTMAP_RGBM_ENCODING UNITY_VIRTUAL_TEXTURING UNITY_PRETRANSFORM_TO_DISPLAY_ORIENTATION UNITY_ASTC_NORMALMAP_ENCODING SHADER_API_GLES30 SHADER_API_GLES31 SHADER_API_GLES32 UNITY_UNIFIED_SHADER_PRECISION_MODEL flags=0 lang=3 type=Fragment platform=d3d11 reqs=227 mask=6 start=30  error: 1 plat 4 at Assets/MyAssets/Shaders/Fog/FogPass.hlsl(11): implicit truncation of vector type
  error: 1 plat 4 at Assets/MyAssets/Shaders/Fog/FogPass.hlsl(37): integer modulus may be much slower, try using uints if possible.
  error: 1 plat 4 at Assets/MyAssets/Shaders/Fog/FogPass.hlsl(38): integer modulus may be much slower, try using uints if possible.
  error: 1 plat 4 at Assets/MyAssets/Shaders/Fog/FogPass.hlsl(40): integer modulus may be much slower, try using uints if possible.
  error: 1 plat 4 at Assets/MyAssets/Shaders/Fog/FogPass.hlsl(41): integer modulus may be much slower, try using uints if possible.
  error: 1 plat 4 at Assets/MyAssets/Shaders/Fog/FogPass.hlsl(42): integer modulus may be much slower, try using uints if possible.
 ok=1 outsize=1566


Cmd: compileSnippet
  insize=687 file=Assets/MyAssets/Shaders/Fog/FogShader.shader name=Custom/FogShader pass=FogPass ppOnly=0 stripLineD=0 buildPlatform=19 rsLen=0 pKW=UNITY_ENABLE_REFLECTION_BUFFERS UNITY_USE_DITHER_MASK_FOR_ALPHABLENDED_SHADOWS UNITY_PBS_USE_BRDF1 UNITY_SPECCUBE_BOX_PROJECTION UNITY_SPECCUBE_BLENDING UNITY_ENABLE_DETAIL_NORMALMAP SHADER_API_DESKTOP UNITY_LIGHT_PROBE_PROXY_VOLUME UNITY_LIGHTMAP_FULL_HDR UNITY_PLATFORM_SUPPORTS_DEPTH_FETCH uKW= dKW=UNITY_NO_DXT5nm UNITY_FRAMEBUFFER_FETCH_AVAILABLE UNITY_METAL_SHADOWS_USE_POINT_FILTERING UNITY_NO_SCREENSPACE_SHADOWS UNITY_PBS_USE_BRDF2 UNITY_PBS_USE_BRDF3 UNITY_HARDWARE_TIER1 UNITY_HARDWARE_TIER2 UNITY_HARDWARE_TIER3 UNITY_COLORSPACE_GAMMA UNITY_LIGHTMAP_DLDR_ENCODING UNITY_LIGHTMAP_RGBM_ENCODING UNITY_VIRTUAL_TEXTURING UNITY_PRETRANSFORM_TO_DISPLAY_ORIENTATION UNITY_ASTC_NORMALMAP_ENCODING SHADER_API_GLES30 SHADER_API_GLES31 SHADER_API_GLES32 UNITY_UNIFIED_SHADER_PRECISION_MODEL flags=0 lang=3 type=Fragment platform=d3d11 reqs=227 mask=6 start=30  error: 1 plat 4 at Assets/MyAssets/Shaders/Fog/FogPass.hlsl(11): implicit truncation of vector type
  error: 1 plat 4 at Assets/MyAssets/Shaders/Fog/FogPass.hlsl(37): integer modulus may be much slower, try using uints if possible.
  error: 1 plat 4 at Assets/MyAssets/Shaders/Fog/FogPass.hlsl(38): integer modulus may be much slower, try using uints if possible.
  error: 1 plat 4 at Assets/MyAssets/Shaders/Fog/FogPass.hlsl(40): integer modulus may be much slower, try using uints if possible.
  error: 1 plat 4 at Assets/MyAssets/Shaders/Fog/FogPass.hlsl(41): integer modulus may be much slower, try using uints if possible.
  error: 1 plat 4 at Assets/MyAssets/Shaders/Fog/FogPass.hlsl(42): integer modulus may be much slower, try using uints if possible.
 ok=1 outsize=1594


Cmd: compileSnippet
  insize=687 file=Assets/MyAssets/Shaders/Fog/FogShader.shader name=Custom/FogShader pass=FogPass ppOnly=0 stripLineD=0 buildPlatform=19 rsLen=0 pKW=UNITY_ENABLE_REFLECTION_BUFFERS UNITY_USE_DITHER_MASK_FOR_ALPHABLENDED_SHADOWS UNITY_PBS_USE_BRDF1 UNITY_SPECCUBE_BOX_PROJECTION UNITY_SPECCUBE_BLENDING UNITY_ENABLE_DETAIL_NORMALMAP SHADER_API_DESKTOP UNITY_LIGHT_PROBE_PROXY_VOLUME UNITY_LIGHTMAP_FULL_HDR UNITY_PLATFORM_SUPPORTS_DEPTH_FETCH uKW= dKW=UNITY_NO_DXT5nm UNITY_FRAMEBUFFER_FETCH_AVAILABLE UNITY_METAL_SHADOWS_USE_POINT_FILTERING UNITY_NO_SCREENSPACE_SHADOWS UNITY_PBS_USE_BRDF2 UNITY_PBS_USE_BRDF3 UNITY_HARDWARE_TIER1 UNITY_HARDWARE_TIER2 UNITY_HARDWARE_TIER3 UNITY_COLORSPACE_GAMMA UNITY_LIGHTMAP_DLDR_ENCODING UNITY_LIGHTMAP_RGBM_ENCODING UNITY_VIRTUAL_TEXTURING UNITY_PRETRANSFORM_TO_DISPLAY_ORIENTATION UNITY_ASTC_NORMALMAP_ENCODING SHADER_API_GLES30 SHADER_API_GLES31 SHADER_API_GLES32 UNITY_UNIFIED_SHADER_PRECISION_MODEL flags=0 lang=3 type=Fragment platform=d3d11 reqs=227 mask=6 start=30  error: 1 plat 4 at Assets/MyAssets/Shaders/Fog/FogPass.hlsl(11): implicit truncation of vector type
  error: 1 plat 4 at Assets/MyAssets/Shaders/Fog/FogPass.hlsl(37): integer modulus may be much slower, try using uints if possible.
  error: 1 plat 4 at Assets/MyAssets/Shaders/Fog/FogPass.hlsl(38): integer modulus may be much slower, try using uints if possible.
  error: 1 plat 4 at Assets/MyAssets/Shaders/Fog/FogPass.hlsl(40): integer modulus may be much slower, try using uints if possible.
  error: 1 plat 4 at Assets/MyAssets/Shaders/Fog/FogPass.hlsl(41): integer modulus may be much slower, try using uints if possible.
  error: 1 plat 4 at Assets/MyAssets/Shaders/Fog/FogPass.hlsl(42): integer modulus may be much slower, try using uints if possible.
 ok=1 outsize=1622


Cmd: compileSnippet
  insize=687 file=Assets/MyAssets/Shaders/Fog/FogShader.shader name=Custom/FogShader pass=FogPass ppOnly=0 stripLineD=0 buildPlatform=19 rsLen=0 pKW=UNITY_ENABLE_REFLECTION_BUFFERS UNITY_USE_DITHER_MASK_FOR_ALPHABLENDED_SHADOWS UNITY_PBS_USE_BRDF1 UNITY_SPECCUBE_BOX_PROJECTION UNITY_SPECCUBE_BLENDING UNITY_ENABLE_DETAIL_NORMALMAP SHADER_API_DESKTOP UNITY_LIGHT_PROBE_PROXY_VOLUME UNITY_LIGHTMAP_FULL_HDR UNITY_PLATFORM_SUPPORTS_DEPTH_FETCH uKW= dKW=UNITY_NO_DXT5nm UNITY_FRAMEBUFFER_FETCH_AVAILABLE UNITY_METAL_SHADOWS_USE_POINT_FILTERING UNITY_NO_SCREENSPACE_SHADOWS UNITY_PBS_USE_BRDF2 UNITY_PBS_USE_BRDF3 UNITY_HARDWARE_TIER1 UNITY_HARDWARE_TIER2 UNITY_HARDWARE_TIER3 UNITY_COLORSPACE_GAMMA UNITY_LIGHTMAP_DLDR_ENCODING UNITY_LIGHTMAP_RGBM_ENCODING UNITY_VIRTUAL_TEXTURING UNITY_PRETRANSFORM_TO_DISPLAY_ORIENTATION UNITY_ASTC_NORMALMAP_ENCODING SHADER_API_GLES30 SHADER_API_GLES31 SHADER_API_GLES32 UNITY_UNIFIED_SHADER_PRECISION_MODEL flags=0 lang=3 type=Vertex platform=d3d11 reqs=227 mask=6 start=30  error: 1 plat 4 at Assets/MyAssets/Shaders/Fog/FogPass.hlsl(11): implicit truncation of vector type
 ok=1 outsize=618


Cmd: compileSnippet
  insize=687 file=Assets/MyAssets/Shaders/Fog/FogShader.shader name=Custom/FogShader pass=FogPass ppOnly=0 stripLineD=0 buildPlatform=19 rsLen=0 pKW=UNITY_ENABLE_REFLECTION_BUFFERS UNITY_USE_DITHER_MASK_FOR_ALPHABLENDED_SHADOWS UNITY_PBS_USE_BRDF1 UNITY_SPECCUBE_BOX_PROJECTION UNITY_SPECCUBE_BLENDING UNITY_ENABLE_DETAIL_NORMALMAP SHADER_API_DESKTOP UNITY_LIGHT_PROBE_PROXY_VOLUME UNITY_LIGHTMAP_FULL_HDR UNITY_PLATFORM_SUPPORTS_DEPTH_FETCH uKW= dKW=UNITY_NO_DXT5nm UNITY_FRAMEBUFFER_FETCH_AVAILABLE UNITY_METAL_SHADOWS_USE_POINT_FILTERING UNITY_NO_SCREENSPACE_SHADOWS UNITY_PBS_USE_BRDF2 UNITY_PBS_USE_BRDF3 UNITY_HARDWARE_TIER1 UNITY_HARDWARE_TIER2 UNITY_HARDWARE_TIER3 UNITY_COLORSPACE_GAMMA UNITY_LIGHTMAP_DLDR_ENCODING UNITY_LIGHTMAP_RGBM_ENCODING UNITY_VIRTUAL_TEXTURING UNITY_PRETRANSFORM_TO_DISPLAY_ORIENTATION UNITY_ASTC_NORMALMAP_ENCODING SHADER_API_GLES30 SHADER_API_GLES31 SHADER_API_GLES32 UNITY_UNIFIED_SHADER_PRECISION_MODEL flags=0 lang=3 type=Fragment platform=d3d11 reqs=227 mask=6 start=30  error: 1 plat 4 at Assets/MyAssets/Shaders/Fog/FogPass.hlsl(11): implicit truncation of vector type
  error: 1 plat 4 at Assets/MyAssets/Shaders/Fog/FogPass.hlsl(37): integer modulus may be much slower, try using uints if possible.
  error: 1 plat 4 at Assets/MyAssets/Shaders/Fog/FogPass.hlsl(38): integer modulus may be much slower, try using uints if possible.
  error: 1 plat 4 at Assets/MyAssets/Shaders/Fog/FogPass.hlsl(40): integer modulus may be much slower, try using uints if possible.
  error: 1 plat 4 at Assets/MyAssets/Shaders/Fog/FogPass.hlsl(41): integer modulus may be much slower, try using uints if possible.
  error: 1 plat 4 at Assets/MyAssets/Shaders/Fog/FogPass.hlsl(42): integer modulus may be much slower, try using uints if possible.
 ok=1 outsize=2962


Cmd: compileSnippet
  insize=687 file=Assets/MyAssets/Shaders/Fog/FogShader.shader name=Custom/FogShader pass=FogPass ppOnly=0 stripLineD=0 buildPlatform=19 rsLen=0 pKW=UNITY_ENABLE_REFLECTION_BUFFERS UNITY_USE_DITHER_MASK_FOR_ALPHABLENDED_SHADOWS UNITY_PBS_USE_BRDF1 UNITY_SPECCUBE_BOX_PROJECTION UNITY_SPECCUBE_BLENDING UNITY_ENABLE_DETAIL_NORMALMAP SHADER_API_DESKTOP UNITY_LIGHT_PROBE_PROXY_VOLUME UNITY_LIGHTMAP_FULL_HDR UNITY_PLATFORM_SUPPORTS_DEPTH_FETCH uKW= dKW=UNITY_NO_DXT5nm UNITY_FRAMEBUFFER_FETCH_AVAILABLE UNITY_METAL_SHADOWS_USE_POINT_FILTERING UNITY_NO_SCREENSPACE_SHADOWS UNITY_PBS_USE_BRDF2 UNITY_PBS_USE_BRDF3 UNITY_HARDWARE_TIER1 UNITY_HARDWARE_TIER2 UNITY_HARDWARE_TIER3 UNITY_COLORSPACE_GAMMA UNITY_LIGHTMAP_DLDR_ENCODING UNITY_LIGHTMAP_RGBM_ENCODING UNITY_VIRTUAL_TEXTURING UNITY_PRETRANSFORM_TO_DISPLAY_ORIENTATION UNITY_ASTC_NORMALMAP_ENCODING SHADER_API_GLES30 SHADER_API_GLES31 SHADER_API_GLES32 UNITY_UNIFIED_SHADER_PRECISION_MODEL flags=0 lang=3 type=Fragment platform=d3d11 reqs=227 mask=6 start=30  error: 1 plat 4 at Assets/MyAssets/Shaders/Fog/FogPass.hlsl(11): implicit truncation of vector type
 ok=1 outsize=774


Cmd: compileSnippet
  insize=687 file=Assets/MyAssets/Shaders/Fog/FogShader.shader name=Custom/FogShader pass=FogPass ppOnly=0 stripLineD=0 buildPlatform=19 rsLen=0 pKW=UNITY_ENABLE_REFLECTION_BUFFERS UNITY_USE_DITHER_MASK_FOR_ALPHABLENDED_SHADOWS UNITY_PBS_USE_BRDF1 UNITY_SPECCUBE_BOX_PROJECTION UNITY_SPECCUBE_BLENDING UNITY_ENABLE_DETAIL_NORMALMAP SHADER_API_DESKTOP UNITY_LIGHT_PROBE_PROXY_VOLUME UNITY_LIGHTMAP_FULL_HDR UNITY_PLATFORM_SUPPORTS_DEPTH_FETCH uKW= dKW=UNITY_NO_DXT5nm UNITY_FRAMEBUFFER_FETCH_AVAILABLE UNITY_METAL_SHADOWS_USE_POINT_FILTERING UNITY_NO_SCREENSPACE_SHADOWS UNITY_PBS_USE_BRDF2 UNITY_PBS_USE_BRDF3 UNITY_HARDWARE_TIER1 UNITY_HARDWARE_TIER2 UNITY_HARDWARE_TIER3 UNITY_COLORSPACE_GAMMA UNITY_LIGHTMAP_DLDR_ENCODING UNITY_LIGHTMAP_RGBM_ENCODING UNITY_VIRTUAL_TEXTURING UNITY_PRETRANSFORM_TO_DISPLAY_ORIENTATION UNITY_ASTC_NORMALMAP_ENCODING SHADER_API_GLES30 SHADER_API_GLES31 SHADER_API_GLES32 UNITY_UNIFIED_SHADER_PRECISION_MODEL flags=0 lang=3 type=Fragment platform=d3d11 reqs=227 mask=6 start=30  error: 1 plat 4 at Assets/MyAssets/Shaders/Fog/FogPass.hlsl(11): implicit truncation of vector type
 ok=1 outsize=338


Cmd: compileSnippet
  insize=687 file=Assets/MyAssets/Shaders/Fog/FogShader.shader name=Custom/FogShader pass=FogPass ppOnly=0 stripLineD=0 buildPlatform=19 rsLen=0 pKW=UNITY_ENABLE_REFLECTION_BUFFERS UNITY_USE_DITHER_MASK_FOR_ALPHABLENDED_SHADOWS UNITY_PBS_USE_BRDF1 UNITY_SPECCUBE_BOX_PROJECTION UNITY_SPECCUBE_BLENDING UNITY_ENABLE_DETAIL_NORMALMAP SHADER_API_DESKTOP UNITY_LIGHT_PROBE_PROXY_VOLUME UNITY_LIGHTMAP_FULL_HDR UNITY_PLATFORM_SUPPORTS_DEPTH_FETCH uKW= dKW=UNITY_NO_DXT5nm UNITY_FRAMEBUFFER_FETCH_AVAILABLE UNITY_METAL_SHADOWS_USE_POINT_FILTERING UNITY_NO_SCREENSPACE_SHADOWS UNITY_PBS_USE_BRDF2 UNITY_PBS_USE_BRDF3 UNITY_HARDWARE_TIER1 UNITY_HARDWARE_TIER2 UNITY_HARDWARE_TIER3 UNITY_COLORSPACE_GAMMA UNITY_LIGHTMAP_DLDR_ENCODING UNITY_LIGHTMAP_RGBM_ENCODING UNITY_VIRTUAL_TEXTURING UNITY_PRETRANSFORM_TO_DISPLAY_ORIENTATION UNITY_ASTC_NORMALMAP_ENCODING SHADER_API_GLES30 SHADER_API_GLES31 SHADER_API_GLES32 UNITY_UNIFIED_SHADER_PRECISION_MODEL flags=0 lang=3 type=Fragment platform=d3d11 reqs=227 mask=6 start=30  error: 1 plat 4 at Assets/MyAssets/Shaders/Fog/FogPass.hlsl(11): implicit truncation of vector type
 ok=1 outsize=358



Cmd: compileSnippet
  insize=687 file=Assets/MyAssets/Shaders/Fog/FogShader.shader name=Custom/FogShader pass=FogPass ppOnly=0 stripLineD=0 buildPlatform=19 rsLen=0 pKW=UNITY_ENABLE_REFLECTION_BUFFERS UNITY_USE_DITHER_MASK_FOR_ALPHABLENDED_SHADOWS UNITY_PBS_USE_BRDF1 UNITY_SPECCUBE_BOX_PROJECTION UNITY_SPECCUBE_BLENDING UNITY_ENABLE_DETAIL_NORMALMAP SHADER_API_DESKTOP UNITY_LIGHT_PROBE_PROXY_VOLUME UNITY_LIGHTMAP_FULL_HDR UNITY_PLATFORM_SUPPORTS_DEPTH_FETCH uKW= dKW=UNITY_NO_DXT5nm UNITY_FRAMEBUFFER_FETCH_AVAILABLE UNITY_METAL_SHADOWS_USE_POINT_FILTERING UNITY_NO_SCREENSPACE_SHADOWS UNITY_PBS_USE_BRDF2 UNITY_PBS_USE_BRDF3 UNITY_HARDWARE_TIER1 UNITY_HARDWARE_TIER2 UNITY_HARDWARE_TIER3 UNITY_COLORSPACE_GAMMA UNITY_LIGHTMAP_DLDR_ENCODING UNITY_LIGHTMAP_RGBM_ENCODING UNITY_VIRTUAL_TEXTURING UNITY_PRETRANSFORM_TO_DISPLAY_ORIENTATION UNITY_ASTC_NORMALMAP_ENCODING SHADER_API_GLES30 SHADER_API_GLES31 SHADER_API_GLES32 UNITY_UNIFIED_SHADER_PRECISION_MODEL flags=0 lang=3 type=Fragment platform=d3d11 reqs=227 mask=6 start=30  error: 1 plat 4 at Assets/MyAssets/Shaders/Fog/FogPass.hlsl(11): implicit truncation of vector type
  error: 1 plat 4 at Assets/MyAssets/Shaders/Fog/FogPass.hlsl(37): integer modulus may be much slower, try using uints if possible.
  error: 1 plat 4 at Assets/MyAssets/Shaders/Fog/FogPass.hlsl(38): integer divides may be much slower, try using uints if possible.
 ok=1 outsize=1178


Cmd: compileSnippet
  insize=687 file=Assets/MyAssets/Shaders/Fog/FogShader.shader name=Custom/FogShader pass=FogPass ppOnly=0 stripLineD=0 buildPlatform=19 rsLen=0 pKW=UNITY_ENABLE_REFLECTION_BUFFERS UNITY_USE_DITHER_MASK_FOR_ALPHABLENDED_SHADOWS UNITY_PBS_USE_BRDF1 UNITY_SPECCUBE_BOX_PROJECTION UNITY_SPECCUBE_BLENDING UNITY_ENABLE_DETAIL_NORMALMAP SHADER_API_DESKTOP UNITY_LIGHT_PROBE_PROXY_VOLUME UNITY_LIGHTMAP_FULL_HDR UNITY_PLATFORM_SUPPORTS_DEPTH_FETCH uKW= dKW=UNITY_NO_DXT5nm UNITY_FRAMEBUFFER_FETCH_AVAILABLE UNITY_METAL_SHADOWS_USE_POINT_FILTERING UNITY_NO_SCREENSPACE_SHADOWS UNITY_PBS_USE_BRDF2 UNITY_PBS_USE_BRDF3 UNITY_HARDWARE_TIER1 UNITY_HARDWARE_TIER2 UNITY_HARDWARE_TIER3 UNITY_COLORSPACE_GAMMA UNITY_LIGHTMAP_DLDR_ENCODING UNITY_LIGHTMAP_RGBM_ENCODING UNITY_VIRTUAL_TEXTURING UNITY_PRETRANSFORM_TO_DISPLAY_ORIENTATION UNITY_ASTC_NORMALMAP_ENCODING SHADER_API_GLES30 SHADER_API_GLES31 SHADER_API_GLES32 UNITY_UNIFIED_SHADER_PRECISION_MODEL flags=0 lang=3 type=Fragment platform=d3d11 reqs=227 mask=6 start=30  error: 1 plat 4 at Assets/MyAssets/Shaders/Fog/FogPass.hlsl(11): implicit truncation of vector type
  error: 1 plat 4 at Assets/MyAssets/Shaders/Fog/FogPass.hlsl(37): integer modulus may be much slower, try using uints if possible.
 ok=1 outsize=1010


Cmd: compileSnippet
  insize=687 file=Assets/MyAssets/Shaders/Fog/FogShader.shader name=Custom/FogShader pass=FogPass ppOnly=0 stripLineD=0 buildPlatform=19 rsLen=0 pKW=UNITY_ENABLE_REFLECTION_BUFFERS UNITY_USE_DITHER_MASK_FOR_ALPHABLENDED_SHADOWS UNITY_PBS_USE_BRDF1 UNITY_SPECCUBE_BOX_PROJECTION UNITY_SPECCUBE_BLENDING UNITY_ENABLE_DETAIL_NORMALMAP SHADER_API_DESKTOP UNITY_LIGHT_PROBE_PROXY_VOLUME UNITY_LIGHTMAP_FULL_HDR UNITY_PLATFORM_SUPPORTS_DEPTH_FETCH uKW= dKW=UNITY_NO_DXT5nm UNITY_FRAMEBUFFER_FETCH_AVAILABLE UNITY_METAL_SHADOWS_USE_POINT_FILTERING UNITY_NO_SCREENSPACE_SHADOWS UNITY_PBS_USE_BRDF2 UNITY_PBS_USE_BRDF3 UNITY_HARDWARE_TIER1 UNITY_HARDWARE_TIER2 UNITY_HARDWARE_TIER3 UNITY_COLORSPACE_GAMMA UNITY_LIGHTMAP_DLDR_ENCODING UNITY_LIGHTMAP_RGBM_ENCODING UNITY_VIRTUAL_TEXTURING UNITY_PRETRANSFORM_TO_DISPLAY_ORIENTATION UNITY_ASTC_NORMALMAP_ENCODING SHADER_API_GLES30 SHADER_API_GLES31 SHADER_API_GLES32 UNITY_UNIFIED_SHADER_PRECISION_MODEL flags=0 lang=3 type=Vertex platform=d3d11 reqs=227 mask=6 start=30  error: 1 plat 4 at Assets/MyAssets/Shaders/Fog/FogPass.hlsl(11): implicit truncation of vector type
 ok=1 outsize=618


Cmd: compileSnippet
  insize=687 file=Assets/MyAssets/Shaders/Fog/FogShader.shader name=Custom/FogShader pass=FogPass ppOnly=0 stripLineD=0 buildPlatform=19 rsLen=0 pKW=UNITY_ENABLE_REFLECTION_BUFFERS UNITY_USE_DITHER_MASK_FOR_ALPHABLENDED_SHADOWS UNITY_PBS_USE_BRDF1 UNITY_SPECCUBE_BOX_PROJECTION UNITY_SPECCUBE_BLENDING UNITY_ENABLE_DETAIL_NORMALMAP SHADER_API_DESKTOP UNITY_LIGHT_PROBE_PROXY_VOLUME UNITY_LIGHTMAP_FULL_HDR UNITY_PLATFORM_SUPPORTS_DEPTH_FETCH uKW= dKW=UNITY_NO_DXT5nm UNITY_FRAMEBUFFER_FETCH_AVAILABLE UNITY_METAL_SHADOWS_USE_POINT_FILTERING UNITY_NO_SCREENSPACE_SHADOWS UNITY_PBS_USE_BRDF2 UNITY_PBS_USE_BRDF3 UNITY_HARDWARE_TIER1 UNITY_HARDWARE_TIER2 UNITY_HARDWARE_TIER3 UNITY_COLORSPACE_GAMMA UNITY_LIGHTMAP_DLDR_ENCODING UNITY_LIGHTMAP_RGBM_ENCODING UNITY_VIRTUAL_TEXTURING UNITY_PRETRANSFORM_TO_DISPLAY_ORIENTATION UNITY_ASTC_NORMALMAP_ENCODING SHADER_API_GLES30 SHADER_API_GLES31 SHADER_API_GLES32 UNITY_UNIFIED_SHADER_PRECISION_MODEL flags=0 lang=3 type=Fragment platform=d3d11 reqs=227 mask=6 start=30  error: 1 plat 4 at Assets/MyAssets/Shaders/Fog/FogPass.hlsl(11): implicit truncation of vector type
  error: 1 plat 4 at Assets/MyAssets/Shaders/Fog/FogPass.hlsl(37): integer modulus may be much slower, try using uints if possible.
 ok=1 outsize=358


Cmd: compileSnippet
  insize=687 file=Assets/MyAssets/Shaders/Fog/FogShader.shader name=Custom/FogShader pass=FogPass ppOnly=0 stripLineD=0 buildPlatform=19 rsLen=0 pKW=UNITY_ENABLE_REFLECTION_BUFFERS UNITY_USE_DITHER_MASK_FOR_ALPHABLENDED_SHADOWS UNITY_PBS_USE_BRDF1 UNITY_SPECCUBE_BOX_PROJECTION UNITY_SPECCUBE_BLENDING UNITY_ENABLE_DETAIL_NORMALMAP SHADER_API_DESKTOP UNITY_LIGHT_PROBE_PROXY_VOLUME UNITY_LIGHTMAP_FULL_HDR UNITY_PLATFORM_SUPPORTS_DEPTH_FETCH uKW= dKW=UNITY_NO_DXT5nm UNITY_FRAMEBUFFER_FETCH_AVAILABLE UNITY_METAL_SHADOWS_USE_POINT_FILTERING UNITY_NO_SCREENSPACE_SHADOWS UNITY_PBS_USE_BRDF2 UNITY_PBS_USE_BRDF3 UNITY_HARDWARE_TIER1 UNITY_HARDWARE_TIER2 UNITY_HARDWARE_TIER3 UNITY_COLORSPACE_GAMMA UNITY_LIGHTMAP_DLDR_ENCODING UNITY_LIGHTMAP_RGBM_ENCODING UNITY_VIRTUAL_TEXTURING UNITY_PRETRANSFORM_TO_DISPLAY_ORIENTATION UNITY_ASTC_NORMALMAP_ENCODING SHADER_API_GLES30 SHADER_API_GLES31 SHADER_API_GLES32 UNITY_UNIFIED_SHADER_PRECISION_MODEL flags=0 lang=3 type=Fragment platform=d3d11 reqs=227 mask=6 start=30  error: 1 plat 4 at Assets/MyAssets/Shaders/Fog/FogPass.hlsl(11): implicit truncation of vector type
  error: 1 plat 4 at Assets/MyAssets/Shaders/Fog/FogPass.hlsl(37): integer modulus may be much slower, try using uints if possible.
 ok=1 outsize=358


Cmd: compileSnippet
  insize=687 file=Assets/MyAssets/Shaders/Fog/FogShader.shader name=Custom/FogShader pass=FogPass ppOnly=0 stripLineD=0 buildPlatform=19 rsLen=0 pKW=UNITY_ENABLE_REFLECTION_BUFFERS UNITY_USE_DITHER_MASK_FOR_ALPHABLENDED_SHADOWS UNITY_PBS_USE_BRDF1 UNITY_SPECCUBE_BOX_PROJECTION UNITY_SPECCUBE_BLENDING UNITY_ENABLE_DETAIL_NORMALMAP SHADER_API_DESKTOP UNITY_LIGHT_PROBE_PROXY_VOLUME UNITY_LIGHTMAP_FULL_HDR UNITY_PLATFORM_SUPPORTS_DEPTH_FETCH uKW= dKW=UNITY_NO_DXT5nm UNITY_FRAMEBUFFER_FETCH_AVAILABLE UNITY_METAL_SHADOWS_USE_POINT_FILTERING UNITY_NO_SCREENSPACE_SHADOWS UNITY_PBS_USE_BRDF2 UNITY_PBS_USE_BRDF3 UNITY_HARDWARE_TIER1 UNITY_HARDWARE_TIER2 UNITY_HARDWARE_TIER3 UNITY_COLORSPACE_GAMMA UNITY_LIGHTMAP_DLDR_ENCODING UNITY_LIGHTMAP_RGBM_ENCODING UNITY_VIRTUAL_TEXTURING UNITY_PRETRANSFORM_TO_DISPLAY_ORIENTATION UNITY_ASTC_NORMALMAP_ENCODING SHADER_API_GLES30 SHADER_API_GLES31 SHADER_API_GLES32 UNITY_UNIFIED_SHADER_PRECISION_MODEL flags=0 lang=3 type=Fragment platform=d3d11 reqs=227 mask=6 start=30  error: 1 plat 4 at Assets/MyAssets/Shaders/Fog/FogPass.hlsl(11): implicit truncation of vector type
  error: 1 plat 4 at Assets/MyAssets/Shaders/Fog/FogPass.hlsl(37): integer modulus may be much slower, try using uints if possible.
 ok=1 outsize=358


Cmd: compileSnippet
  insize=687 file=Assets/MyAssets/Shaders/Fog/FogShader.shader name=Custom/FogShader pass=FogPass ppOnly=0 stripLineD=0 buildPlatform=19 rsLen=0 pKW=UNITY_ENABLE_REFLECTION_BUFFERS UNITY_USE_DITHER_MASK_FOR_ALPHABLENDED_SHADOWS UNITY_PBS_USE_BRDF1 UNITY_SPECCUBE_BOX_PROJECTION UNITY_SPECCUBE_BLENDING UNITY_ENABLE_DETAIL_NORMALMAP SHADER_API_DESKTOP UNITY_LIGHT_PROBE_PROXY_VOLUME UNITY_LIGHTMAP_FULL_HDR UNITY_PLATFORM_SUPPORTS_DEPTH_FETCH uKW= dKW=UNITY_NO_DXT5nm UNITY_FRAMEBUFFER_FETCH_AVAILABLE UNITY_METAL_SHADOWS_USE_POINT_FILTERING UNITY_NO_SCREENSPACE_SHADOWS UNITY_PBS_USE_BRDF2 UNITY_PBS_USE_BRDF3 UNITY_HARDWARE_TIER1 UNITY_HARDWARE_TIER2 UNITY_HARDWARE_TIER3 UNITY_COLORSPACE_GAMMA UNITY_LIGHTMAP_DLDR_ENCODING UNITY_LIGHTMAP_RGBM_ENCODING UNITY_VIRTUAL_TEXTURING UNITY_PRETRANSFORM_TO_DISPLAY_ORIENTATION UNITY_ASTC_NORMALMAP_ENCODING SHADER_API_GLES30 SHADER_API_GLES31 SHADER_API_GLES32 UNITY_UNIFIED_SHADER_PRECISION_MODEL flags=0 lang=3 type=Fragment platform=d3d11 reqs=227 mask=6 start=30  error: 1 plat 4 at Assets/MyAssets/Shaders/Fog/FogPass.hlsl(11): implicit truncation of vector type
  error: 2 plat 4 at Assets/MyAssets/Shaders/Fog/FogPass.hlsl(38): syntax error: unexpected token ')'
 ok=0 outsize=0




Cmd: compileSnippet
  insize=687 file=Assets/MyAssets/Shaders/Fog/FogShader.shader name=Custom/FogShader pass=FogPass ppOnly=0 stripLineD=0 buildPlatform=19 rsLen=0 pKW=UNITY_ENABLE_REFLECTION_BUFFERS UNITY_USE_DITHER_MASK_FOR_ALPHABLENDED_SHADOWS UNITY_PBS_USE_BRDF1 UNITY_SPECCUBE_BOX_PROJECTION UNITY_SPECCUBE_BLENDING UNITY_ENABLE_DETAIL_NORMALMAP SHADER_API_DESKTOP UNITY_LIGHT_PROBE_PROXY_VOLUME UNITY_LIGHTMAP_FULL_HDR UNITY_PLATFORM_SUPPORTS_DEPTH_FETCH uKW= dKW=UNITY_NO_DXT5nm UNITY_FRAMEBUFFER_FETCH_AVAILABLE UNITY_METAL_SHADOWS_USE_POINT_FILTERING UNITY_NO_SCREENSPACE_SHADOWS UNITY_PBS_USE_BRDF2 UNITY_PBS_USE_BRDF3 UNITY_HARDWARE_TIER1 UNITY_HARDWARE_TIER2 UNITY_HARDWARE_TIER3 UNITY_COLORSPACE_GAMMA UNITY_LIGHTMAP_DLDR_ENCODING UNITY_LIGHTMAP_RGBM_ENCODING UNITY_VIRTUAL_TEXTURING UNITY_PRETRANSFORM_TO_DISPLAY_ORIENTATION UNITY_ASTC_NORMALMAP_ENCODING SHADER_API_GLES30 SHADER_API_GLES31 SHADER_API_GLES32 UNITY_UNIFIED_SHADER_PRECISION_MODEL flags=0 lang=3 type=Fragment platform=d3d11 reqs=227 mask=6 start=30  error: 1 plat 4 at Assets/MyAssets/Shaders/Fog/FogPass.hlsl(11): implicit truncation of vector type
  error: 1 plat 4 at Assets/MyAssets/Shaders/Fog/FogPass.hlsl(37): integer modulus may be much slower, try using uints if possible.
 ok=1 outsize=310


Cmd: compileSnippet
  insize=687 file=Assets/MyAssets/Shaders/Fog/FogShader.shader name=Custom/FogShader pass=FogPass ppOnly=0 stripLineD=0 buildPlatform=19 rsLen=0 pKW=UNITY_ENABLE_REFLECTION_BUFFERS UNITY_USE_DITHER_MASK_FOR_ALPHABLENDED_SHADOWS UNITY_PBS_USE_BRDF1 UNITY_SPECCUBE_BOX_PROJECTION UNITY_SPECCUBE_BLENDING UNITY_ENABLE_DETAIL_NORMALMAP SHADER_API_DESKTOP UNITY_LIGHT_PROBE_PROXY_VOLUME UNITY_LIGHTMAP_FULL_HDR UNITY_PLATFORM_SUPPORTS_DEPTH_FETCH uKW= dKW=UNITY_NO_DXT5nm UNITY_FRAMEBUFFER_FETCH_AVAILABLE UNITY_METAL_SHADOWS_USE_POINT_FILTERING UNITY_NO_SCREENSPACE_SHADOWS UNITY_PBS_USE_BRDF2 UNITY_PBS_USE_BRDF3 UNITY_HARDWARE_TIER1 UNITY_HARDWARE_TIER2 UNITY_HARDWARE_TIER3 UNITY_COLORSPACE_GAMMA UNITY_LIGHTMAP_DLDR_ENCODING UNITY_LIGHTMAP_RGBM_ENCODING UNITY_VIRTUAL_TEXTURING UNITY_PRETRANSFORM_TO_DISPLAY_ORIENTATION UNITY_ASTC_NORMALMAP_ENCODING SHADER_API_GLES30 SHADER_API_GLES31 SHADER_API_GLES32 UNITY_UNIFIED_SHADER_PRECISION_MODEL flags=0 lang=3 type=Fragment platform=d3d11 reqs=227 mask=6 start=30  error: 1 plat 4 at Assets/MyAssets/Shaders/Fog/FogPass.hlsl(11): implicit truncation of vector type
  error: 1 plat 4 at Assets/MyAssets/Shaders/Fog/FogPass.hlsl(37): integer modulus may be much slower, try using uints if possible.
 ok=1 outsize=358


Cmd: compileSnippet
  insize=687 file=Assets/MyAssets/Shaders/Fog/FogShader.shader name=Custom/FogShader pass=FogPass ppOnly=0 stripLineD=0 buildPlatform=19 rsLen=0 pKW=UNITY_ENABLE_REFLECTION_BUFFERS UNITY_USE_DITHER_MASK_FOR_ALPHABLENDED_SHADOWS UNITY_PBS_USE_BRDF1 UNITY_SPECCUBE_BOX_PROJECTION UNITY_SPECCUBE_BLENDING UNITY_ENABLE_DETAIL_NORMALMAP SHADER_API_DESKTOP UNITY_LIGHT_PROBE_PROXY_VOLUME UNITY_LIGHTMAP_FULL_HDR UNITY_PLATFORM_SUPPORTS_DEPTH_FETCH uKW= dKW=UNITY_NO_DXT5nm UNITY_FRAMEBUFFER_FETCH_AVAILABLE UNITY_METAL_SHADOWS_USE_POINT_FILTERING UNITY_NO_SCREENSPACE_SHADOWS UNITY_PBS_USE_BRDF2 UNITY_PBS_USE_BRDF3 UNITY_HARDWARE_TIER1 UNITY_HARDWARE_TIER2 UNITY_HARDWARE_TIER3 UNITY_COLORSPACE_GAMMA UNITY_LIGHTMAP_DLDR_ENCODING UNITY_LIGHTMAP_RGBM_ENCODING UNITY_VIRTUAL_TEXTURING UNITY_PRETRANSFORM_TO_DISPLAY_ORIENTATION UNITY_ASTC_NORMALMAP_ENCODING SHADER_API_GLES30 SHADER_API_GLES31 SHADER_API_GLES32 UNITY_UNIFIED_SHADER_PRECISION_MODEL flags=0 lang=3 type=Fragment platform=d3d11 reqs=227 mask=6 start=30  error: 1 plat 4 at Assets/MyAssets/Shaders/Fog/FogPass.hlsl(11): implicit truncation of vector type
  error: 1 plat 4 at Assets/MyAssets/Shaders/Fog/FogPass.hlsl(37): integer modulus may be much slower, try using uints if possible.
 ok=1 outsize=358


Cmd: compileSnippet
  insize=687 file=Assets/MyAssets/Shaders/Fog/FogShader.shader name=Custom/FogShader pass=FogPass ppOnly=0 stripLineD=0 buildPlatform=19 rsLen=0 pKW=UNITY_ENABLE_REFLECTION_BUFFERS UNITY_USE_DITHER_MASK_FOR_ALPHABLENDED_SHADOWS UNITY_PBS_USE_BRDF1 UNITY_SPECCUBE_BOX_PROJECTION UNITY_SPECCUBE_BLENDING UNITY_ENABLE_DETAIL_NORMALMAP SHADER_API_DESKTOP UNITY_LIGHT_PROBE_PROXY_VOLUME UNITY_LIGHTMAP_FULL_HDR UNITY_PLATFORM_SUPPORTS_DEPTH_FETCH uKW= dKW=UNITY_NO_DXT5nm UNITY_FRAMEBUFFER_FETCH_AVAILABLE UNITY_METAL_SHADOWS_USE_POINT_FILTERING UNITY_NO_SCREENSPACE_SHADOWS UNITY_PBS_USE_BRDF2 UNITY_PBS_USE_BRDF3 UNITY_HARDWARE_TIER1 UNITY_HARDWARE_TIER2 UNITY_HARDWARE_TIER3 UNITY_COLORSPACE_GAMMA UNITY_LIGHTMAP_DLDR_ENCODING UNITY_LIGHTMAP_RGBM_ENCODING UNITY_VIRTUAL_TEXTURING UNITY_PRETRANSFORM_TO_DISPLAY_ORIENTATION UNITY_ASTC_NORMALMAP_ENCODING SHADER_API_GLES30 SHADER_API_GLES31 SHADER_API_GLES32 UNITY_UNIFIED_SHADER_PRECISION_MODEL flags=0 lang=3 type=Fragment platform=d3d11 reqs=227 mask=6 start=30  error: 1 plat 4 at Assets/MyAssets/Shaders/Fog/FogPass.hlsl(11): implicit truncation of vector type
  error: 1 plat 4 at Assets/MyAssets/Shaders/Fog/FogPass.hlsl(37): integer modulus may be much slower, try using uints if possible.
 ok=1 outsize=358


Cmd: compileSnippet
  insize=687 file=Assets/MyAssets/Shaders/Fog/FogShader.shader name=Custom/FogShader pass=FogPass ppOnly=0 stripLineD=0 buildPlatform=19 rsLen=0 pKW=UNITY_ENABLE_REFLECTION_BUFFERS UNITY_USE_DITHER_MASK_FOR_ALPHABLENDED_SHADOWS UNITY_PBS_USE_BRDF1 UNITY_SPECCUBE_BOX_PROJECTION UNITY_SPECCUBE_BLENDING UNITY_ENABLE_DETAIL_NORMALMAP SHADER_API_DESKTOP UNITY_LIGHT_PROBE_PROXY_VOLUME UNITY_LIGHTMAP_FULL_HDR UNITY_PLATFORM_SUPPORTS_DEPTH_FETCH uKW= dKW=UNITY_NO_DXT5nm UNITY_FRAMEBUFFER_FETCH_AVAILABLE UNITY_METAL_SHADOWS_USE_POINT_FILTERING UNITY_NO_SCREENSPACE_SHADOWS UNITY_PBS_USE_BRDF2 UNITY_PBS_USE_BRDF3 UNITY_HARDWARE_TIER1 UNITY_HARDWARE_TIER2 UNITY_HARDWARE_TIER3 UNITY_COLORSPACE_GAMMA UNITY_LIGHTMAP_DLDR_ENCODING UNITY_LIGHTMAP_RGBM_ENCODING UNITY_VIRTUAL_TEXTURING UNITY_PRETRANSFORM_TO_DISPLAY_ORIENTATION UNITY_ASTC_NORMALMAP_ENCODING SHADER_API_GLES30 SHADER_API_GLES31 SHADER_API_GLES32 UNITY_UNIFIED_SHADER_PRECISION_MODEL flags=0 lang=3 type=Fragment platform=d3d11 reqs=227 mask=6 start=30  error: 1 plat 4 at Assets/MyAssets/Shaders/Fog/FogPass.hlsl(11): implicit truncation of vector type
  error: 1 plat 4 at Assets/MyAssets/Shaders/Fog/FogPass.hlsl(37): integer modulus may be much slower, try using uints if possible.
 ok=1 outsize=358


Cmd: compileSnippet
  insize=687 file=Assets/MyAssets/Shaders/Fog/FogShader.shader name=Custom/FogShader pass=FogPass ppOnly=0 stripLineD=0 buildPlatform=19 rsLen=0 pKW=UNITY_ENABLE_REFLECTION_BUFFERS UNITY_USE_DITHER_MASK_FOR_ALPHABLENDED_SHADOWS UNITY_PBS_USE_BRDF1 UNITY_SPECCUBE_BOX_PROJECTION UNITY_SPECCUBE_BLENDING UNITY_ENABLE_DETAIL_NORMALMAP SHADER_API_DESKTOP UNITY_LIGHT_PROBE_PROXY_VOLUME UNITY_LIGHTMAP_FULL_HDR UNITY_PLATFORM_SUPPORTS_DEPTH_FETCH uKW= dKW=UNITY_NO_DXT5nm UNITY_FRAMEBUFFER_FETCH_AVAILABLE UNITY_METAL_SHADOWS_USE_POINT_FILTERING UNITY_NO_SCREENSPACE_SHADOWS UNITY_PBS_USE_BRDF2 UNITY_PBS_USE_BRDF3 UNITY_HARDWARE_TIER1 UNITY_HARDWARE_TIER2 UNITY_HARDWARE_TIER3 UNITY_COLORSPACE_GAMMA UNITY_LIGHTMAP_DLDR_ENCODING UNITY_LIGHTMAP_RGBM_ENCODING UNITY_VIRTUAL_TEXTURING UNITY_PRETRANSFORM_TO_DISPLAY_ORIENTATION UNITY_ASTC_NORMALMAP_ENCODING SHADER_API_GLES30 SHADER_API_GLES31 SHADER_API_GLES32 UNITY_UNIFIED_SHADER_PRECISION_MODEL flags=0 lang=3 type=Fragment platform=d3d11 reqs=227 mask=6 start=30  error: 1 plat 4 at Assets/MyAssets/Shaders/Fog/FogPass.hlsl(11): implicit truncation of vector type
  error: 1 plat 4 at Assets/MyAssets/Shaders/Fog/FogPass.hlsl(37): integer modulus may be much slower, try using uints if possible.
 ok=1 outsize=358



Cmd: compileSnippet
  insize=687 file=Assets/MyAssets/Shaders/Fog/FogShader.shader name=Custom/FogShader pass=FogPass ppOnly=0 stripLineD=0 buildPlatform=19 rsLen=0 pKW=UNITY_ENABLE_REFLECTION_BUFFERS UNITY_USE_DITHER_MASK_FOR_ALPHABLENDED_SHADOWS UNITY_PBS_USE_BRDF1 UNITY_SPECCUBE_BOX_PROJECTION UNITY_SPECCUBE_BLENDING UNITY_ENABLE_DETAIL_NORMALMAP SHADER_API_DESKTOP UNITY_LIGHT_PROBE_PROXY_VOLUME UNITY_LIGHTMAP_FULL_HDR UNITY_PLATFORM_SUPPORTS_DEPTH_FETCH uKW= dKW=UNITY_NO_DXT5nm UNITY_FRAMEBUFFER_FETCH_AVAILABLE UNITY_METAL_SHADOWS_USE_POINT_FILTERING UNITY_NO_SCREENSPACE_SHADOWS UNITY_PBS_USE_BRDF2 UNITY_PBS_USE_BRDF3 UNITY_HARDWARE_TIER1 UNITY_HARDWARE_TIER2 UNITY_HARDWARE_TIER3 UNITY_COLORSPACE_GAMMA UNITY_LIGHTMAP_DLDR_ENCODING UNITY_LIGHTMAP_RGBM_ENCODING UNITY_VIRTUAL_TEXTURING UNITY_PRETRANSFORM_TO_DISPLAY_ORIENTATION UNITY_ASTC_NORMALMAP_ENCODING SHADER_API_GLES30 SHADER_API_GLES31 SHADER_API_GLES32 UNITY_UNIFIED_SHADER_PRECISION_MODEL flags=0 lang=3 type=Fragment platform=d3d11 reqs=227 mask=6 start=30  error: 1 plat 4 at Assets/MyAssets/Shaders/Fog/FogPass.hlsl(11): implicit truncation of vector type
  error: 1 plat 4 at Assets/MyAssets/Shaders/Fog/FogPass.hlsl(37): integer modulus may be much slower, try using uints if possible.
 ok=1 outsize=982


Cmd: compileSnippet
  insize=687 file=Assets/MyAssets/Shaders/Fog/FogShader.shader name=Custom/FogShader pass=FogPass ppOnly=0 stripLineD=0 buildPlatform=19 rsLen=0 pKW=UNITY_ENABLE_REFLECTION_BUFFERS UNITY_USE_DITHER_MASK_FOR_ALPHABLENDED_SHADOWS UNITY_PBS_USE_BRDF1 UNITY_SPECCUBE_BOX_PROJECTION UNITY_SPECCUBE_BLENDING UNITY_ENABLE_DETAIL_NORMALMAP SHADER_API_DESKTOP UNITY_LIGHT_PROBE_PROXY_VOLUME UNITY_LIGHTMAP_FULL_HDR UNITY_PLATFORM_SUPPORTS_DEPTH_FETCH uKW= dKW=UNITY_NO_DXT5nm UNITY_FRAMEBUFFER_FETCH_AVAILABLE UNITY_METAL_SHADOWS_USE_POINT_FILTERING UNITY_NO_SCREENSPACE_SHADOWS UNITY_PBS_USE_BRDF2 UNITY_PBS_USE_BRDF3 UNITY_HARDWARE_TIER1 UNITY_HARDWARE_TIER2 UNITY_HARDWARE_TIER3 UNITY_COLORSPACE_GAMMA UNITY_LIGHTMAP_DLDR_ENCODING UNITY_LIGHTMAP_RGBM_ENCODING UNITY_VIRTUAL_TEXTURING UNITY_PRETRANSFORM_TO_DISPLAY_ORIENTATION UNITY_ASTC_NORMALMAP_ENCODING SHADER_API_GLES30 SHADER_API_GLES31 SHADER_API_GLES32 UNITY_UNIFIED_SHADER_PRECISION_MODEL flags=0 lang=3 type=Fragment platform=d3d11 reqs=227 mask=6 start=30  error: 1 plat 4 at Assets/MyAssets/Shaders/Fog/FogPass.hlsl(11): implicit truncation of vector type
  error: 1 plat 4 at Assets/MyAssets/Shaders/Fog/FogPass.hlsl(37): integer modulus may be much slower, try using uints if possible.
 ok=1 outsize=982


Cmd: compileSnippet
  insize=687 file=Assets/MyAssets/Shaders/Fog/FogShader.shader name=Custom/FogShader pass=FogPass ppOnly=0 stripLineD=0 buildPlatform=19 rsLen=0 pKW=UNITY_ENABLE_REFLECTION_BUFFERS UNITY_USE_DITHER_MASK_FOR_ALPHABLENDED_SHADOWS UNITY_PBS_USE_BRDF1 UNITY_SPECCUBE_BOX_PROJECTION UNITY_SPECCUBE_BLENDING UNITY_ENABLE_DETAIL_NORMALMAP SHADER_API_DESKTOP UNITY_LIGHT_PROBE_PROXY_VOLUME UNITY_LIGHTMAP_FULL_HDR UNITY_PLATFORM_SUPPORTS_DEPTH_FETCH uKW= dKW=UNITY_NO_DXT5nm UNITY_FRAMEBUFFER_FETCH_AVAILABLE UNITY_METAL_SHADOWS_USE_POINT_FILTERING UNITY_NO_SCREENSPACE_SHADOWS UNITY_PBS_USE_BRDF2 UNITY_PBS_USE_BRDF3 UNITY_HARDWARE_TIER1 UNITY_HARDWARE_TIER2 UNITY_HARDWARE_TIER3 UNITY_COLORSPACE_GAMMA UNITY_LIGHTMAP_DLDR_ENCODING UNITY_LIGHTMAP_RGBM_ENCODING UNITY_VIRTUAL_TEXTURING UNITY_PRETRANSFORM_TO_DISPLAY_ORIENTATION UNITY_ASTC_NORMALMAP_ENCODING SHADER_API_GLES30 SHADER_API_GLES31 SHADER_API_GLES32 UNITY_UNIFIED_SHADER_PRECISION_MODEL flags=0 lang=3 type=Fragment platform=d3d11 reqs=227 mask=6 start=30  error: 1 plat 4 at Assets/MyAssets/Shaders/Fog/FogPass.hlsl(11): implicit truncation of vector type
  error: 1 plat 4 at Assets/MyAssets/Shaders/Fog/FogPass.hlsl(37): integer modulus may be much slower, try using uints if possible.
  error: 1 plat 4 at Assets/MyAssets/Shaders/Fog/FogPass.hlsl(38): integer modulus may be much slower, try using uints if possible.
  error: 1 plat 4 at Assets/MyAssets/Shaders/Fog/FogPass.hlsl(40): integer modulus may be much slower, try using uints if possible.
  error: 1 plat 4 at Assets/MyAssets/Shaders/Fog/FogPass.hlsl(41): integer modulus may be much slower, try using uints if possible.
  error: 1 plat 4 at Assets/MyAssets/Shaders/Fog/FogPass.hlsl(42): integer modulus may be much slower, try using uints if possible.
 ok=1 outsize=2802


Cmd: compileSnippet
  insize=687 file=Assets/MyAssets/Shaders/Fog/FogShader.shader name=Custom/FogShader pass=FogPass ppOnly=0 stripLineD=0 buildPlatform=19 rsLen=0 pKW=UNITY_ENABLE_REFLECTION_BUFFERS UNITY_USE_DITHER_MASK_FOR_ALPHABLENDED_SHADOWS UNITY_PBS_USE_BRDF1 UNITY_SPECCUBE_BOX_PROJECTION UNITY_SPECCUBE_BLENDING UNITY_ENABLE_DETAIL_NORMALMAP SHADER_API_DESKTOP UNITY_LIGHT_PROBE_PROXY_VOLUME UNITY_LIGHTMAP_FULL_HDR UNITY_PLATFORM_SUPPORTS_DEPTH_FETCH uKW= dKW=UNITY_NO_DXT5nm UNITY_FRAMEBUFFER_FETCH_AVAILABLE UNITY_METAL_SHADOWS_USE_POINT_FILTERING UNITY_NO_SCREENSPACE_SHADOWS UNITY_PBS_USE_BRDF2 UNITY_PBS_USE_BRDF3 UNITY_HARDWARE_TIER1 UNITY_HARDWARE_TIER2 UNITY_HARDWARE_TIER3 UNITY_COLORSPACE_GAMMA UNITY_LIGHTMAP_DLDR_ENCODING UNITY_LIGHTMAP_RGBM_ENCODING UNITY_VIRTUAL_TEXTURING UNITY_PRETRANSFORM_TO_DISPLAY_ORIENTATION UNITY_ASTC_NORMALMAP_ENCODING SHADER_API_GLES30 SHADER_API_GLES31 SHADER_API_GLES32 UNITY_UNIFIED_SHADER_PRECISION_MODEL flags=0 lang=3 type=Fragment platform=d3d11 reqs=227 mask=6 start=30  error: 1 plat 4 at Assets/MyAssets/Shaders/Fog/FogPass.hlsl(11): implicit truncation of vector type
 ok=1 outsize=722


Cmd: compileSnippet
  insize=687 file=Assets/MyAssets/Shaders/Fog/FogShader.shader name=Custom/FogShader pass=FogPass ppOnly=0 stripLineD=0 buildPlatform=19 rsLen=0 pKW=UNITY_ENABLE_REFLECTION_BUFFERS UNITY_USE_DITHER_MASK_FOR_ALPHABLENDED_SHADOWS UNITY_PBS_USE_BRDF1 UNITY_SPECCUBE_BOX_PROJECTION UNITY_SPECCUBE_BLENDING UNITY_ENABLE_DETAIL_NORMALMAP SHADER_API_DESKTOP UNITY_LIGHT_PROBE_PROXY_VOLUME UNITY_LIGHTMAP_FULL_HDR UNITY_PLATFORM_SUPPORTS_DEPTH_FETCH uKW= dKW=UNITY_NO_DXT5nm UNITY_FRAMEBUFFER_FETCH_AVAILABLE UNITY_METAL_SHADOWS_USE_POINT_FILTERING UNITY_NO_SCREENSPACE_SHADOWS UNITY_PBS_USE_BRDF2 UNITY_PBS_USE_BRDF3 UNITY_HARDWARE_TIER1 UNITY_HARDWARE_TIER2 UNITY_HARDWARE_TIER3 UNITY_COLORSPACE_GAMMA UNITY_LIGHTMAP_DLDR_ENCODING UNITY_LIGHTMAP_RGBM_ENCODING UNITY_VIRTUAL_TEXTURING UNITY_PRETRANSFORM_TO_DISPLAY_ORIENTATION UNITY_ASTC_NORMALMAP_ENCODING SHADER_API_GLES30 SHADER_API_GLES31 SHADER_API_GLES32 UNITY_UNIFIED_SHADER_PRECISION_MODEL flags=0 lang=3 type=Fragment platform=d3d11 reqs=227 mask=6 start=30  error: 1 plat 4 at Assets/MyAssets/Shaders/Fog/FogPass.hlsl(11): implicit truncation of vector type
  error: 1 plat 4 at Assets/MyAssets/Shaders/Fog/FogPass.hlsl(37): integer modulus may be much slower, try using uints if possible.
  error: 1 plat 4 at Assets/MyAssets/Shaders/Fog/FogPass.hlsl(38): integer modulus may be much slower, try using uints if possible.
  error: 1 plat 4 at Assets/MyAssets/Shaders/Fog/FogPass.hlsl(40): integer modulus may be much slower, try using uints if possible.
  error: 1 plat 4 at Assets/MyAssets/Shaders/Fog/FogPass.hlsl(41): integer modulus may be much slower, try using uints if possible.
  error: 1 plat 4 at Assets/MyAssets/Shaders/Fog/FogPass.hlsl(42): integer modulus may be much slower, try using uints if possible.
 ok=1 outsize=2782


Cmd: compileSnippet
  insize=687 file=Assets/MyAssets/Shaders/Fog/FogShader.shader name=Custom/FogShader pass=FogPass ppOnly=0 stripLineD=0 buildPlatform=19 rsLen=0 pKW=UNITY_ENABLE_REFLECTION_BUFFERS UNITY_USE_DITHER_MASK_FOR_ALPHABLENDED_SHADOWS UNITY_PBS_USE_BRDF1 UNITY_SPECCUBE_BOX_PROJECTION UNITY_SPECCUBE_BLENDING UNITY_ENABLE_DETAIL_NORMALMAP SHADER_API_DESKTOP UNITY_LIGHT_PROBE_PROXY_VOLUME UNITY_LIGHTMAP_FULL_HDR UNITY_PLATFORM_SUPPORTS_DEPTH_FETCH uKW= dKW=UNITY_NO_DXT5nm UNITY_FRAMEBUFFER_FETCH_AVAILABLE UNITY_METAL_SHADOWS_USE_POINT_FILTERING UNITY_NO_SCREENSPACE_SHADOWS UNITY_PBS_USE_BRDF2 UNITY_PBS_USE_BRDF3 UNITY_HARDWARE_TIER1 UNITY_HARDWARE_TIER2 UNITY_HARDWARE_TIER3 UNITY_COLORSPACE_GAMMA UNITY_LIGHTMAP_DLDR_ENCODING UNITY_LIGHTMAP_RGBM_ENCODING UNITY_VIRTUAL_TEXTURING UNITY_PRETRANSFORM_TO_DISPLAY_ORIENTATION UNITY_ASTC_NORMALMAP_ENCODING SHADER_API_GLES30 SHADER_API_GLES31 SHADER_API_GLES32 UNITY_UNIFIED_SHADER_PRECISION_MODEL flags=0 lang=3 type=Fragment platform=d3d11 reqs=227 mask=6 start=30  error: 1 plat 4 at Assets/MyAssets/Shaders/Fog/FogPass.hlsl(11): implicit truncation of vector type
  error: 2 plat 4 at Assets/MyAssets/Shaders/Fog/FogPass.hlsl(62): 'Noise': no matching 2 parameter function
  error: 2 plat 4 at Assets/MyAssets/Shaders/Fog/FogPass.hlsl(62): invalid subscript 'z'
 ok=0 outsize=0


Cmd: compileSnippet
  insize=687 file=Assets/MyAssets/Shaders/Fog/FogShader.shader name=Custom/FogShader pass=FogPass ppOnly=0 stripLineD=0 buildPlatform=19 rsLen=0 pKW=UNITY_ENABLE_REFLECTION_BUFFERS UNITY_USE_DITHER_MASK_FOR_ALPHABLENDED_SHADOWS UNITY_PBS_USE_BRDF1 UNITY_SPECCUBE_BOX_PROJECTION UNITY_SPECCUBE_BLENDING UNITY_ENABLE_DETAIL_NORMALMAP SHADER_API_DESKTOP UNITY_LIGHT_PROBE_PROXY_VOLUME UNITY_LIGHTMAP_FULL_HDR UNITY_PLATFORM_SUPPORTS_DEPTH_FETCH uKW= dKW=UNITY_NO_DXT5nm UNITY_FRAMEBUFFER_FETCH_AVAILABLE UNITY_METAL_SHADOWS_USE_POINT_FILTERING UNITY_NO_SCREENSPACE_SHADOWS UNITY_PBS_USE_BRDF2 UNITY_PBS_USE_BRDF3 UNITY_HARDWARE_TIER1 UNITY_HARDWARE_TIER2 UNITY_HARDWARE_TIER3 UNITY_COLORSPACE_GAMMA UNITY_LIGHTMAP_DLDR_ENCODING UNITY_LIGHTMAP_RGBM_ENCODING UNITY_VIRTUAL_TEXTURING UNITY_PRETRANSFORM_TO_DISPLAY_ORIENTATION UNITY_ASTC_NORMALMAP_ENCODING SHADER_API_GLES30 SHADER_API_GLES31 SHADER_API_GLES32 UNITY_UNIFIED_SHADER_PRECISION_MODEL flags=0 lang=3 type=Fragment platform=d3d11 reqs=227 mask=6 start=30  error: 1 plat 4 at Assets/MyAssets/Shaders/Fog/FogPass.hlsl(11): implicit truncation of vector type
  error: 1 plat 4 at Assets/MyAssets/Shaders/Fog/FogPass.hlsl(37): integer modulus may be much slower, try using uints if possible.
  error: 1 plat 4 at Assets/MyAssets/Shaders/Fog/FogPass.hlsl(38): integer modulus may be much slower, try using uints if possible.
  error: 1 plat 4 at Assets/MyAssets/Shaders/Fog/FogPass.hlsl(40): integer modulus may be much slower, try using uints if possible.
  error: 1 plat 4 at Assets/MyAssets/Shaders/Fog/FogPass.hlsl(41): integer modulus may be much slower, try using uints if possible.
  error: 1 plat 4 at Assets/MyAssets/Shaders/Fog/FogPass.hlsl(42): integer modulus may be much slower, try using uints if possible.
 ok=1 outsize=2482


Cmd: compileSnippet
  insize=687 file=Assets/MyAssets/Shaders/Fog/FogShader.shader name=Custom/FogShader pass=FogPass ppOnly=0 stripLineD=0 buildPlatform=19 rsLen=0 pKW=UNITY_ENABLE_REFLECTION_BUFFERS UNITY_USE_DITHER_MASK_FOR_ALPHABLENDED_SHADOWS UNITY_PBS_USE_BRDF1 UNITY_SPECCUBE_BOX_PROJECTION UNITY_SPECCUBE_BLENDING UNITY_ENABLE_DETAIL_NORMALMAP SHADER_API_DESKTOP UNITY_LIGHT_PROBE_PROXY_VOLUME UNITY_LIGHTMAP_FULL_HDR UNITY_PLATFORM_SUPPORTS_DEPTH_FETCH uKW= dKW=UNITY_NO_DXT5nm UNITY_FRAMEBUFFER_FETCH_AVAILABLE UNITY_METAL_SHADOWS_USE_POINT_FILTERING UNITY_NO_SCREENSPACE_SHADOWS UNITY_PBS_USE_BRDF2 UNITY_PBS_USE_BRDF3 UNITY_HARDWARE_TIER1 UNITY_HARDWARE_TIER2 UNITY_HARDWARE_TIER3 UNITY_COLORSPACE_GAMMA UNITY_LIGHTMAP_DLDR_ENCODING UNITY_LIGHTMAP_RGBM_ENCODING UNITY_VIRTUAL_TEXTURING UNITY_PRETRANSFORM_TO_DISPLAY_ORIENTATION UNITY_ASTC_NORMALMAP_ENCODING SHADER_API_GLES30 SHADER_API_GLES31 SHADER_API_GLES32 UNITY_UNIFIED_SHADER_PRECISION_MODEL flags=0 lang=3 type=Fragment platform=d3d11 reqs=227 mask=6 start=30  error: 1 plat 4 at Assets/MyAssets/Shaders/Fog/FogPass.hlsl(11): implicit truncation of vector type
  error: 1 plat 4 at Assets/MyAssets/Shaders/Fog/FogPass.hlsl(37): integer modulus may be much slower, try using uints if possible.
  error: 1 plat 4 at Assets/MyAssets/Shaders/Fog/FogPass.hlsl(38): integer modulus may be much slower, try using uints if possible.
  error: 1 plat 4 at Assets/MyAssets/Shaders/Fog/FogPass.hlsl(40): integer modulus may be much slower, try using uints if possible.
  error: 1 plat 4 at Assets/MyAssets/Shaders/Fog/FogPass.hlsl(41): integer modulus may be much slower, try using uints if possible.
  error: 1 plat 4 at Assets/MyAssets/Shaders/Fog/FogPass.hlsl(42): integer modulus may be much slower, try using uints if possible.
 ok=1 outsize=2542


Cmd: compileSnippet
  insize=687 file=Assets/MyAssets/Shaders/Fog/FogShader.shader name=Custom/FogShader pass=FogPass ppOnly=0 stripLineD=0 buildPlatform=19 rsLen=0 pKW=UNITY_ENABLE_REFLECTION_BUFFERS UNITY_USE_DITHER_MASK_FOR_ALPHABLENDED_SHADOWS UNITY_PBS_USE_BRDF1 UNITY_SPECCUBE_BOX_PROJECTION UNITY_SPECCUBE_BLENDING UNITY_ENABLE_DETAIL_NORMALMAP SHADER_API_DESKTOP UNITY_LIGHT_PROBE_PROXY_VOLUME UNITY_LIGHTMAP_FULL_HDR UNITY_PLATFORM_SUPPORTS_DEPTH_FETCH uKW= dKW=UNITY_NO_DXT5nm UNITY_FRAMEBUFFER_FETCH_AVAILABLE UNITY_METAL_SHADOWS_USE_POINT_FILTERING UNITY_NO_SCREENSPACE_SHADOWS UNITY_PBS_USE_BRDF2 UNITY_PBS_USE_BRDF3 UNITY_HARDWARE_TIER1 UNITY_HARDWARE_TIER2 UNITY_HARDWARE_TIER3 UNITY_COLORSPACE_GAMMA UNITY_LIGHTMAP_DLDR_ENCODING UNITY_LIGHTMAP_RGBM_ENCODING UNITY_VIRTUAL_TEXTURING UNITY_PRETRANSFORM_TO_DISPLAY_ORIENTATION UNITY_ASTC_NORMALMAP_ENCODING SHADER_API_GLES30 SHADER_API_GLES31 SHADER_API_GLES32 UNITY_UNIFIED_SHADER_PRECISION_MODEL flags=0 lang=3 type=Fragment platform=d3d11 reqs=227 mask=6 start=30  error: 1 plat 4 at Assets/MyAssets/Shaders/Fog/FogPass.hlsl(11): implicit truncation of vector type
  error: 1 plat 4 at Assets/MyAssets/Shaders/Fog/FogPass.hlsl(37): integer modulus may be much slower, try using uints if possible.
  error: 1 plat 4 at Assets/MyAssets/Shaders/Fog/FogPass.hlsl(38): integer modulus may be much slower, try using uints if possible.
  error: 1 plat 4 at Assets/MyAssets/Shaders/Fog/FogPass.hlsl(40): integer modulus may be much slower, try using uints if possible.
  error: 1 plat 4 at Assets/MyAssets/Shaders/Fog/FogPass.hlsl(41): integer modulus may be much slower, try using uints if possible.
  error: 1 plat 4 at Assets/MyAssets/Shaders/Fog/FogPass.hlsl(42): integer modulus may be much slower, try using uints if possible.
 ok=1 outsize=2542


Cmd: compileSnippet
  insize=687 file=Assets/MyAssets/Shaders/Fog/FogShader.shader name=Custom/FogShader pass=FogPass ppOnly=0 stripLineD=0 buildPlatform=19 rsLen=0 pKW=UNITY_ENABLE_REFLECTION_BUFFERS UNITY_USE_DITHER_MASK_FOR_ALPHABLENDED_SHADOWS UNITY_PBS_USE_BRDF1 UNITY_SPECCUBE_BOX_PROJECTION UNITY_SPECCUBE_BLENDING UNITY_ENABLE_DETAIL_NORMALMAP SHADER_API_DESKTOP UNITY_LIGHT_PROBE_PROXY_VOLUME UNITY_LIGHTMAP_FULL_HDR UNITY_PLATFORM_SUPPORTS_DEPTH_FETCH uKW= dKW=UNITY_NO_DXT5nm UNITY_FRAMEBUFFER_FETCH_AVAILABLE UNITY_METAL_SHADOWS_USE_POINT_FILTERING UNITY_NO_SCREENSPACE_SHADOWS UNITY_PBS_USE_BRDF2 UNITY_PBS_USE_BRDF3 UNITY_HARDWARE_TIER1 UNITY_HARDWARE_TIER2 UNITY_HARDWARE_TIER3 UNITY_COLORSPACE_GAMMA UNITY_LIGHTMAP_DLDR_ENCODING UNITY_LIGHTMAP_RGBM_ENCODING UNITY_VIRTUAL_TEXTURING UNITY_PRETRANSFORM_TO_DISPLAY_ORIENTATION UNITY_ASTC_NORMALMAP_ENCODING SHADER_API_GLES30 SHADER_API_GLES31 SHADER_API_GLES32 UNITY_UNIFIED_SHADER_PRECISION_MODEL flags=0 lang=3 type=Vertex platform=d3d11 reqs=227 mask=6 start=30  error: 1 plat 4 at Assets/MyAssets/Shaders/Fog/FogPass.hlsl(11): implicit truncation of vector type
 ok=1 outsize=618


Cmd: compileSnippet
  insize=687 file=Assets/MyAssets/Shaders/Fog/FogShader.shader name=Custom/FogShader pass=FogPass ppOnly=0 stripLineD=0 buildPlatform=19 rsLen=0 pKW=UNITY_ENABLE_REFLECTION_BUFFERS UNITY_USE_DITHER_MASK_FOR_ALPHABLENDED_SHADOWS UNITY_PBS_USE_BRDF1 UNITY_SPECCUBE_BOX_PROJECTION UNITY_SPECCUBE_BLENDING UNITY_ENABLE_DETAIL_NORMALMAP SHADER_API_DESKTOP UNITY_LIGHT_PROBE_PROXY_VOLUME UNITY_LIGHTMAP_FULL_HDR UNITY_PLATFORM_SUPPORTS_DEPTH_FETCH uKW= dKW=UNITY_NO_DXT5nm UNITY_FRAMEBUFFER_FETCH_AVAILABLE UNITY_METAL_SHADOWS_USE_POINT_FILTERING UNITY_NO_SCREENSPACE_SHADOWS UNITY_PBS_USE_BRDF2 UNITY_PBS_USE_BRDF3 UNITY_HARDWARE_TIER1 UNITY_HARDWARE_TIER2 UNITY_HARDWARE_TIER3 UNITY_COLORSPACE_GAMMA UNITY_LIGHTMAP_DLDR_ENCODING UNITY_LIGHTMAP_RGBM_ENCODING UNITY_VIRTUAL_TEXTURING UNITY_PRETRANSFORM_TO_DISPLAY_ORIENTATION UNITY_ASTC_NORMALMAP_ENCODING SHADER_API_GLES30 SHADER_API_GLES31 SHADER_API_GLES32 UNITY_UNIFIED_SHADER_PRECISION_MODEL flags=0 lang=3 type=Fragment platform=d3d11 reqs=227 mask=6 start=30  error: 1 plat 4 at Assets/MyAssets/Shaders/Fog/FogPass.hlsl(11): implicit truncation of vector type
  error: 1 plat 4 at Assets/MyAssets/Shaders/Fog/FogPass.hlsl(37): integer modulus may be much slower, try using uints if possible.
  error: 1 plat 4 at Assets/MyAssets/Shaders/Fog/FogPass.hlsl(38): integer modulus may be much slower, try using uints if possible.
  error: 1 plat 4 at Assets/MyAssets/Shaders/Fog/FogPass.hlsl(40): integer modulus may be much slower, try using uints if possible.
  error: 1 plat 4 at Assets/MyAssets/Shaders/Fog/FogPass.hlsl(41): integer modulus may be much slower, try using uints if possible.
  error: 1 plat 4 at Assets/MyAssets/Shaders/Fog/FogPass.hlsl(42): integer modulus may be much slower, try using uints if possible.
 ok=1 outsize=570


Cmd: compileSnippet
  insize=687 file=Assets/MyAssets/Shaders/Fog/FogShader.shader name=Custom/FogShader pass=FogPass ppOnly=0 stripLineD=0 buildPlatform=19 rsLen=0 pKW=UNITY_ENABLE_REFLECTION_BUFFERS UNITY_USE_DITHER_MASK_FOR_ALPHABLENDED_SHADOWS UNITY_PBS_USE_BRDF1 UNITY_SPECCUBE_BOX_PROJECTION UNITY_SPECCUBE_BLENDING UNITY_ENABLE_DETAIL_NORMALMAP SHADER_API_DESKTOP UNITY_LIGHT_PROBE_PROXY_VOLUME UNITY_LIGHTMAP_FULL_HDR UNITY_PLATFORM_SUPPORTS_DEPTH_FETCH uKW= dKW=UNITY_NO_DXT5nm UNITY_FRAMEBUFFER_FETCH_AVAILABLE UNITY_METAL_SHADOWS_USE_POINT_FILTERING UNITY_NO_SCREENSPACE_SHADOWS UNITY_PBS_USE_BRDF2 UNITY_PBS_USE_BRDF3 UNITY_HARDWARE_TIER1 UNITY_HARDWARE_TIER2 UNITY_HARDWARE_TIER3 UNITY_COLORSPACE_GAMMA UNITY_LIGHTMAP_DLDR_ENCODING UNITY_LIGHTMAP_RGBM_ENCODING UNITY_VIRTUAL_TEXTURING UNITY_PRETRANSFORM_TO_DISPLAY_ORIENTATION UNITY_ASTC_NORMALMAP_ENCODING SHADER_API_GLES30 SHADER_API_GLES31 SHADER_API_GLES32 UNITY_UNIFIED_SHADER_PRECISION_MODEL flags=0 lang=3 type=Fragment platform=d3d11 reqs=227 mask=6 start=30  error: 1 plat 4 at Assets/MyAssets/Shaders/Fog/FogPass.hlsl(11): implicit truncation of vector type
  error: 1 plat 4 at Assets/MyAssets/Shaders/Fog/FogPass.hlsl(37): integer modulus may be much slower, try using uints if possible.
  error: 1 plat 4 at Assets/MyAssets/Shaders/Fog/FogPass.hlsl(38): integer modulus may be much slower, try using uints if possible.
  error: 1 plat 4 at Assets/MyAssets/Shaders/Fog/FogPass.hlsl(40): integer modulus may be much slower, try using uints if possible.
  error: 1 plat 4 at Assets/MyAssets/Shaders/Fog/FogPass.hlsl(41): integer modulus may be much slower, try using uints if possible.
  error: 1 plat 4 at Assets/MyAssets/Shaders/Fog/FogPass.hlsl(42): integer modulus may be much slower, try using uints if possible.
 ok=1 outsize=566


Cmd: compileSnippet
  insize=687 file=Assets/MyAssets/Shaders/Fog/FogShader.shader name=Custom/FogShader pass=FogPass ppOnly=0 stripLineD=0 buildPlatform=19 rsLen=0 pKW=UNITY_ENABLE_REFLECTION_BUFFERS UNITY_USE_DITHER_MASK_FOR_ALPHABLENDED_SHADOWS UNITY_PBS_USE_BRDF1 UNITY_SPECCUBE_BOX_PROJECTION UNITY_SPECCUBE_BLENDING UNITY_ENABLE_DETAIL_NORMALMAP SHADER_API_DESKTOP UNITY_LIGHT_PROBE_PROXY_VOLUME UNITY_LIGHTMAP_FULL_HDR UNITY_PLATFORM_SUPPORTS_DEPTH_FETCH uKW= dKW=UNITY_NO_DXT5nm UNITY_FRAMEBUFFER_FETCH_AVAILABLE UNITY_METAL_SHADOWS_USE_POINT_FILTERING UNITY_NO_SCREENSPACE_SHADOWS UNITY_PBS_USE_BRDF2 UNITY_PBS_USE_BRDF3 UNITY_HARDWARE_TIER1 UNITY_HARDWARE_TIER2 UNITY_HARDWARE_TIER3 UNITY_COLORSPACE_GAMMA UNITY_LIGHTMAP_DLDR_ENCODING UNITY_LIGHTMAP_RGBM_ENCODING UNITY_VIRTUAL_TEXTURING UNITY_PRETRANSFORM_TO_DISPLAY_ORIENTATION UNITY_ASTC_NORMALMAP_ENCODING SHADER_API_GLES30 SHADER_API_GLES31 SHADER_API_GLES32 UNITY_UNIFIED_SHADER_PRECISION_MODEL flags=0 lang=3 type=Fragment platform=d3d11 reqs=227 mask=6 start=30  error: 1 plat 4 at Assets/MyAssets/Shaders/Fog/FogPass.hlsl(11): implicit truncation of vector type
  error: 1 plat 4 at Assets/MyAssets/Shaders/Fog/FogPass.hlsl(37): integer modulus may be much slower, try using uints if possible.
  error: 1 plat 4 at Assets/MyAssets/Shaders/Fog/FogPass.hlsl(38): integer modulus may be much slower, try using uints if possible.
  error: 1 plat 4 at Assets/MyAssets/Shaders/Fog/FogPass.hlsl(40): integer modulus may be much slower, try using uints if possible.
  error: 1 plat 4 at Assets/MyAssets/Shaders/Fog/FogPass.hlsl(41): integer modulus may be much slower, try using uints if possible.
  error: 1 plat 4 at Assets/MyAssets/Shaders/Fog/FogPass.hlsl(42): integer modulus may be much slower, try using uints if possible.
 ok=1 outsize=510



Cmd: compileSnippet
  insize=687 file=Assets/MyAssets/Shaders/Fog/FogShader.shader name=Custom/FogShader pass=FogPass ppOnly=0 stripLineD=0 buildPlatform=19 rsLen=0 pKW=UNITY_ENABLE_REFLECTION_BUFFERS UNITY_USE_DITHER_MASK_FOR_ALPHABLENDED_SHADOWS UNITY_PBS_USE_BRDF1 UNITY_SPECCUBE_BOX_PROJECTION UNITY_SPECCUBE_BLENDING UNITY_ENABLE_DETAIL_NORMALMAP SHADER_API_DESKTOP UNITY_LIGHT_PROBE_PROXY_VOLUME UNITY_LIGHTMAP_FULL_HDR UNITY_PLATFORM_SUPPORTS_DEPTH_FETCH uKW= dKW=UNITY_NO_DXT5nm UNITY_FRAMEBUFFER_FETCH_AVAILABLE UNITY_METAL_SHADOWS_USE_POINT_FILTERING UNITY_NO_SCREENSPACE_SHADOWS UNITY_PBS_USE_BRDF2 UNITY_PBS_USE_BRDF3 UNITY_HARDWARE_TIER1 UNITY_HARDWARE_TIER2 UNITY_HARDWARE_TIER3 UNITY_COLORSPACE_GAMMA UNITY_LIGHTMAP_DLDR_ENCODING UNITY_LIGHTMAP_RGBM_ENCODING UNITY_VIRTUAL_TEXTURING UNITY_PRETRANSFORM_TO_DISPLAY_ORIENTATION UNITY_ASTC_NORMALMAP_ENCODING SHADER_API_GLES30 SHADER_API_GLES31 SHADER_API_GLES32 UNITY_UNIFIED_SHADER_PRECISION_MODEL flags=0 lang=3 type=Fragment platform=d3d11 reqs=227 mask=6 start=30  error: 1 plat 4 at Assets/MyAssets/Shaders/Fog/FogPass.hlsl(11): implicit truncation of vector type
  error: 1 plat 4 at Assets/MyAssets/Shaders/Fog/FogPass.hlsl(37): integer modulus may be much slower, try using uints if possible.
  error: 1 plat 4 at Assets/MyAssets/Shaders/Fog/FogPass.hlsl(38): integer modulus may be much slower, try using uints if possible.
  error: 1 plat 4 at Assets/MyAssets/Shaders/Fog/FogPass.hlsl(40): integer modulus may be much slower, try using uints if possible.
  error: 1 plat 4 at Assets/MyAssets/Shaders/Fog/FogPass.hlsl(41): integer modulus may be much slower, try using uints if possible.
  error: 1 plat 4 at Assets/MyAssets/Shaders/Fog/FogPass.hlsl(42): integer modulus may be much slower, try using uints if possible.
 ok=1 outsize=566


Cmd: compileSnippet
  insize=687 file=Assets/MyAssets/Shaders/Fog/FogShader.shader name=Custom/FogShader pass=FogPass ppOnly=0 stripLineD=0 buildPlatform=19 rsLen=0 pKW=UNITY_ENABLE_REFLECTION_BUFFERS UNITY_USE_DITHER_MASK_FOR_ALPHABLENDED_SHADOWS UNITY_PBS_USE_BRDF1 UNITY_SPECCUBE_BOX_PROJECTION UNITY_SPECCUBE_BLENDING UNITY_ENABLE_DETAIL_NORMALMAP SHADER_API_DESKTOP UNITY_LIGHT_PROBE_PROXY_VOLUME UNITY_LIGHTMAP_FULL_HDR UNITY_PLATFORM_SUPPORTS_DEPTH_FETCH uKW= dKW=UNITY_NO_DXT5nm UNITY_FRAMEBUFFER_FETCH_AVAILABLE UNITY_METAL_SHADOWS_USE_POINT_FILTERING UNITY_NO_SCREENSPACE_SHADOWS UNITY_PBS_USE_BRDF2 UNITY_PBS_USE_BRDF3 UNITY_HARDWARE_TIER1 UNITY_HARDWARE_TIER2 UNITY_HARDWARE_TIER3 UNITY_COLORSPACE_GAMMA UNITY_LIGHTMAP_DLDR_ENCODING UNITY_LIGHTMAP_RGBM_ENCODING UNITY_VIRTUAL_TEXTURING UNITY_PRETRANSFORM_TO_DISPLAY_ORIENTATION UNITY_ASTC_NORMALMAP_ENCODING SHADER_API_GLES30 SHADER_API_GLES31 SHADER_API_GLES32 UNITY_UNIFIED_SHADER_PRECISION_MODEL flags=0 lang=3 type=Vertex platform=d3d11 reqs=227 mask=6 start=30  error: 1 plat 4 at Assets/MyAssets/Shaders/Fog/FogPass.hlsl(11): implicit truncation of vector type
 ok=1 outsize=618


Cmd: compileSnippet
  insize=687 file=Assets/MyAssets/Shaders/Fog/FogShader.shader name=Custom/FogShader pass=FogPass ppOnly=0 stripLineD=0 buildPlatform=19 rsLen=0 pKW=UNITY_ENABLE_REFLECTION_BUFFERS UNITY_USE_DITHER_MASK_FOR_ALPHABLENDED_SHADOWS UNITY_PBS_USE_BRDF1 UNITY_SPECCUBE_BOX_PROJECTION UNITY_SPECCUBE_BLENDING UNITY_ENABLE_DETAIL_NORMALMAP SHADER_API_DESKTOP UNITY_LIGHT_PROBE_PROXY_VOLUME UNITY_LIGHTMAP_FULL_HDR UNITY_PLATFORM_SUPPORTS_DEPTH_FETCH uKW= dKW=UNITY_NO_DXT5nm UNITY_FRAMEBUFFER_FETCH_AVAILABLE UNITY_METAL_SHADOWS_USE_POINT_FILTERING UNITY_NO_SCREENSPACE_SHADOWS UNITY_PBS_USE_BRDF2 UNITY_PBS_USE_BRDF3 UNITY_HARDWARE_TIER1 UNITY_HARDWARE_TIER2 UNITY_HARDWARE_TIER3 UNITY_COLORSPACE_GAMMA UNITY_LIGHTMAP_DLDR_ENCODING UNITY_LIGHTMAP_RGBM_ENCODING UNITY_VIRTUAL_TEXTURING UNITY_PRETRANSFORM_TO_DISPLAY_ORIENTATION UNITY_ASTC_NORMALMAP_ENCODING SHADER_API_GLES30 SHADER_API_GLES31 SHADER_API_GLES32 UNITY_UNIFIED_SHADER_PRECISION_MODEL flags=0 lang=3 type=Vertex platform=d3d11 reqs=227 mask=6 start=30  error: 1 plat 4 at Assets/MyAssets/Shaders/Fog/FogPass.hlsl(11): implicit truncation of vector type
 ok=1 outsize=618


Cmd: compileSnippet
  insize=687 file=Assets/MyAssets/Shaders/Fog/FogShader.shader name=Custom/FogShader pass=FogPass ppOnly=0 stripLineD=0 buildPlatform=19 rsLen=0 pKW=UNITY_ENABLE_REFLECTION_BUFFERS UNITY_USE_DITHER_MASK_FOR_ALPHABLENDED_SHADOWS UNITY_PBS_USE_BRDF1 UNITY_SPECCUBE_BOX_PROJECTION UNITY_SPECCUBE_BLENDING UNITY_ENABLE_DETAIL_NORMALMAP SHADER_API_DESKTOP UNITY_LIGHT_PROBE_PROXY_VOLUME UNITY_LIGHTMAP_FULL_HDR UNITY_PLATFORM_SUPPORTS_DEPTH_FETCH uKW= dKW=UNITY_NO_DXT5nm UNITY_FRAMEBUFFER_FETCH_AVAILABLE UNITY_METAL_SHADOWS_USE_POINT_FILTERING UNITY_NO_SCREENSPACE_SHADOWS UNITY_PBS_USE_BRDF2 UNITY_PBS_USE_BRDF3 UNITY_HARDWARE_TIER1 UNITY_HARDWARE_TIER2 UNITY_HARDWARE_TIER3 UNITY_COLORSPACE_GAMMA UNITY_LIGHTMAP_DLDR_ENCODING UNITY_LIGHTMAP_RGBM_ENCODING UNITY_VIRTUAL_TEXTURING UNITY_PRETRANSFORM_TO_DISPLAY_ORIENTATION UNITY_ASTC_NORMALMAP_ENCODING SHADER_API_GLES30 SHADER_API_GLES31 SHADER_API_GLES32 UNITY_UNIFIED_SHADER_PRECISION_MODEL flags=0 lang=3 type=Fragment platform=d3d11 reqs=227 mask=6 start=30  error: 1 plat 4 at Assets/MyAssets/Shaders/Fog/FogPass.hlsl(11): implicit truncation of vector type
  error: 1 plat 4 at Assets/MyAssets/Shaders/Fog/FogPass.hlsl(37): integer modulus may be much slower, try using uints if possible.
  error: 1 plat 4 at Assets/MyAssets/Shaders/Fog/FogPass.hlsl(38): integer modulus may be much slower, try using uints if possible.
  error: 1 plat 4 at Assets/MyAssets/Shaders/Fog/FogPass.hlsl(40): integer modulus may be much slower, try using uints if possible.
  error: 1 plat 4 at Assets/MyAssets/Shaders/Fog/FogPass.hlsl(41): integer modulus may be much slower, try using uints if possible.
  error: 1 plat 4 at Assets/MyAssets/Shaders/Fog/FogPass.hlsl(42): integer modulus may be much slower, try using uints if possible.
 ok=1 outsize=570


Cmd: compileSnippet
  insize=687 file=Assets/MyAssets/Shaders/Fog/FogShader.shader name=Custom/FogShader pass=FogPass ppOnly=0 stripLineD=0 buildPlatform=19 rsLen=0 pKW=UNITY_ENABLE_REFLECTION_BUFFERS UNITY_USE_DITHER_MASK_FOR_ALPHABLENDED_SHADOWS UNITY_PBS_USE_BRDF1 UNITY_SPECCUBE_BOX_PROJECTION UNITY_SPECCUBE_BLENDING UNITY_ENABLE_DETAIL_NORMALMAP SHADER_API_DESKTOP UNITY_LIGHT_PROBE_PROXY_VOLUME UNITY_LIGHTMAP_FULL_HDR UNITY_PLATFORM_SUPPORTS_DEPTH_FETCH uKW= dKW=UNITY_NO_DXT5nm UNITY_FRAMEBUFFER_FETCH_AVAILABLE UNITY_METAL_SHADOWS_USE_POINT_FILTERING UNITY_NO_SCREENSPACE_SHADOWS UNITY_PBS_USE_BRDF2 UNITY_PBS_USE_BRDF3 UNITY_HARDWARE_TIER1 UNITY_HARDWARE_TIER2 UNITY_HARDWARE_TIER3 UNITY_COLORSPACE_GAMMA UNITY_LIGHTMAP_DLDR_ENCODING UNITY_LIGHTMAP_RGBM_ENCODING UNITY_VIRTUAL_TEXTURING UNITY_PRETRANSFORM_TO_DISPLAY_ORIENTATION UNITY_ASTC_NORMALMAP_ENCODING SHADER_API_GLES30 SHADER_API_GLES31 SHADER_API_GLES32 UNITY_UNIFIED_SHADER_PRECISION_MODEL flags=0 lang=3 type=Fragment platform=d3d11 reqs=227 mask=6 start=30  error: 1 plat 4 at Assets/MyAssets/Shaders/Fog/FogPass.hlsl(11): implicit truncation of vector type
  error: 1 plat 4 at Assets/MyAssets/Shaders/Fog/FogPass.hlsl(37): integer modulus may be much slower, try using uints if possible.
  error: 1 plat 4 at Assets/MyAssets/Shaders/Fog/FogPass.hlsl(38): integer modulus may be much slower, try using uints if possible.
  error: 1 plat 4 at Assets/MyAssets/Shaders/Fog/FogPass.hlsl(40): integer modulus may be much slower, try using uints if possible.
  error: 1 plat 4 at Assets/MyAssets/Shaders/Fog/FogPass.hlsl(41): integer modulus may be much slower, try using uints if possible.
  error: 1 plat 4 at Assets/MyAssets/Shaders/Fog/FogPass.hlsl(42): integer modulus may be much slower, try using uints if possible.
 ok=1 outsize=2538


Cmd: compileSnippet
  insize=687 file=Assets/MyAssets/Shaders/Fog/FogShader.shader name=Custom/FogShader pass=FogPass ppOnly=0 stripLineD=0 buildPlatform=19 rsLen=0 pKW=UNITY_ENABLE_REFLECTION_BUFFERS UNITY_USE_DITHER_MASK_FOR_ALPHABLENDED_SHADOWS UNITY_PBS_USE_BRDF1 UNITY_SPECCUBE_BOX_PROJECTION UNITY_SPECCUBE_BLENDING UNITY_ENABLE_DETAIL_NORMALMAP SHADER_API_DESKTOP UNITY_LIGHT_PROBE_PROXY_VOLUME UNITY_LIGHTMAP_FULL_HDR UNITY_PLATFORM_SUPPORTS_DEPTH_FETCH uKW= dKW=UNITY_NO_DXT5nm UNITY_FRAMEBUFFER_FETCH_AVAILABLE UNITY_METAL_SHADOWS_USE_POINT_FILTERING UNITY_NO_SCREENSPACE_SHADOWS UNITY_PBS_USE_BRDF2 UNITY_PBS_USE_BRDF3 UNITY_HARDWARE_TIER1 UNITY_HARDWARE_TIER2 UNITY_HARDWARE_TIER3 UNITY_COLORSPACE_GAMMA UNITY_LIGHTMAP_DLDR_ENCODING UNITY_LIGHTMAP_RGBM_ENCODING UNITY_VIRTUAL_TEXTURING UNITY_PRETRANSFORM_TO_DISPLAY_ORIENTATION UNITY_ASTC_NORMALMAP_ENCODING SHADER_API_GLES30 SHADER_API_GLES31 SHADER_API_GLES32 UNITY_UNIFIED_SHADER_PRECISION_MODEL flags=0 lang=3 type=Fragment platform=d3d11 reqs=227 mask=6 start=30  error: 1 plat 4 at Assets/MyAssets/Shaders/Fog/FogPass.hlsl(11): implicit truncation of vector type
  error: 1 plat 4 at Assets/MyAssets/Shaders/Fog/FogPass.hlsl(37): integer modulus may be much slower, try using uints if possible.
  error: 1 plat 4 at Assets/MyAssets/Shaders/Fog/FogPass.hlsl(38): integer modulus may be much slower, try using uints if possible.
  error: 1 plat 4 at Assets/MyAssets/Shaders/Fog/FogPass.hlsl(40): integer modulus may be much slower, try using uints if possible.
  error: 1 plat 4 at Assets/MyAssets/Shaders/Fog/FogPass.hlsl(41): integer modulus may be much slower, try using uints if possible.
  error: 1 plat 4 at Assets/MyAssets/Shaders/Fog/FogPass.hlsl(42): integer modulus may be much slower, try using uints if possible.
 ok=1 outsize=1466


Cmd: compileSnippet
  insize=687 file=Assets/MyAssets/Shaders/Fog/FogShader.shader name=Custom/FogShader pass=FogPass ppOnly=0 stripLineD=0 buildPlatform=19 rsLen=0 pKW=UNITY_ENABLE_REFLECTION_BUFFERS UNITY_USE_DITHER_MASK_FOR_ALPHABLENDED_SHADOWS UNITY_PBS_USE_BRDF1 UNITY_SPECCUBE_BOX_PROJECTION UNITY_SPECCUBE_BLENDING UNITY_ENABLE_DETAIL_NORMALMAP SHADER_API_DESKTOP UNITY_LIGHT_PROBE_PROXY_VOLUME UNITY_LIGHTMAP_FULL_HDR UNITY_PLATFORM_SUPPORTS_DEPTH_FETCH uKW= dKW=UNITY_NO_DXT5nm UNITY_FRAMEBUFFER_FETCH_AVAILABLE UNITY_METAL_SHADOWS_USE_POINT_FILTERING UNITY_NO_SCREENSPACE_SHADOWS UNITY_PBS_USE_BRDF2 UNITY_PBS_USE_BRDF3 UNITY_HARDWARE_TIER1 UNITY_HARDWARE_TIER2 UNITY_HARDWARE_TIER3 UNITY_COLORSPACE_GAMMA UNITY_LIGHTMAP_DLDR_ENCODING UNITY_LIGHTMAP_RGBM_ENCODING UNITY_VIRTUAL_TEXTURING UNITY_PRETRANSFORM_TO_DISPLAY_ORIENTATION UNITY_ASTC_NORMALMAP_ENCODING SHADER_API_GLES30 SHADER_API_GLES31 SHADER_API_GLES32 UNITY_UNIFIED_SHADER_PRECISION_MODEL flags=0 lang=3 type=Fragment platform=d3d11 reqs=227 mask=6 start=30  error: 1 plat 4 at Assets/MyAssets/Shaders/Fog/FogPass.hlsl(11): implicit truncation of vector type
  error: 1 plat 4 at Assets/MyAssets/Shaders/Fog/FogPass.hlsl(37): integer modulus may be much slower, try using uints if possible.
  error: 1 plat 4 at Assets/MyAssets/Shaders/Fog/FogPass.hlsl(38): integer modulus may be much slower, try using uints if possible.
  error: 1 plat 4 at Assets/MyAssets/Shaders/Fog/FogPass.hlsl(40): integer modulus may be much slower, try using uints if possible.
  error: 1 plat 4 at Assets/MyAssets/Shaders/Fog/FogPass.hlsl(41): integer modulus may be much slower, try using uints if possible.
  error: 1 plat 4 at Assets/MyAssets/Shaders/Fog/FogPass.hlsl(42): integer modulus may be much slower, try using uints if possible.
 ok=1 outsize=1438


Cmd: compileSnippet
  insize=687 file=Assets/MyAssets/Shaders/Fog/FogShader.shader name=Custom/FogShader pass=FogPass ppOnly=0 stripLineD=0 buildPlatform=19 rsLen=0 pKW=UNITY_ENABLE_REFLECTION_BUFFERS UNITY_USE_DITHER_MASK_FOR_ALPHABLENDED_SHADOWS UNITY_PBS_USE_BRDF1 UNITY_SPECCUBE_BOX_PROJECTION UNITY_SPECCUBE_BLENDING UNITY_ENABLE_DETAIL_NORMALMAP SHADER_API_DESKTOP UNITY_LIGHT_PROBE_PROXY_VOLUME UNITY_LIGHTMAP_FULL_HDR UNITY_PLATFORM_SUPPORTS_DEPTH_FETCH uKW= dKW=UNITY_NO_DXT5nm UNITY_FRAMEBUFFER_FETCH_AVAILABLE UNITY_METAL_SHADOWS_USE_POINT_FILTERING UNITY_NO_SCREENSPACE_SHADOWS UNITY_PBS_USE_BRDF2 UNITY_PBS_USE_BRDF3 UNITY_HARDWARE_TIER1 UNITY_HARDWARE_TIER2 UNITY_HARDWARE_TIER3 UNITY_COLORSPACE_GAMMA UNITY_LIGHTMAP_DLDR_ENCODING UNITY_LIGHTMAP_RGBM_ENCODING UNITY_VIRTUAL_TEXTURING UNITY_PRETRANSFORM_TO_DISPLAY_ORIENTATION UNITY_ASTC_NORMALMAP_ENCODING SHADER_API_GLES30 SHADER_API_GLES31 SHADER_API_GLES32 UNITY_UNIFIED_SHADER_PRECISION_MODEL flags=0 lang=3 type=Fragment platform=d3d11 reqs=227 mask=6 start=30  error: 1 plat 4 at Assets/MyAssets/Shaders/Fog/FogPass.hlsl(11): implicit truncation of vector type
  error: 1 plat 4 at Assets/MyAssets/Shaders/Fog/FogPass.hlsl(37): integer modulus may be much slower, try using uints if possible.
  error: 1 plat 4 at Assets/MyAssets/Shaders/Fog/FogPass.hlsl(38): integer modulus may be much slower, try using uints if possible.
  error: 1 plat 4 at Assets/MyAssets/Shaders/Fog/FogPass.hlsl(40): integer modulus may be much slower, try using uints if possible.
  error: 1 plat 4 at Assets/MyAssets/Shaders/Fog/FogPass.hlsl(41): integer modulus may be much slower, try using uints if possible.
  error: 1 plat 4 at Assets/MyAssets/Shaders/Fog/FogPass.hlsl(42): integer modulus may be much slower, try using uints if possible.
 ok=1 outsize=1466


Cmd: compileSnippet
  insize=687 file=Assets/MyAssets/Shaders/Fog/FogShader.shader name=Custom/FogShader pass=FogPass ppOnly=0 stripLineD=0 buildPlatform=19 rsLen=0 pKW=UNITY_ENABLE_REFLECTION_BUFFERS UNITY_USE_DITHER_MASK_FOR_ALPHABLENDED_SHADOWS UNITY_PBS_USE_BRDF1 UNITY_SPECCUBE_BOX_PROJECTION UNITY_SPECCUBE_BLENDING UNITY_ENABLE_DETAIL_NORMALMAP SHADER_API_DESKTOP UNITY_LIGHT_PROBE_PROXY_VOLUME UNITY_LIGHTMAP_FULL_HDR UNITY_PLATFORM_SUPPORTS_DEPTH_FETCH uKW= dKW=UNITY_NO_DXT5nm UNITY_FRAMEBUFFER_FETCH_AVAILABLE UNITY_METAL_SHADOWS_USE_POINT_FILTERING UNITY_NO_SCREENSPACE_SHADOWS UNITY_PBS_USE_BRDF2 UNITY_PBS_USE_BRDF3 UNITY_HARDWARE_TIER1 UNITY_HARDWARE_TIER2 UNITY_HARDWARE_TIER3 UNITY_COLORSPACE_GAMMA UNITY_LIGHTMAP_DLDR_ENCODING UNITY_LIGHTMAP_RGBM_ENCODING UNITY_VIRTUAL_TEXTURING UNITY_PRETRANSFORM_TO_DISPLAY_ORIENTATION UNITY_ASTC_NORMALMAP_ENCODING SHADER_API_GLES30 SHADER_API_GLES31 SHADER_API_GLES32 UNITY_UNIFIED_SHADER_PRECISION_MODEL flags=0 lang=3 type=Vertex platform=d3d11 reqs=227 mask=6 start=30  error: 1 plat 4 at Assets/MyAssets/Shaders/Fog/FogPass.hlsl(11): implicit truncation of vector type
 ok=1 outsize=618


Cmd: compileSnippet
  insize=687 file=Assets/MyAssets/Shaders/Fog/FogShader.shader name=Custom/FogShader pass=FogPass ppOnly=0 stripLineD=0 buildPlatform=19 rsLen=0 pKW=UNITY_ENABLE_REFLECTION_BUFFERS UNITY_USE_DITHER_MASK_FOR_ALPHABLENDED_SHADOWS UNITY_PBS_USE_BRDF1 UNITY_SPECCUBE_BOX_PROJECTION UNITY_SPECCUBE_BLENDING UNITY_ENABLE_DETAIL_NORMALMAP SHADER_API_DESKTOP UNITY_LIGHT_PROBE_PROXY_VOLUME UNITY_LIGHTMAP_FULL_HDR UNITY_PLATFORM_SUPPORTS_DEPTH_FETCH uKW= dKW=UNITY_NO_DXT5nm UNITY_FRAMEBUFFER_FETCH_AVAILABLE UNITY_METAL_SHADOWS_USE_POINT_FILTERING UNITY_NO_SCREENSPACE_SHADOWS UNITY_PBS_USE_BRDF2 UNITY_PBS_USE_BRDF3 UNITY_HARDWARE_TIER1 UNITY_HARDWARE_TIER2 UNITY_HARDWARE_TIER3 UNITY_COLORSPACE_GAMMA UNITY_LIGHTMAP_DLDR_ENCODING UNITY_LIGHTMAP_RGBM_ENCODING UNITY_VIRTUAL_TEXTURING UNITY_PRETRANSFORM_TO_DISPLAY_ORIENTATION UNITY_ASTC_NORMALMAP_ENCODING SHADER_API_GLES30 SHADER_API_GLES31 SHADER_API_GLES32 UNITY_UNIFIED_SHADER_PRECISION_MODEL flags=0 lang=3 type=Vertex platform=d3d11 reqs=227 mask=6 start=30  error: 1 plat 4 at Assets/MyAssets/Shaders/Fog/FogPass.hlsl(11): implicit truncation of vector type
 ok=1 outsize=618


Cmd: compileSnippet
  insize=687 file=Assets/MyAssets/Shaders/Fog/FogShader.shader name=Custom/FogShader pass=FogPass ppOnly=0 stripLineD=0 buildPlatform=19 rsLen=0 pKW=UNITY_ENABLE_REFLECTION_BUFFERS UNITY_USE_DITHER_MASK_FOR_ALPHABLENDED_SHADOWS UNITY_PBS_USE_BRDF1 UNITY_SPECCUBE_BOX_PROJECTION UNITY_SPECCUBE_BLENDING UNITY_ENABLE_DETAIL_NORMALMAP SHADER_API_DESKTOP UNITY_LIGHT_PROBE_PROXY_VOLUME UNITY_LIGHTMAP_FULL_HDR UNITY_PLATFORM_SUPPORTS_DEPTH_FETCH uKW= dKW=UNITY_NO_DXT5nm UNITY_FRAMEBUFFER_FETCH_AVAILABLE UNITY_METAL_SHADOWS_USE_POINT_FILTERING UNITY_NO_SCREENSPACE_SHADOWS UNITY_PBS_USE_BRDF2 UNITY_PBS_USE_BRDF3 UNITY_HARDWARE_TIER1 UNITY_HARDWARE_TIER2 UNITY_HARDWARE_TIER3 UNITY_COLORSPACE_GAMMA UNITY_LIGHTMAP_DLDR_ENCODING UNITY_LIGHTMAP_RGBM_ENCODING UNITY_VIRTUAL_TEXTURING UNITY_PRETRANSFORM_TO_DISPLAY_ORIENTATION UNITY_ASTC_NORMALMAP_ENCODING SHADER_API_GLES30 SHADER_API_GLES31 SHADER_API_GLES32 UNITY_UNIFIED_SHADER_PRECISION_MODEL flags=0 lang=3 type=Fragment platform=d3d11 reqs=227 mask=6 start=30  error: 1 plat 4 at Assets/MyAssets/Shaders/Fog/FogPass.hlsl(11): implicit truncation of vector type
  error: 1 plat 4 at Assets/MyAssets/Shaders/Fog/FogPass.hlsl(37): integer modulus may be much slower, try using uints if possible.
  error: 1 plat 4 at Assets/MyAssets/Shaders/Fog/FogPass.hlsl(38): integer modulus may be much slower, try using uints if possible.
  error: 1 plat 4 at Assets/MyAssets/Shaders/Fog/FogPass.hlsl(40): integer modulus may be much slower, try using uints if possible.
  error: 1 plat 4 at Assets/MyAssets/Shaders/Fog/FogPass.hlsl(41): integer modulus may be much slower, try using uints if possible.
  error: 1 plat 4 at Assets/MyAssets/Shaders/Fog/FogPass.hlsl(42): integer modulus may be much slower, try using uints if possible.
 ok=1 outsize=2482


Cmd: compileSnippet
  insize=687 file=Assets/MyAssets/Shaders/Fog/FogShader.shader name=Custom/FogShader pass=FogPass ppOnly=0 stripLineD=0 buildPlatform=19 rsLen=0 pKW=UNITY_ENABLE_REFLECTION_BUFFERS UNITY_USE_DITHER_MASK_FOR_ALPHABLENDED_SHADOWS UNITY_PBS_USE_BRDF1 UNITY_SPECCUBE_BOX_PROJECTION UNITY_SPECCUBE_BLENDING UNITY_ENABLE_DETAIL_NORMALMAP SHADER_API_DESKTOP UNITY_LIGHT_PROBE_PROXY_VOLUME UNITY_LIGHTMAP_FULL_HDR UNITY_PLATFORM_SUPPORTS_DEPTH_FETCH uKW= dKW=UNITY_NO_DXT5nm UNITY_FRAMEBUFFER_FETCH_AVAILABLE UNITY_METAL_SHADOWS_USE_POINT_FILTERING UNITY_NO_SCREENSPACE_SHADOWS UNITY_PBS_USE_BRDF2 UNITY_PBS_USE_BRDF3 UNITY_HARDWARE_TIER1 UNITY_HARDWARE_TIER2 UNITY_HARDWARE_TIER3 UNITY_COLORSPACE_GAMMA UNITY_LIGHTMAP_DLDR_ENCODING UNITY_LIGHTMAP_RGBM_ENCODING UNITY_VIRTUAL_TEXTURING UNITY_PRETRANSFORM_TO_DISPLAY_ORIENTATION UNITY_ASTC_NORMALMAP_ENCODING SHADER_API_GLES30 SHADER_API_GLES31 SHADER_API_GLES32 UNITY_UNIFIED_SHADER_PRECISION_MODEL flags=0 lang=3 type=Vertex platform=d3d11 reqs=227 mask=6 start=30  error: 1 plat 4 at Assets/MyAssets/Shaders/Fog/FogPass.hlsl(11): implicit truncation of vector type
 ok=1 outsize=618


Cmd: compileSnippet
  insize=687 file=Assets/MyAssets/Shaders/Fog/FogShader.shader name=Custom/FogShader pass=FogPass ppOnly=0 stripLineD=0 buildPlatform=19 rsLen=0 pKW=UNITY_ENABLE_REFLECTION_BUFFERS UNITY_USE_DITHER_MASK_FOR_ALPHABLENDED_SHADOWS UNITY_PBS_USE_BRDF1 UNITY_SPECCUBE_BOX_PROJECTION UNITY_SPECCUBE_BLENDING UNITY_ENABLE_DETAIL_NORMALMAP SHADER_API_DESKTOP UNITY_LIGHT_PROBE_PROXY_VOLUME UNITY_LIGHTMAP_FULL_HDR UNITY_PLATFORM_SUPPORTS_DEPTH_FETCH uKW= dKW=UNITY_NO_DXT5nm UNITY_FRAMEBUFFER_FETCH_AVAILABLE UNITY_METAL_SHADOWS_USE_POINT_FILTERING UNITY_NO_SCREENSPACE_SHADOWS UNITY_PBS_USE_BRDF2 UNITY_PBS_USE_BRDF3 UNITY_HARDWARE_TIER1 UNITY_HARDWARE_TIER2 UNITY_HARDWARE_TIER3 UNITY_COLORSPACE_GAMMA UNITY_LIGHTMAP_DLDR_ENCODING UNITY_LIGHTMAP_RGBM_ENCODING UNITY_VIRTUAL_TEXTURING UNITY_PRETRANSFORM_TO_DISPLAY_ORIENTATION UNITY_ASTC_NORMALMAP_ENCODING SHADER_API_GLES30 SHADER_API_GLES31 SHADER_API_GLES32 UNITY_UNIFIED_SHADER_PRECISION_MODEL flags=0 lang=3 type=Vertex platform=d3d11 reqs=227 mask=6 start=30  error: 1 plat 4 at Assets/MyAssets/Shaders/Fog/FogPass.hlsl(11): implicit truncation of vector type
 ok=1 outsize=618


Cmd: compileSnippet
  insize=687 file=Assets/MyAssets/Shaders/Fog/FogShader.shader name=Custom/FogShader pass=FogPass ppOnly=0 stripLineD=0 buildPlatform=19 rsLen=0 pKW=UNITY_ENABLE_REFLECTION_BUFFERS UNITY_USE_DITHER_MASK_FOR_ALPHABLENDED_SHADOWS UNITY_PBS_USE_BRDF1 UNITY_SPECCUBE_BOX_PROJECTION UNITY_SPECCUBE_BLENDING UNITY_ENABLE_DETAIL_NORMALMAP SHADER_API_DESKTOP UNITY_LIGHT_PROBE_PROXY_VOLUME UNITY_LIGHTMAP_FULL_HDR UNITY_PLATFORM_SUPPORTS_DEPTH_FETCH uKW= dKW=UNITY_NO_DXT5nm UNITY_FRAMEBUFFER_FETCH_AVAILABLE UNITY_METAL_SHADOWS_USE_POINT_FILTERING UNITY_NO_SCREENSPACE_SHADOWS UNITY_PBS_USE_BRDF2 UNITY_PBS_USE_BRDF3 UNITY_HARDWARE_TIER1 UNITY_HARDWARE_TIER2 UNITY_HARDWARE_TIER3 UNITY_COLORSPACE_GAMMA UNITY_LIGHTMAP_DLDR_ENCODING UNITY_LIGHTMAP_RGBM_ENCODING UNITY_VIRTUAL_TEXTURING UNITY_PRETRANSFORM_TO_DISPLAY_ORIENTATION UNITY_ASTC_NORMALMAP_ENCODING SHADER_API_GLES30 SHADER_API_GLES31 SHADER_API_GLES32 UNITY_UNIFIED_SHADER_PRECISION_MODEL flags=0 lang=3 type=Fragment platform=d3d11 reqs=227 mask=6 start=30  error: 1 plat 4 at Assets/MyAssets/Shaders/Fog/FogPass.hlsl(11): implicit truncation of vector type
  error: 1 plat 4 at Assets/MyAssets/Shaders/Fog/FogPass.hlsl(37): integer modulus may be much slower, try using uints if possible.
  error: 1 plat 4 at Assets/MyAssets/Shaders/Fog/FogPass.hlsl(38): integer modulus may be much slower, try using uints if possible.
  error: 1 plat 4 at Assets/MyAssets/Shaders/Fog/FogPass.hlsl(40): integer modulus may be much slower, try using uints if possible.
  error: 1 plat 4 at Assets/MyAssets/Shaders/Fog/FogPass.hlsl(41): integer modulus may be much slower, try using uints if possible.
  error: 1 plat 4 at Assets/MyAssets/Shaders/Fog/FogPass.hlsl(42): integer modulus may be much slower, try using uints if possible.
 ok=1 outsize=2538


Cmd: compileSnippet
  insize=687 file=Assets/MyAssets/Shaders/Fog/FogShader.shader name=Custom/FogShader pass=FogPass ppOnly=0 stripLineD=0 buildPlatform=19 rsLen=0 pKW=UNITY_ENABLE_REFLECTION_BUFFERS UNITY_USE_DITHER_MASK_FOR_ALPHABLENDED_SHADOWS UNITY_PBS_USE_BRDF1 UNITY_SPECCUBE_BOX_PROJECTION UNITY_SPECCUBE_BLENDING UNITY_ENABLE_DETAIL_NORMALMAP SHADER_API_DESKTOP UNITY_LIGHT_PROBE_PROXY_VOLUME UNITY_LIGHTMAP_FULL_HDR UNITY_PLATFORM_SUPPORTS_DEPTH_FETCH uKW= dKW=UNITY_NO_DXT5nm UNITY_FRAMEBUFFER_FETCH_AVAILABLE UNITY_METAL_SHADOWS_USE_POINT_FILTERING UNITY_NO_SCREENSPACE_SHADOWS UNITY_PBS_USE_BRDF2 UNITY_PBS_USE_BRDF3 UNITY_HARDWARE_TIER1 UNITY_HARDWARE_TIER2 UNITY_HARDWARE_TIER3 UNITY_COLORSPACE_GAMMA UNITY_LIGHTMAP_DLDR_ENCODING UNITY_LIGHTMAP_RGBM_ENCODING UNITY_VIRTUAL_TEXTURING UNITY_PRETRANSFORM_TO_DISPLAY_ORIENTATION UNITY_ASTC_NORMALMAP_ENCODING SHADER_API_GLES30 SHADER_API_GLES31 SHADER_API_GLES32 UNITY_UNIFIED_SHADER_PRECISION_MODEL flags=0 lang=3 type=Vertex platform=d3d11 reqs=227 mask=6 start=30  error: 1 plat 4 at Assets/MyAssets/Shaders/Fog/FogPass.hlsl(11): implicit truncation of vector type
 ok=1 outsize=618


Cmd: compileSnippet
  insize=687 file=Assets/MyAssets/Shaders/Fog/FogShader.shader name=Custom/FogShader pass=FogPass ppOnly=0 stripLineD=0 buildPlatform=19 rsLen=0 pKW=UNITY_ENABLE_REFLECTION_BUFFERS UNITY_USE_DITHER_MASK_FOR_ALPHABLENDED_SHADOWS UNITY_PBS_USE_BRDF1 UNITY_SPECCUBE_BOX_PROJECTION UNITY_SPECCUBE_BLENDING UNITY_ENABLE_DETAIL_NORMALMAP SHADER_API_DESKTOP UNITY_LIGHT_PROBE_PROXY_VOLUME UNITY_LIGHTMAP_FULL_HDR UNITY_PLATFORM_SUPPORTS_DEPTH_FETCH uKW= dKW=UNITY_NO_DXT5nm UNITY_FRAMEBUFFER_FETCH_AVAILABLE UNITY_METAL_SHADOWS_USE_POINT_FILTERING UNITY_NO_SCREENSPACE_SHADOWS UNITY_PBS_USE_BRDF2 UNITY_PBS_USE_BRDF3 UNITY_HARDWARE_TIER1 UNITY_HARDWARE_TIER2 UNITY_HARDWARE_TIER3 UNITY_COLORSPACE_GAMMA UNITY_LIGHTMAP_DLDR_ENCODING UNITY_LIGHTMAP_RGBM_ENCODING UNITY_VIRTUAL_TEXTURING UNITY_PRETRANSFORM_TO_DISPLAY_ORIENTATION UNITY_ASTC_NORMALMAP_ENCODING SHADER_API_GLES30 SHADER_API_GLES31 SHADER_API_GLES32 UNITY_UNIFIED_SHADER_PRECISION_MODEL flags=0 lang=3 type=Fragment platform=d3d11 reqs=227 mask=6 start=30  error: 1 plat 4 at Assets/MyAssets/Shaders/Fog/FogPass.hlsl(11): implicit truncation of vector type
  error: 1 plat 4 at Assets/MyAssets/Shaders/Fog/FogPass.hlsl(37): integer modulus may be much slower, try using uints if possible.
  error: 1 plat 4 at Assets/MyAssets/Shaders/Fog/FogPass.hlsl(38): integer modulus may be much slower, try using uints if possible.
  error: 1 plat 4 at Assets/MyAssets/Shaders/Fog/FogPass.hlsl(40): integer modulus may be much slower, try using uints if possible.
  error: 1 plat 4 at Assets/MyAssets/Shaders/Fog/FogPass.hlsl(41): integer modulus may be much slower, try using uints if possible.
  error: 1 plat 4 at Assets/MyAssets/Shaders/Fog/FogPass.hlsl(42): integer modulus may be much slower, try using uints if possible.
 ok=1 outsize=1466


Cmd: compileSnippet
  insize=687 file=Assets/MyAssets/Shaders/Fog/FogShader.shader name=Custom/FogShader pass=FogPass ppOnly=0 stripLineD=0 buildPlatform=19 rsLen=0 pKW=UNITY_ENABLE_REFLECTION_BUFFERS UNITY_USE_DITHER_MASK_FOR_ALPHABLENDED_SHADOWS UNITY_PBS_USE_BRDF1 UNITY_SPECCUBE_BOX_PROJECTION UNITY_SPECCUBE_BLENDING UNITY_ENABLE_DETAIL_NORMALMAP SHADER_API_DESKTOP UNITY_LIGHT_PROBE_PROXY_VOLUME UNITY_LIGHTMAP_FULL_HDR UNITY_PLATFORM_SUPPORTS_DEPTH_FETCH uKW= dKW=UNITY_NO_DXT5nm UNITY_FRAMEBUFFER_FETCH_AVAILABLE UNITY_METAL_SHADOWS_USE_POINT_FILTERING UNITY_NO_SCREENSPACE_SHADOWS UNITY_PBS_USE_BRDF2 UNITY_PBS_USE_BRDF3 UNITY_HARDWARE_TIER1 UNITY_HARDWARE_TIER2 UNITY_HARDWARE_TIER3 UNITY_COLORSPACE_GAMMA UNITY_LIGHTMAP_DLDR_ENCODING UNITY_LIGHTMAP_RGBM_ENCODING UNITY_VIRTUAL_TEXTURING UNITY_PRETRANSFORM_TO_DISPLAY_ORIENTATION UNITY_ASTC_NORMALMAP_ENCODING SHADER_API_GLES30 SHADER_API_GLES31 SHADER_API_GLES32 UNITY_UNIFIED_SHADER_PRECISION_MODEL flags=0 lang=3 type=Vertex platform=d3d11 reqs=227 mask=6 start=30  error: 1 plat 4 at Assets/MyAssets/Shaders/Fog/FogPass.hlsl(11): implicit truncation of vector type
 ok=1 outsize=618


Cmd: compileSnippet
  insize=687 file=Assets/MyAssets/Shaders/Fog/FogShader.shader name=Custom/FogShader pass=FogPass ppOnly=0 stripLineD=0 buildPlatform=19 rsLen=0 pKW=UNITY_ENABLE_REFLECTION_BUFFERS UNITY_USE_DITHER_MASK_FOR_ALPHABLENDED_SHADOWS UNITY_PBS_USE_BRDF1 UNITY_SPECCUBE_BOX_PROJECTION UNITY_SPECCUBE_BLENDING UNITY_ENABLE_DETAIL_NORMALMAP SHADER_API_DESKTOP UNITY_LIGHT_PROBE_PROXY_VOLUME UNITY_LIGHTMAP_FULL_HDR UNITY_PLATFORM_SUPPORTS_DEPTH_FETCH uKW= dKW=UNITY_NO_DXT5nm UNITY_FRAMEBUFFER_FETCH_AVAILABLE UNITY_METAL_SHADOWS_USE_POINT_FILTERING UNITY_NO_SCREENSPACE_SHADOWS UNITY_PBS_USE_BRDF2 UNITY_PBS_USE_BRDF3 UNITY_HARDWARE_TIER1 UNITY_HARDWARE_TIER2 UNITY_HARDWARE_TIER3 UNITY_COLORSPACE_GAMMA UNITY_LIGHTMAP_DLDR_ENCODING UNITY_LIGHTMAP_RGBM_ENCODING UNITY_VIRTUAL_TEXTURING UNITY_PRETRANSFORM_TO_DISPLAY_ORIENTATION UNITY_ASTC_NORMALMAP_ENCODING SHADER_API_GLES30 SHADER_API_GLES31 SHADER_API_GLES32 UNITY_UNIFIED_SHADER_PRECISION_MODEL flags=0 lang=3 type=Vertex platform=d3d11 reqs=227 mask=6 start=30  error: 1 plat 4 at Assets/MyAssets/Shaders/Fog/FogPass.hlsl(11): implicit truncation of vector type
 ok=1 outsize=618


Cmd: compileSnippet
  insize=687 file=Assets/MyAssets/Shaders/Fog/FogShader.shader name=Custom/FogShader pass=FogPass ppOnly=0 stripLineD=0 buildPlatform=19 rsLen=0 pKW=UNITY_ENABLE_REFLECTION_BUFFERS UNITY_USE_DITHER_MASK_FOR_ALPHABLENDED_SHADOWS UNITY_PBS_USE_BRDF1 UNITY_SPECCUBE_BOX_PROJECTION UNITY_SPECCUBE_BLENDING UNITY_ENABLE_DETAIL_NORMALMAP SHADER_API_DESKTOP UNITY_LIGHT_PROBE_PROXY_VOLUME UNITY_LIGHTMAP_FULL_HDR UNITY_PLATFORM_SUPPORTS_DEPTH_FETCH uKW= dKW=UNITY_NO_DXT5nm UNITY_FRAMEBUFFER_FETCH_AVAILABLE UNITY_METAL_SHADOWS_USE_POINT_FILTERING UNITY_NO_SCREENSPACE_SHADOWS UNITY_PBS_USE_BRDF2 UNITY_PBS_USE_BRDF3 UNITY_HARDWARE_TIER1 UNITY_HARDWARE_TIER2 UNITY_HARDWARE_TIER3 UNITY_COLORSPACE_GAMMA UNITY_LIGHTMAP_DLDR_ENCODING UNITY_LIGHTMAP_RGBM_ENCODING UNITY_VIRTUAL_TEXTURING UNITY_PRETRANSFORM_TO_DISPLAY_ORIENTATION UNITY_ASTC_NORMALMAP_ENCODING SHADER_API_GLES30 SHADER_API_GLES31 SHADER_API_GLES32 UNITY_UNIFIED_SHADER_PRECISION_MODEL flags=0 lang=3 type=Fragment platform=d3d11 reqs=227 mask=6 start=30  error: 1 plat 4 at Assets/MyAssets/Shaders/Fog/FogPass.hlsl(11): implicit truncation of vector type
  error: 1 plat 4 at Assets/MyAssets/Shaders/Fog/FogPass.hlsl(37): integer modulus may be much slower, try using uints if possible.
  error: 1 plat 4 at Assets/MyAssets/Shaders/Fog/FogPass.hlsl(38): integer modulus may be much slower, try using uints if possible.
  error: 1 plat 4 at Assets/MyAssets/Shaders/Fog/FogPass.hlsl(40): integer modulus may be much slower, try using uints if possible.
  error: 1 plat 4 at Assets/MyAssets/Shaders/Fog/FogPass.hlsl(41): integer modulus may be much slower, try using uints if possible.
  error: 1 plat 4 at Assets/MyAssets/Shaders/Fog/FogPass.hlsl(42): integer modulus may be much slower, try using uints if possible.
 ok=1 outsize=1590






Cmd: compileSnippet
  insize=687 file=Assets/MyAssets/Shaders/Fog/FogShader.shader name=Custom/FogShader pass=FogPass ppOnly=0 stripLineD=0 buildPlatform=19 rsLen=0 pKW=UNITY_ENABLE_REFLECTION_BUFFERS UNITY_USE_DITHER_MASK_FOR_ALPHABLENDED_SHADOWS UNITY_PBS_USE_BRDF1 UNITY_SPECCUBE_BOX_PROJECTION UNITY_SPECCUBE_BLENDING UNITY_ENABLE_DETAIL_NORMALMAP SHADER_API_DESKTOP UNITY_LIGHT_PROBE_PROXY_VOLUME UNITY_LIGHTMAP_FULL_HDR UNITY_PLATFORM_SUPPORTS_DEPTH_FETCH uKW= dKW=UNITY_NO_DXT5nm UNITY_FRAMEBUFFER_FETCH_AVAILABLE UNITY_METAL_SHADOWS_USE_POINT_FILTERING UNITY_NO_SCREENSPACE_SHADOWS UNITY_PBS_USE_BRDF2 UNITY_PBS_USE_BRDF3 UNITY_HARDWARE_TIER1 UNITY_HARDWARE_TIER2 UNITY_HARDWARE_TIER3 UNITY_COLORSPACE_GAMMA UNITY_LIGHTMAP_DLDR_ENCODING UNITY_LIGHTMAP_RGBM_ENCODING UNITY_VIRTUAL_TEXTURING UNITY_PRETRANSFORM_TO_DISPLAY_ORIENTATION UNITY_ASTC_NORMALMAP_ENCODING SHADER_API_GLES30 SHADER_API_GLES31 SHADER_API_GLES32 UNITY_UNIFIED_SHADER_PRECISION_MODEL flags=0 lang=3 type=Fragment platform=d3d11 reqs=227 mask=6 start=30  error: 1 plat 4 at Assets/MyAssets/Shaders/Fog/FogPass.hlsl(11): implicit truncation of vector type
  error: 1 plat 4 at Assets/MyAssets/Shaders/Fog/FogPass.hlsl(37): integer modulus may be much slower, try using uints if possible.
  error: 1 plat 4 at Assets/MyAssets/Shaders/Fog/FogPass.hlsl(38): integer modulus may be much slower, try using uints if possible.
  error: 1 plat 4 at Assets/MyAssets/Shaders/Fog/FogPass.hlsl(40): integer modulus may be much slower, try using uints if possible.
  error: 1 plat 4 at Assets/MyAssets/Shaders/Fog/FogPass.hlsl(41): integer modulus may be much slower, try using uints if possible.
  error: 1 plat 4 at Assets/MyAssets/Shaders/Fog/FogPass.hlsl(42): integer modulus may be much slower, try using uints if possible.
 ok=1 outsize=1870


Cmd: compileSnippet
  insize=687 file=Assets/MyAssets/Shaders/Fog/FogShader.shader name=Custom/FogShader pass=FogPass ppOnly=0 stripLineD=0 buildPlatform=19 rsLen=0 pKW=UNITY_ENABLE_REFLECTION_BUFFERS UNITY_USE_DITHER_MASK_FOR_ALPHABLENDED_SHADOWS UNITY_PBS_USE_BRDF1 UNITY_SPECCUBE_BOX_PROJECTION UNITY_SPECCUBE_BLENDING UNITY_ENABLE_DETAIL_NORMALMAP SHADER_API_DESKTOP UNITY_LIGHT_PROBE_PROXY_VOLUME UNITY_LIGHTMAP_FULL_HDR UNITY_PLATFORM_SUPPORTS_DEPTH_FETCH uKW= dKW=UNITY_NO_DXT5nm UNITY_FRAMEBUFFER_FETCH_AVAILABLE UNITY_METAL_SHADOWS_USE_POINT_FILTERING UNITY_NO_SCREENSPACE_SHADOWS UNITY_PBS_USE_BRDF2 UNITY_PBS_USE_BRDF3 UNITY_HARDWARE_TIER1 UNITY_HARDWARE_TIER2 UNITY_HARDWARE_TIER3 UNITY_COLORSPACE_GAMMA UNITY_LIGHTMAP_DLDR_ENCODING UNITY_LIGHTMAP_RGBM_ENCODING UNITY_VIRTUAL_TEXTURING UNITY_PRETRANSFORM_TO_DISPLAY_ORIENTATION UNITY_ASTC_NORMALMAP_ENCODING SHADER_API_GLES30 SHADER_API_GLES31 SHADER_API_GLES32 UNITY_UNIFIED_SHADER_PRECISION_MODEL flags=0 lang=3 type=Fragment platform=d3d11 reqs=227 mask=6 start=30  error: 1 plat 4 at Assets/MyAssets/Shaders/Fog/FogPass.hlsl(11): implicit truncation of vector type
  error: 1 plat 4 at Assets/MyAssets/Shaders/Fog/FogPass.hlsl(37): integer modulus may be much slower, try using uints if possible.
  error: 1 plat 4 at Assets/MyAssets/Shaders/Fog/FogPass.hlsl(38): integer modulus may be much slower, try using uints if possible.
  error: 1 plat 4 at Assets/MyAssets/Shaders/Fog/FogPass.hlsl(40): integer modulus may be much slower, try using uints if possible.
  error: 1 plat 4 at Assets/MyAssets/Shaders/Fog/FogPass.hlsl(41): integer modulus may be much slower, try using uints if possible.
  error: 1 plat 4 at Assets/MyAssets/Shaders/Fog/FogPass.hlsl(42): integer modulus may be much slower, try using uints if possible.
 ok=1 outsize=2538



Cmd: compileSnippet
  insize=687 file=Assets/MyAssets/Shaders/Fog/FogShader.shader name=Custom/FogShader pass=FogPass ppOnly=0 stripLineD=0 buildPlatform=19 rsLen=0 pKW=UNITY_ENABLE_REFLECTION_BUFFERS UNITY_USE_DITHER_MASK_FOR_ALPHABLENDED_SHADOWS UNITY_PBS_USE_BRDF1 UNITY_SPECCUBE_BOX_PROJECTION UNITY_SPECCUBE_BLENDING UNITY_ENABLE_DETAIL_NORMALMAP SHADER_API_DESKTOP UNITY_LIGHT_PROBE_PROXY_VOLUME UNITY_LIGHTMAP_FULL_HDR UNITY_PLATFORM_SUPPORTS_DEPTH_FETCH uKW= dKW=UNITY_NO_DXT5nm UNITY_FRAMEBUFFER_FETCH_AVAILABLE UNITY_METAL_SHADOWS_USE_POINT_FILTERING UNITY_NO_SCREENSPACE_SHADOWS UNITY_PBS_USE_BRDF2 UNITY_PBS_USE_BRDF3 UNITY_HARDWARE_TIER1 UNITY_HARDWARE_TIER2 UNITY_HARDWARE_TIER3 UNITY_COLORSPACE_GAMMA UNITY_LIGHTMAP_DLDR_ENCODING UNITY_LIGHTMAP_RGBM_ENCODING UNITY_VIRTUAL_TEXTURING UNITY_PRETRANSFORM_TO_DISPLAY_ORIENTATION UNITY_ASTC_NORMALMAP_ENCODING SHADER_API_GLES30 SHADER_API_GLES31 SHADER_API_GLES32 UNITY_UNIFIED_SHADER_PRECISION_MODEL flags=0 lang=3 type=Fragment platform=d3d11 reqs=227 mask=6 start=30  error: 1 plat 4 at Assets/MyAssets/Shaders/Fog/FogPass.hlsl(11): implicit truncation of vector type
  error: 1 plat 4 at Assets/MyAssets/Shaders/Fog/FogPass.hlsl(37): integer modulus may be much slower, try using uints if possible.
  error: 1 plat 4 at Assets/MyAssets/Shaders/Fog/FogPass.hlsl(38): integer modulus may be much slower, try using uints if possible.
  error: 1 plat 4 at Assets/MyAssets/Shaders/Fog/FogPass.hlsl(40): integer modulus may be much slower, try using uints if possible.
  error: 1 plat 4 at Assets/MyAssets/Shaders/Fog/FogPass.hlsl(41): integer modulus may be much slower, try using uints if possible.
  error: 1 plat 4 at Assets/MyAssets/Shaders/Fog/FogPass.hlsl(42): integer modulus may be much slower, try using uints if possible.
 ok=1 outsize=1906



Cmd: compileSnippet
  insize=687 file=Assets/MyAssets/Shaders/Fog/FogShader.shader name=Custom/FogShader pass=FogPass ppOnly=0 stripLineD=0 buildPlatform=19 rsLen=0 pKW=UNITY_ENABLE_REFLECTION_BUFFERS UNITY_USE_DITHER_MASK_FOR_ALPHABLENDED_SHADOWS UNITY_PBS_USE_BRDF1 UNITY_SPECCUBE_BOX_PROJECTION UNITY_SPECCUBE_BLENDING UNITY_ENABLE_DETAIL_NORMALMAP SHADER_API_DESKTOP UNITY_LIGHT_PROBE_PROXY_VOLUME UNITY_LIGHTMAP_FULL_HDR UNITY_PLATFORM_SUPPORTS_DEPTH_FETCH uKW= dKW=UNITY_NO_DXT5nm UNITY_FRAMEBUFFER_FETCH_AVAILABLE UNITY_METAL_SHADOWS_USE_POINT_FILTERING UNITY_NO_SCREENSPACE_SHADOWS UNITY_PBS_USE_BRDF2 UNITY_PBS_USE_BRDF3 UNITY_HARDWARE_TIER1 UNITY_HARDWARE_TIER2 UNITY_HARDWARE_TIER3 UNITY_COLORSPACE_GAMMA UNITY_LIGHTMAP_DLDR_ENCODING UNITY_LIGHTMAP_RGBM_ENCODING UNITY_VIRTUAL_TEXTURING UNITY_PRETRANSFORM_TO_DISPLAY_ORIENTATION UNITY_ASTC_NORMALMAP_ENCODING SHADER_API_GLES30 SHADER_API_GLES31 SHADER_API_GLES32 UNITY_UNIFIED_SHADER_PRECISION_MODEL flags=0 lang=3 type=Vertex platform=d3d11 reqs=227 mask=6 start=30  error: 1 plat 4 at Assets/MyAssets/Shaders/Fog/FogPass.hlsl(11): implicit truncation of vector type
 ok=1 outsize=618



Cmd: compileSnippet
  insize=687 file=Assets/MyAssets/Shaders/Fog/FogShader.shader name=Custom/FogShader pass=FogPass ppOnly=0 stripLineD=0 buildPlatform=19 rsLen=0 pKW=UNITY_ENABLE_REFLECTION_BUFFERS UNITY_USE_DITHER_MASK_FOR_ALPHABLENDED_SHADOWS UNITY_PBS_USE_BRDF1 UNITY_SPECCUBE_BOX_PROJECTION UNITY_SPECCUBE_BLENDING UNITY_ENABLE_DETAIL_NORMALMAP SHADER_API_DESKTOP UNITY_LIGHT_PROBE_PROXY_VOLUME UNITY_LIGHTMAP_FULL_HDR UNITY_PLATFORM_SUPPORTS_DEPTH_FETCH uKW= dKW=UNITY_NO_DXT5nm UNITY_FRAMEBUFFER_FETCH_AVAILABLE UNITY_METAL_SHADOWS_USE_POINT_FILTERING UNITY_NO_SCREENSPACE_SHADOWS UNITY_PBS_USE_BRDF2 UNITY_PBS_USE_BRDF3 UNITY_HARDWARE_TIER1 UNITY_HARDWARE_TIER2 UNITY_HARDWARE_TIER3 UNITY_COLORSPACE_GAMMA UNITY_LIGHTMAP_DLDR_ENCODING UNITY_LIGHTMAP_RGBM_ENCODING UNITY_VIRTUAL_TEXTURING UNITY_PRETRANSFORM_TO_DISPLAY_ORIENTATION UNITY_ASTC_NORMALMAP_ENCODING SHADER_API_GLES30 SHADER_API_GLES31 SHADER_API_GLES32 UNITY_UNIFIED_SHADER_PRECISION_MODEL flags=0 lang=3 type=Fragment platform=d3d11 reqs=227 mask=6 start=30  error: 1 plat 4 at Assets/MyAssets/Shaders/Fog/FogPass.hlsl(11): implicit truncation of vector type
  error: 1 plat 4 at Assets/MyAssets/Shaders/Fog/FogPass.hlsl(37): integer modulus may be much slower, try using uints if possible.
  error: 1 plat 4 at Assets/MyAssets/Shaders/Fog/FogPass.hlsl(38): integer modulus may be much slower, try using uints if possible.
  error: 1 plat 4 at Assets/MyAssets/Shaders/Fog/FogPass.hlsl(40): integer modulus may be much slower, try using uints if possible.
  error: 1 plat 4 at Assets/MyAssets/Shaders/Fog/FogPass.hlsl(41): integer modulus may be much slower, try using uints if possible.
  error: 1 plat 4 at Assets/MyAssets/Shaders/Fog/FogPass.hlsl(42): integer modulus may be much slower, try using uints if possible.
 ok=1 outsize=1874



Cmd: compileSnippet
  insize=687 file=Assets/MyAssets/Shaders/Fog/FogShader.shader name=Custom/FogShader pass=FogPass ppOnly=0 stripLineD=0 buildPlatform=19 rsLen=0 pKW=UNITY_ENABLE_REFLECTION_BUFFERS UNITY_USE_DITHER_MASK_FOR_ALPHABLENDED_SHADOWS UNITY_PBS_USE_BRDF1 UNITY_SPECCUBE_BOX_PROJECTION UNITY_SPECCUBE_BLENDING UNITY_ENABLE_DETAIL_NORMALMAP SHADER_API_DESKTOP UNITY_LIGHT_PROBE_PROXY_VOLUME UNITY_LIGHTMAP_FULL_HDR UNITY_PLATFORM_SUPPORTS_DEPTH_FETCH uKW= dKW=UNITY_NO_DXT5nm UNITY_FRAMEBUFFER_FETCH_AVAILABLE UNITY_METAL_SHADOWS_USE_POINT_FILTERING UNITY_NO_SCREENSPACE_SHADOWS UNITY_PBS_USE_BRDF2 UNITY_PBS_USE_BRDF3 UNITY_HARDWARE_TIER1 UNITY_HARDWARE_TIER2 UNITY_HARDWARE_TIER3 UNITY_COLORSPACE_GAMMA UNITY_LIGHTMAP_DLDR_ENCODING UNITY_LIGHTMAP_RGBM_ENCODING UNITY_VIRTUAL_TEXTURING UNITY_PRETRANSFORM_TO_DISPLAY_ORIENTATION UNITY_ASTC_NORMALMAP_ENCODING SHADER_API_GLES30 SHADER_API_GLES31 SHADER_API_GLES32 UNITY_UNIFIED_SHADER_PRECISION_MODEL flags=0 lang=3 type=Fragment platform=d3d11 reqs=227 mask=6 start=30  error: 1 plat 4 at Assets/MyAssets/Shaders/Fog/FogPass.hlsl(11): implicit truncation of vector type
  error: 2 plat 4 at Assets/MyAssets/Shaders/Fog/FogPass.hlsl(43): undeclared identifier 'noise4'
 ok=0 outsize=0


Cmd: compileSnippet
  insize=687 file=Assets/MyAssets/Shaders/Fog/FogShader.shader name=Custom/FogShader pass=FogPass ppOnly=0 stripLineD=0 buildPlatform=19 rsLen=0 pKW=UNITY_ENABLE_REFLECTION_BUFFERS UNITY_USE_DITHER_MASK_FOR_ALPHABLENDED_SHADOWS UNITY_PBS_USE_BRDF1 UNITY_SPECCUBE_BOX_PROJECTION UNITY_SPECCUBE_BLENDING UNITY_ENABLE_DETAIL_NORMALMAP SHADER_API_DESKTOP UNITY_LIGHT_PROBE_PROXY_VOLUME UNITY_LIGHTMAP_FULL_HDR UNITY_PLATFORM_SUPPORTS_DEPTH_FETCH uKW= dKW=UNITY_NO_DXT5nm UNITY_FRAMEBUFFER_FETCH_AVAILABLE UNITY_METAL_SHADOWS_USE_POINT_FILTERING UNITY_NO_SCREENSPACE_SHADOWS UNITY_PBS_USE_BRDF2 UNITY_PBS_USE_BRDF3 UNITY_HARDWARE_TIER1 UNITY_HARDWARE_TIER2 UNITY_HARDWARE_TIER3 UNITY_COLORSPACE_GAMMA UNITY_LIGHTMAP_DLDR_ENCODING UNITY_LIGHTMAP_RGBM_ENCODING UNITY_VIRTUAL_TEXTURING UNITY_PRETRANSFORM_TO_DISPLAY_ORIENTATION UNITY_ASTC_NORMALMAP_ENCODING SHADER_API_GLES30 SHADER_API_GLES31 SHADER_API_GLES32 UNITY_UNIFIED_SHADER_PRECISION_MODEL flags=0 lang=3 type=Fragment platform=d3d11 reqs=227 mask=6 start=30  error: 1 plat 4 at Assets/MyAssets/Shaders/Fog/FogPass.hlsl(11): implicit truncation of vector type
  error: 2 plat 4 at Assets/MyAssets/Shaders/Fog/FogPass.hlsl(43): undeclared identifier 'noise4'
 ok=0 outsize=0


Cmd: compileSnippet
  insize=687 file=Assets/MyAssets/Shaders/Fog/FogShader.shader name=Custom/FogShader pass=FogPass ppOnly=0 stripLineD=0 buildPlatform=19 rsLen=0 pKW=UNITY_ENABLE_REFLECTION_BUFFERS UNITY_USE_DITHER_MASK_FOR_ALPHABLENDED_SHADOWS UNITY_PBS_USE_BRDF1 UNITY_SPECCUBE_BOX_PROJECTION UNITY_SPECCUBE_BLENDING UNITY_ENABLE_DETAIL_NORMALMAP SHADER_API_DESKTOP UNITY_LIGHT_PROBE_PROXY_VOLUME UNITY_LIGHTMAP_FULL_HDR UNITY_PLATFORM_SUPPORTS_DEPTH_FETCH uKW= dKW=UNITY_NO_DXT5nm UNITY_FRAMEBUFFER_FETCH_AVAILABLE UNITY_METAL_SHADOWS_USE_POINT_FILTERING UNITY_NO_SCREENSPACE_SHADOWS UNITY_PBS_USE_BRDF2 UNITY_PBS_USE_BRDF3 UNITY_HARDWARE_TIER1 UNITY_HARDWARE_TIER2 UNITY_HARDWARE_TIER3 UNITY_COLORSPACE_GAMMA UNITY_LIGHTMAP_DLDR_ENCODING UNITY_LIGHTMAP_RGBM_ENCODING UNITY_VIRTUAL_TEXTURING UNITY_PRETRANSFORM_TO_DISPLAY_ORIENTATION UNITY_ASTC_NORMALMAP_ENCODING SHADER_API_GLES30 SHADER_API_GLES31 SHADER_API_GLES32 UNITY_UNIFIED_SHADER_PRECISION_MODEL flags=0 lang=3 type=Fragment platform=d3d11 reqs=227 mask=6 start=30  error: 1 plat 4 at Assets/MyAssets/Shaders/Fog/FogPass.hlsl(11): implicit truncation of vector type
  error: 1 plat 4 at Assets/MyAssets/Shaders/Fog/FogPass.hlsl(37): integer modulus may be much slower, try using uints if possible.
  error: 1 plat 4 at Assets/MyAssets/Shaders/Fog/FogPass.hlsl(38): integer modulus may be much slower, try using uints if possible.
  error: 1 plat 4 at Assets/MyAssets/Shaders/Fog/FogPass.hlsl(40): integer modulus may be much slower, try using uints if possible.
  error: 1 plat 4 at Assets/MyAssets/Shaders/Fog/FogPass.hlsl(41): integer modulus may be much slower, try using uints if possible.
  error: 1 plat 4 at Assets/MyAssets/Shaders/Fog/FogPass.hlsl(42): integer modulus may be much slower, try using uints if possible.
 ok=1 outsize=1962


Cmd: compileSnippet
  insize=687 file=Assets/MyAssets/Shaders/Fog/FogShader.shader name=Custom/FogShader pass=FogPass ppOnly=0 stripLineD=0 buildPlatform=19 rsLen=0 pKW=UNITY_ENABLE_REFLECTION_BUFFERS UNITY_USE_DITHER_MASK_FOR_ALPHABLENDED_SHADOWS UNITY_PBS_USE_BRDF1 UNITY_SPECCUBE_BOX_PROJECTION UNITY_SPECCUBE_BLENDING UNITY_ENABLE_DETAIL_NORMALMAP SHADER_API_DESKTOP UNITY_LIGHT_PROBE_PROXY_VOLUME UNITY_LIGHTMAP_FULL_HDR UNITY_PLATFORM_SUPPORTS_DEPTH_FETCH uKW= dKW=UNITY_NO_DXT5nm UNITY_FRAMEBUFFER_FETCH_AVAILABLE UNITY_METAL_SHADOWS_USE_POINT_FILTERING UNITY_NO_SCREENSPACE_SHADOWS UNITY_PBS_USE_BRDF2 UNITY_PBS_USE_BRDF3 UNITY_HARDWARE_TIER1 UNITY_HARDWARE_TIER2 UNITY_HARDWARE_TIER3 UNITY_COLORSPACE_GAMMA UNITY_LIGHTMAP_DLDR_ENCODING UNITY_LIGHTMAP_RGBM_ENCODING UNITY_VIRTUAL_TEXTURING UNITY_PRETRANSFORM_TO_DISPLAY_ORIENTATION UNITY_ASTC_NORMALMAP_ENCODING SHADER_API_GLES30 SHADER_API_GLES31 SHADER_API_GLES32 UNITY_UNIFIED_SHADER_PRECISION_MODEL flags=0 lang=3 type=Fragment platform=d3d11 reqs=227 mask=6 start=30  error: 1 plat 4 at Assets/MyAssets/Shaders/Fog/FogPass.hlsl(11): implicit truncation of vector type
  error: 1 plat 4 at Assets/MyAssets/Shaders/Fog/FogPass.hlsl(37): integer modulus may be much slower, try using uints if possible.
  error: 1 plat 4 at Assets/MyAssets/Shaders/Fog/FogPass.hlsl(38): integer modulus may be much slower, try using uints if possible.
  error: 1 plat 4 at Assets/MyAssets/Shaders/Fog/FogPass.hlsl(40): integer modulus may be much slower, try using uints if possible.
  error: 1 plat 4 at Assets/MyAssets/Shaders/Fog/FogPass.hlsl(41): integer modulus may be much slower, try using uints if possible.
  error: 1 plat 4 at Assets/MyAssets/Shaders/Fog/FogPass.hlsl(42): integer modulus may be much slower, try using uints if possible.
 ok=1 outsize=1962


Cmd: compileSnippet
  insize=687 file=Assets/MyAssets/Shaders/Fog/FogShader.shader name=Custom/FogShader pass=FogPass ppOnly=0 stripLineD=0 buildPlatform=19 rsLen=0 pKW=UNITY_ENABLE_REFLECTION_BUFFERS UNITY_USE_DITHER_MASK_FOR_ALPHABLENDED_SHADOWS UNITY_PBS_USE_BRDF1 UNITY_SPECCUBE_BOX_PROJECTION UNITY_SPECCUBE_BLENDING UNITY_ENABLE_DETAIL_NORMALMAP SHADER_API_DESKTOP UNITY_LIGHT_PROBE_PROXY_VOLUME UNITY_LIGHTMAP_FULL_HDR UNITY_PLATFORM_SUPPORTS_DEPTH_FETCH uKW= dKW=UNITY_NO_DXT5nm UNITY_FRAMEBUFFER_FETCH_AVAILABLE UNITY_METAL_SHADOWS_USE_POINT_FILTERING UNITY_NO_SCREENSPACE_SHADOWS UNITY_PBS_USE_BRDF2 UNITY_PBS_USE_BRDF3 UNITY_HARDWARE_TIER1 UNITY_HARDWARE_TIER2 UNITY_HARDWARE_TIER3 UNITY_COLORSPACE_GAMMA UNITY_LIGHTMAP_DLDR_ENCODING UNITY_LIGHTMAP_RGBM_ENCODING UNITY_VIRTUAL_TEXTURING UNITY_PRETRANSFORM_TO_DISPLAY_ORIENTATION UNITY_ASTC_NORMALMAP_ENCODING SHADER_API_GLES30 SHADER_API_GLES31 SHADER_API_GLES32 UNITY_UNIFIED_SHADER_PRECISION_MODEL flags=0 lang=3 type=Fragment platform=d3d11 reqs=227 mask=6 start=30  error: 1 plat 4 at Assets/MyAssets/Shaders/Fog/FogPass.hlsl(11): implicit truncation of vector type
  error: 1 plat 4 at Assets/MyAssets/Shaders/Fog/FogPass.hlsl(37): integer modulus may be much slower, try using uints if possible.
  error: 1 plat 4 at Assets/MyAssets/Shaders/Fog/FogPass.hlsl(38): integer modulus may be much slower, try using uints if possible.
  error: 1 plat 4 at Assets/MyAssets/Shaders/Fog/FogPass.hlsl(40): integer modulus may be much slower, try using uints if possible.
  error: 1 plat 4 at Assets/MyAssets/Shaders/Fog/FogPass.hlsl(41): integer modulus may be much slower, try using uints if possible.
  error: 1 plat 4 at Assets/MyAssets/Shaders/Fog/FogPass.hlsl(42): integer modulus may be much slower, try using uints if possible.
 ok=1 outsize=1994


Cmd: compileSnippet
  insize=687 file=Assets/MyAssets/Shaders/Fog/FogShader.shader name=Custom/FogShader pass=FogPass ppOnly=0 stripLineD=0 buildPlatform=19 rsLen=0 pKW=UNITY_ENABLE_REFLECTION_BUFFERS UNITY_USE_DITHER_MASK_FOR_ALPHABLENDED_SHADOWS UNITY_PBS_USE_BRDF1 UNITY_SPECCUBE_BOX_PROJECTION UNITY_SPECCUBE_BLENDING UNITY_ENABLE_DETAIL_NORMALMAP SHADER_API_DESKTOP UNITY_LIGHT_PROBE_PROXY_VOLUME UNITY_LIGHTMAP_FULL_HDR UNITY_PLATFORM_SUPPORTS_DEPTH_FETCH uKW= dKW=UNITY_NO_DXT5nm UNITY_FRAMEBUFFER_FETCH_AVAILABLE UNITY_METAL_SHADOWS_USE_POINT_FILTERING UNITY_NO_SCREENSPACE_SHADOWS UNITY_PBS_USE_BRDF2 UNITY_PBS_USE_BRDF3 UNITY_HARDWARE_TIER1 UNITY_HARDWARE_TIER2 UNITY_HARDWARE_TIER3 UNITY_COLORSPACE_GAMMA UNITY_LIGHTMAP_DLDR_ENCODING UNITY_LIGHTMAP_RGBM_ENCODING UNITY_VIRTUAL_TEXTURING UNITY_PRETRANSFORM_TO_DISPLAY_ORIENTATION UNITY_ASTC_NORMALMAP_ENCODING SHADER_API_GLES30 SHADER_API_GLES31 SHADER_API_GLES32 UNITY_UNIFIED_SHADER_PRECISION_MODEL flags=0 lang=3 type=Fragment platform=d3d11 reqs=227 mask=6 start=30  error: 1 plat 4 at Assets/MyAssets/Shaders/Fog/FogPass.hlsl(11): implicit truncation of vector type
  error: 1 plat 4 at Assets/MyAssets/Shaders/Fog/FogPass.hlsl(37): integer modulus may be much slower, try using uints if possible.
  error: 1 plat 4 at Assets/MyAssets/Shaders/Fog/FogPass.hlsl(38): integer modulus may be much slower, try using uints if possible.
  error: 1 plat 4 at Assets/MyAssets/Shaders/Fog/FogPass.hlsl(40): integer modulus may be much slower, try using uints if possible.
  error: 1 plat 4 at Assets/MyAssets/Shaders/Fog/FogPass.hlsl(41): integer modulus may be much slower, try using uints if possible.
  error: 1 plat 4 at Assets/MyAssets/Shaders/Fog/FogPass.hlsl(42): integer modulus may be much slower, try using uints if possible.
 ok=1 outsize=2650


Cmd: compileSnippet
  insize=687 file=Assets/MyAssets/Shaders/Fog/FogShader.shader name=Custom/FogShader pass=FogPass ppOnly=0 stripLineD=0 buildPlatform=19 rsLen=0 pKW=UNITY_ENABLE_REFLECTION_BUFFERS UNITY_USE_DITHER_MASK_FOR_ALPHABLENDED_SHADOWS UNITY_PBS_USE_BRDF1 UNITY_SPECCUBE_BOX_PROJECTION UNITY_SPECCUBE_BLENDING UNITY_ENABLE_DETAIL_NORMALMAP SHADER_API_DESKTOP UNITY_LIGHT_PROBE_PROXY_VOLUME UNITY_LIGHTMAP_FULL_HDR UNITY_PLATFORM_SUPPORTS_DEPTH_FETCH uKW= dKW=UNITY_NO_DXT5nm UNITY_FRAMEBUFFER_FETCH_AVAILABLE UNITY_METAL_SHADOWS_USE_POINT_FILTERING UNITY_NO_SCREENSPACE_SHADOWS UNITY_PBS_USE_BRDF2 UNITY_PBS_USE_BRDF3 UNITY_HARDWARE_TIER1 UNITY_HARDWARE_TIER2 UNITY_HARDWARE_TIER3 UNITY_COLORSPACE_GAMMA UNITY_LIGHTMAP_DLDR_ENCODING UNITY_LIGHTMAP_RGBM_ENCODING UNITY_VIRTUAL_TEXTURING UNITY_PRETRANSFORM_TO_DISPLAY_ORIENTATION UNITY_ASTC_NORMALMAP_ENCODING SHADER_API_GLES30 SHADER_API_GLES31 SHADER_API_GLES32 UNITY_UNIFIED_SHADER_PRECISION_MODEL flags=0 lang=3 type=Vertex platform=d3d11 reqs=227 mask=6 start=30  error: 1 plat 4 at Assets/MyAssets/Shaders/Fog/FogPass.hlsl(11): implicit truncation of vector type
 ok=1 outsize=618


Cmd: compileSnippet
  insize=687 file=Assets/MyAssets/Shaders/Fog/FogShader.shader name=Custom/FogShader pass=FogPass ppOnly=0 stripLineD=0 buildPlatform=19 rsLen=0 pKW=UNITY_ENABLE_REFLECTION_BUFFERS UNITY_USE_DITHER_MASK_FOR_ALPHABLENDED_SHADOWS UNITY_PBS_USE_BRDF1 UNITY_SPECCUBE_BOX_PROJECTION UNITY_SPECCUBE_BLENDING UNITY_ENABLE_DETAIL_NORMALMAP SHADER_API_DESKTOP UNITY_LIGHT_PROBE_PROXY_VOLUME UNITY_LIGHTMAP_FULL_HDR UNITY_PLATFORM_SUPPORTS_DEPTH_FETCH uKW= dKW=UNITY_NO_DXT5nm UNITY_FRAMEBUFFER_FETCH_AVAILABLE UNITY_METAL_SHADOWS_USE_POINT_FILTERING UNITY_NO_SCREENSPACE_SHADOWS UNITY_PBS_USE_BRDF2 UNITY_PBS_USE_BRDF3 UNITY_HARDWARE_TIER1 UNITY_HARDWARE_TIER2 UNITY_HARDWARE_TIER3 UNITY_COLORSPACE_GAMMA UNITY_LIGHTMAP_DLDR_ENCODING UNITY_LIGHTMAP_RGBM_ENCODING UNITY_VIRTUAL_TEXTURING UNITY_PRETRANSFORM_TO_DISPLAY_ORIENTATION UNITY_ASTC_NORMALMAP_ENCODING SHADER_API_GLES30 SHADER_API_GLES31 SHADER_API_GLES32 UNITY_UNIFIED_SHADER_PRECISION_MODEL flags=0 lang=3 type=Fragment platform=d3d11 reqs=227 mask=6 start=30  error: 1 plat 4 at Assets/MyAssets/Shaders/Fog/FogPass.hlsl(11): implicit truncation of vector type
  error: 1 plat 4 at Assets/MyAssets/Shaders/Fog/FogPass.hlsl(37): integer modulus may be much slower, try using uints if possible.
  error: 1 plat 4 at Assets/MyAssets/Shaders/Fog/FogPass.hlsl(38): integer modulus may be much slower, try using uints if possible.
  error: 1 plat 4 at Assets/MyAssets/Shaders/Fog/FogPass.hlsl(40): integer modulus may be much slower, try using uints if possible.
  error: 1 plat 4 at Assets/MyAssets/Shaders/Fog/FogPass.hlsl(41): integer modulus may be much slower, try using uints if possible.
  error: 1 plat 4 at Assets/MyAssets/Shaders/Fog/FogPass.hlsl(42): integer modulus may be much slower, try using uints if possible.
 ok=1 outsize=1554


Cmd: compileSnippet
  insize=687 file=Assets/MyAssets/Shaders/Fog/FogShader.shader name=Custom/FogShader pass=FogPass ppOnly=0 stripLineD=0 buildPlatform=19 rsLen=0 pKW=UNITY_ENABLE_REFLECTION_BUFFERS UNITY_USE_DITHER_MASK_FOR_ALPHABLENDED_SHADOWS UNITY_PBS_USE_BRDF1 UNITY_SPECCUBE_BOX_PROJECTION UNITY_SPECCUBE_BLENDING UNITY_ENABLE_DETAIL_NORMALMAP SHADER_API_DESKTOP UNITY_LIGHT_PROBE_PROXY_VOLUME UNITY_LIGHTMAP_FULL_HDR UNITY_PLATFORM_SUPPORTS_DEPTH_FETCH uKW= dKW=UNITY_NO_DXT5nm UNITY_FRAMEBUFFER_FETCH_AVAILABLE UNITY_METAL_SHADOWS_USE_POINT_FILTERING UNITY_NO_SCREENSPACE_SHADOWS UNITY_PBS_USE_BRDF2 UNITY_PBS_USE_BRDF3 UNITY_HARDWARE_TIER1 UNITY_HARDWARE_TIER2 UNITY_HARDWARE_TIER3 UNITY_COLORSPACE_GAMMA UNITY_LIGHTMAP_DLDR_ENCODING UNITY_LIGHTMAP_RGBM_ENCODING UNITY_VIRTUAL_TEXTURING UNITY_PRETRANSFORM_TO_DISPLAY_ORIENTATION UNITY_ASTC_NORMALMAP_ENCODING SHADER_API_GLES30 SHADER_API_GLES31 SHADER_API_GLES32 UNITY_UNIFIED_SHADER_PRECISION_MODEL flags=0 lang=3 type=Vertex platform=d3d11 reqs=227 mask=6 start=30  error: 1 plat 4 at Assets/MyAssets/Shaders/Fog/FogPass.hlsl(11): implicit truncation of vector type
 ok=1 outsize=618


Cmd: compileSnippet
  insize=687 file=Assets/MyAssets/Shaders/Fog/FogShader.shader name=Custom/FogShader pass=FogPass ppOnly=0 stripLineD=0 buildPlatform=19 rsLen=0 pKW=UNITY_ENABLE_REFLECTION_BUFFERS UNITY_USE_DITHER_MASK_FOR_ALPHABLENDED_SHADOWS UNITY_PBS_USE_BRDF1 UNITY_SPECCUBE_BOX_PROJECTION UNITY_SPECCUBE_BLENDING UNITY_ENABLE_DETAIL_NORMALMAP SHADER_API_DESKTOP UNITY_LIGHT_PROBE_PROXY_VOLUME UNITY_LIGHTMAP_FULL_HDR UNITY_PLATFORM_SUPPORTS_DEPTH_FETCH uKW= dKW=UNITY_NO_DXT5nm UNITY_FRAMEBUFFER_FETCH_AVAILABLE UNITY_METAL_SHADOWS_USE_POINT_FILTERING UNITY_NO_SCREENSPACE_SHADOWS UNITY_PBS_USE_BRDF2 UNITY_PBS_USE_BRDF3 UNITY_HARDWARE_TIER1 UNITY_HARDWARE_TIER2 UNITY_HARDWARE_TIER3 UNITY_COLORSPACE_GAMMA UNITY_LIGHTMAP_DLDR_ENCODING UNITY_LIGHTMAP_RGBM_ENCODING UNITY_VIRTUAL_TEXTURING UNITY_PRETRANSFORM_TO_DISPLAY_ORIENTATION UNITY_ASTC_NORMALMAP_ENCODING SHADER_API_GLES30 SHADER_API_GLES31 SHADER_API_GLES32 UNITY_UNIFIED_SHADER_PRECISION_MODEL flags=0 lang=3 type=Fragment platform=d3d11 reqs=227 mask=6 start=30  error: 1 plat 4 at Assets/MyAssets/Shaders/Fog/FogPass.hlsl(11): implicit truncation of vector type
  error: 1 plat 4 at Assets/MyAssets/Shaders/Fog/FogPass.hlsl(37): integer modulus may be much slower, try using uints if possible.
  error: 1 plat 4 at Assets/MyAssets/Shaders/Fog/FogPass.hlsl(38): integer modulus may be much slower, try using uints if possible.
  error: 1 plat 4 at Assets/MyAssets/Shaders/Fog/FogPass.hlsl(40): integer modulus may be much slower, try using uints if possible.
  error: 1 plat 4 at Assets/MyAssets/Shaders/Fog/FogPass.hlsl(41): integer modulus may be much slower, try using uints if possible.
  error: 1 plat 4 at Assets/MyAssets/Shaders/Fog/FogPass.hlsl(42): integer modulus may be much slower, try using uints if possible.
 ok=1 outsize=1590



Cmd: compileSnippet
  insize=687 file=Assets/MyAssets/Shaders/Fog/FogShader.shader name=Custom/FogShader pass=FogPass ppOnly=0 stripLineD=0 buildPlatform=19 rsLen=0 pKW=UNITY_ENABLE_REFLECTION_BUFFERS UNITY_USE_DITHER_MASK_FOR_ALPHABLENDED_SHADOWS UNITY_PBS_USE_BRDF1 UNITY_SPECCUBE_BOX_PROJECTION UNITY_SPECCUBE_BLENDING UNITY_ENABLE_DETAIL_NORMALMAP SHADER_API_DESKTOP UNITY_LIGHT_PROBE_PROXY_VOLUME UNITY_LIGHTMAP_FULL_HDR UNITY_PLATFORM_SUPPORTS_DEPTH_FETCH uKW= dKW=UNITY_NO_DXT5nm UNITY_FRAMEBUFFER_FETCH_AVAILABLE UNITY_METAL_SHADOWS_USE_POINT_FILTERING UNITY_NO_SCREENSPACE_SHADOWS UNITY_PBS_USE_BRDF2 UNITY_PBS_USE_BRDF3 UNITY_HARDWARE_TIER1 UNITY_HARDWARE_TIER2 UNITY_HARDWARE_TIER3 UNITY_COLORSPACE_GAMMA UNITY_LIGHTMAP_DLDR_ENCODING UNITY_LIGHTMAP_RGBM_ENCODING UNITY_VIRTUAL_TEXTURING UNITY_PRETRANSFORM_TO_DISPLAY_ORIENTATION UNITY_ASTC_NORMALMAP_ENCODING SHADER_API_GLES30 SHADER_API_GLES31 SHADER_API_GLES32 UNITY_UNIFIED_SHADER_PRECISION_MODEL flags=0 lang=3 type=Fragment platform=d3d11 reqs=227 mask=6 start=30  error: 1 plat 4 at Assets/MyAssets/Shaders/Fog/FogPass.hlsl(11): implicit truncation of vector type
  error: 1 plat 4 at Assets/MyAssets/Shaders/Fog/FogPass.hlsl(37): integer modulus may be much slower, try using uints if possible.
  error: 1 plat 4 at Assets/MyAssets/Shaders/Fog/FogPass.hlsl(38): integer modulus may be much slower, try using uints if possible.
  error: 1 plat 4 at Assets/MyAssets/Shaders/Fog/FogPass.hlsl(40): integer modulus may be much slower, try using uints if possible.
  error: 1 plat 4 at Assets/MyAssets/Shaders/Fog/FogPass.hlsl(41): integer modulus may be much slower, try using uints if possible.
  error: 1 plat 4 at Assets/MyAssets/Shaders/Fog/FogPass.hlsl(42): integer modulus may be much slower, try using uints if possible.
 ok=1 outsize=1450



Cmd: compileSnippet
  insize=687 file=Assets/MyAssets/Shaders/Fog/FogShader.shader name=Custom/FogShader pass=FogPass ppOnly=0 stripLineD=0 buildPlatform=19 rsLen=0 pKW=UNITY_ENABLE_REFLECTION_BUFFERS UNITY_USE_DITHER_MASK_FOR_ALPHABLENDED_SHADOWS UNITY_PBS_USE_BRDF1 UNITY_SPECCUBE_BOX_PROJECTION UNITY_SPECCUBE_BLENDING UNITY_ENABLE_DETAIL_NORMALMAP SHADER_API_DESKTOP UNITY_LIGHT_PROBE_PROXY_VOLUME UNITY_LIGHTMAP_FULL_HDR UNITY_PLATFORM_SUPPORTS_DEPTH_FETCH uKW= dKW=UNITY_NO_DXT5nm UNITY_FRAMEBUFFER_FETCH_AVAILABLE UNITY_METAL_SHADOWS_USE_POINT_FILTERING UNITY_NO_SCREENSPACE_SHADOWS UNITY_PBS_USE_BRDF2 UNITY_PBS_USE_BRDF3 UNITY_HARDWARE_TIER1 UNITY_HARDWARE_TIER2 UNITY_HARDWARE_TIER3 UNITY_COLORSPACE_GAMMA UNITY_LIGHTMAP_DLDR_ENCODING UNITY_LIGHTMAP_RGBM_ENCODING UNITY_VIRTUAL_TEXTURING UNITY_PRETRANSFORM_TO_DISPLAY_ORIENTATION UNITY_ASTC_NORMALMAP_ENCODING SHADER_API_GLES30 SHADER_API_GLES31 SHADER_API_GLES32 UNITY_UNIFIED_SHADER_PRECISION_MODEL flags=0 lang=3 type=Vertex platform=d3d11 reqs=227 mask=6 start=30  error: 1 plat 4 at Assets/MyAssets/Shaders/Fog/FogPass.hlsl(11): implicit truncation of vector type
 ok=1 outsize=618





Cmd: compileSnippet
  insize=687 file=Assets/MyAssets/Shaders/Fog/FogShader.shader name=Custom/FogShader pass=FogPass ppOnly=0 stripLineD=0 buildPlatform=19 rsLen=0 pKW=UNITY_ENABLE_REFLECTION_BUFFERS UNITY_USE_DITHER_MASK_FOR_ALPHABLENDED_SHADOWS UNITY_PBS_USE_BRDF1 UNITY_SPECCUBE_BOX_PROJECTION UNITY_SPECCUBE_BLENDING UNITY_ENABLE_DETAIL_NORMALMAP SHADER_API_DESKTOP UNITY_LIGHT_PROBE_PROXY_VOLUME UNITY_LIGHTMAP_FULL_HDR UNITY_PLATFORM_SUPPORTS_DEPTH_FETCH uKW= dKW=UNITY_NO_DXT5nm UNITY_FRAMEBUFFER_FETCH_AVAILABLE UNITY_METAL_SHADOWS_USE_POINT_FILTERING UNITY_NO_SCREENSPACE_SHADOWS UNITY_PBS_USE_BRDF2 UNITY_PBS_USE_BRDF3 UNITY_HARDWARE_TIER1 UNITY_HARDWARE_TIER2 UNITY_HARDWARE_TIER3 UNITY_COLORSPACE_GAMMA UNITY_LIGHTMAP_DLDR_ENCODING UNITY_LIGHTMAP_RGBM_ENCODING UNITY_VIRTUAL_TEXTURING UNITY_PRETRANSFORM_TO_DISPLAY_ORIENTATION UNITY_ASTC_NORMALMAP_ENCODING SHADER_API_GLES30 SHADER_API_GLES31 SHADER_API_GLES32 UNITY_UNIFIED_SHADER_PRECISION_MODEL flags=0 lang=3 type=Fragment platform=d3d11 reqs=227 mask=6 start=30  error: 1 plat 4 at Assets/MyAssets/Shaders/Fog/FogPass.hlsl(11): implicit truncation of vector type
  error: 2 plat 4 at Assets/MyAssets/Shaders/Fog/FogPass.hlsl(43): 'Noise': function must return a value
  error: 2 plat 4 at Assets/MyAssets/Shaders/Fog/FogPass.hlsl(43): undeclared identifier 'noise'
 ok=0 outsize=0


Cmd: compileSnippet
  insize=687 file=Assets/MyAssets/Shaders/Fog/FogShader.shader name=Custom/FogShader pass=FogPass ppOnly=0 stripLineD=0 buildPlatform=19 rsLen=0 pKW=UNITY_ENABLE_REFLECTION_BUFFERS UNITY_USE_DITHER_MASK_FOR_ALPHABLENDED_SHADOWS UNITY_PBS_USE_BRDF1 UNITY_SPECCUBE_BOX_PROJECTION UNITY_SPECCUBE_BLENDING UNITY_ENABLE_DETAIL_NORMALMAP SHADER_API_DESKTOP UNITY_LIGHT_PROBE_PROXY_VOLUME UNITY_LIGHTMAP_FULL_HDR UNITY_PLATFORM_SUPPORTS_DEPTH_FETCH uKW= dKW=UNITY_NO_DXT5nm UNITY_FRAMEBUFFER_FETCH_AVAILABLE UNITY_METAL_SHADOWS_USE_POINT_FILTERING UNITY_NO_SCREENSPACE_SHADOWS UNITY_PBS_USE_BRDF2 UNITY_PBS_USE_BRDF3 UNITY_HARDWARE_TIER1 UNITY_HARDWARE_TIER2 UNITY_HARDWARE_TIER3 UNITY_COLORSPACE_GAMMA UNITY_LIGHTMAP_DLDR_ENCODING UNITY_LIGHTMAP_RGBM_ENCODING UNITY_VIRTUAL_TEXTURING UNITY_PRETRANSFORM_TO_DISPLAY_ORIENTATION UNITY_ASTC_NORMALMAP_ENCODING SHADER_API_GLES30 SHADER_API_GLES31 SHADER_API_GLES32 UNITY_UNIFIED_SHADER_PRECISION_MODEL flags=0 lang=3 type=Fragment platform=d3d11 reqs=227 mask=6 start=30  error: 1 plat 4 at Assets/MyAssets/Shaders/Fog/FogPass.hlsl(11): implicit truncation of vector type
  error: 1 plat 4 at Assets/MyAssets/Shaders/Fog/FogPass.hlsl(37): integer modulus may be much slower, try using uints if possible.
  error: 1 plat 4 at Assets/MyAssets/Shaders/Fog/FogPass.hlsl(38): integer modulus may be much slower, try using uints if possible.
  error: 1 plat 4 at Assets/MyAssets/Shaders/Fog/FogPass.hlsl(40): integer modulus may be much slower, try using uints if possible.
  error: 1 plat 4 at Assets/MyAssets/Shaders/Fog/FogPass.hlsl(41): integer modulus may be much slower, try using uints if possible.
  error: 1 plat 4 at Assets/MyAssets/Shaders/Fog/FogPass.hlsl(42): integer modulus may be much slower, try using uints if possible.
 ok=1 outsize=1590




Cmd: compileSnippet
  insize=687 file=Assets/MyAssets/Shaders/Fog/FogShader.shader name=Custom/FogShader pass=FogPass ppOnly=0 stripLineD=0 buildPlatform=19 rsLen=0 pKW=UNITY_ENABLE_REFLECTION_BUFFERS UNITY_USE_DITHER_MASK_FOR_ALPHABLENDED_SHADOWS UNITY_PBS_USE_BRDF1 UNITY_SPECCUBE_BOX_PROJECTION UNITY_SPECCUBE_BLENDING UNITY_ENABLE_DETAIL_NORMALMAP SHADER_API_DESKTOP UNITY_LIGHT_PROBE_PROXY_VOLUME UNITY_LIGHTMAP_FULL_HDR UNITY_PLATFORM_SUPPORTS_DEPTH_FETCH uKW= dKW=UNITY_NO_DXT5nm UNITY_FRAMEBUFFER_FETCH_AVAILABLE UNITY_METAL_SHADOWS_USE_POINT_FILTERING UNITY_NO_SCREENSPACE_SHADOWS UNITY_PBS_USE_BRDF2 UNITY_PBS_USE_BRDF3 UNITY_HARDWARE_TIER1 UNITY_HARDWARE_TIER2 UNITY_HARDWARE_TIER3 UNITY_COLORSPACE_GAMMA UNITY_LIGHTMAP_DLDR_ENCODING UNITY_LIGHTMAP_RGBM_ENCODING UNITY_VIRTUAL_TEXTURING UNITY_PRETRANSFORM_TO_DISPLAY_ORIENTATION UNITY_ASTC_NORMALMAP_ENCODING SHADER_API_GLES30 SHADER_API_GLES31 SHADER_API_GLES32 UNITY_UNIFIED_SHADER_PRECISION_MODEL flags=0 lang=3 type=Fragment platform=d3d11 reqs=227 mask=6 start=30  error: 1 plat 4 at Assets/MyAssets/Shaders/Fog/FogPass.hlsl(11): implicit truncation of vector type
  error: 1 plat 4 at Assets/MyAssets/Shaders/Fog/FogPass.hlsl(37): integer modulus may be much slower, try using uints if possible.
  error: 1 plat 4 at Assets/MyAssets/Shaders/Fog/FogPass.hlsl(38): integer modulus may be much slower, try using uints if possible.
  error: 1 plat 4 at Assets/MyAssets/Shaders/Fog/FogPass.hlsl(40): integer modulus may be much slower, try using uints if possible.
  error: 1 plat 4 at Assets/MyAssets/Shaders/Fog/FogPass.hlsl(41): integer modulus may be much slower, try using uints if possible.
  error: 1 plat 4 at Assets/MyAssets/Shaders/Fog/FogPass.hlsl(42): integer modulus may be much slower, try using uints if possible.
 ok=1 outsize=2650


Cmd: compileSnippet
  insize=687 file=Assets/MyAssets/Shaders/Fog/FogShader.shader name=Custom/FogShader pass=FogPass ppOnly=0 stripLineD=0 buildPlatform=19 rsLen=0 pKW=UNITY_ENABLE_REFLECTION_BUFFERS UNITY_USE_DITHER_MASK_FOR_ALPHABLENDED_SHADOWS UNITY_PBS_USE_BRDF1 UNITY_SPECCUBE_BOX_PROJECTION UNITY_SPECCUBE_BLENDING UNITY_ENABLE_DETAIL_NORMALMAP SHADER_API_DESKTOP UNITY_LIGHT_PROBE_PROXY_VOLUME UNITY_LIGHTMAP_FULL_HDR UNITY_PLATFORM_SUPPORTS_DEPTH_FETCH uKW= dKW=UNITY_NO_DXT5nm UNITY_FRAMEBUFFER_FETCH_AVAILABLE UNITY_METAL_SHADOWS_USE_POINT_FILTERING UNITY_NO_SCREENSPACE_SHADOWS UNITY_PBS_USE_BRDF2 UNITY_PBS_USE_BRDF3 UNITY_HARDWARE_TIER1 UNITY_HARDWARE_TIER2 UNITY_HARDWARE_TIER3 UNITY_COLORSPACE_GAMMA UNITY_LIGHTMAP_DLDR_ENCODING UNITY_LIGHTMAP_RGBM_ENCODING UNITY_VIRTUAL_TEXTURING UNITY_PRETRANSFORM_TO_DISPLAY_ORIENTATION UNITY_ASTC_NORMALMAP_ENCODING SHADER_API_GLES30 SHADER_API_GLES31 SHADER_API_GLES32 UNITY_UNIFIED_SHADER_PRECISION_MODEL flags=0 lang=3 type=Fragment platform=d3d11 reqs=227 mask=6 start=30  error: 1 plat 4 at Assets/MyAssets/Shaders/Fog/FogPass.hlsl(11): implicit truncation of vector type
  error: 1 plat 4 at Assets/MyAssets/Shaders/Fog/FogPass.hlsl(37): integer modulus may be much slower, try using uints if possible.
  error: 1 plat 4 at Assets/MyAssets/Shaders/Fog/FogPass.hlsl(38): integer modulus may be much slower, try using uints if possible.
  error: 1 plat 4 at Assets/MyAssets/Shaders/Fog/FogPass.hlsl(40): integer modulus may be much slower, try using uints if possible.
  error: 1 plat 4 at Assets/MyAssets/Shaders/Fog/FogPass.hlsl(41): integer modulus may be much slower, try using uints if possible.
  error: 1 plat 4 at Assets/MyAssets/Shaders/Fog/FogPass.hlsl(42): integer modulus may be much slower, try using uints if possible.
 ok=1 outsize=2538


Cmd: compileSnippet
  insize=687 file=Assets/MyAssets/Shaders/Fog/FogShader.shader name=Custom/FogShader pass=FogPass ppOnly=0 stripLineD=0 buildPlatform=19 rsLen=0 pKW=UNITY_ENABLE_REFLECTION_BUFFERS UNITY_USE_DITHER_MASK_FOR_ALPHABLENDED_SHADOWS UNITY_PBS_USE_BRDF1 UNITY_SPECCUBE_BOX_PROJECTION UNITY_SPECCUBE_BLENDING UNITY_ENABLE_DETAIL_NORMALMAP SHADER_API_DESKTOP UNITY_LIGHT_PROBE_PROXY_VOLUME UNITY_LIGHTMAP_FULL_HDR UNITY_PLATFORM_SUPPORTS_DEPTH_FETCH uKW= dKW=UNITY_NO_DXT5nm UNITY_FRAMEBUFFER_FETCH_AVAILABLE UNITY_METAL_SHADOWS_USE_POINT_FILTERING UNITY_NO_SCREENSPACE_SHADOWS UNITY_PBS_USE_BRDF2 UNITY_PBS_USE_BRDF3 UNITY_HARDWARE_TIER1 UNITY_HARDWARE_TIER2 UNITY_HARDWARE_TIER3 UNITY_COLORSPACE_GAMMA UNITY_LIGHTMAP_DLDR_ENCODING UNITY_LIGHTMAP_RGBM_ENCODING UNITY_VIRTUAL_TEXTURING UNITY_PRETRANSFORM_TO_DISPLAY_ORIENTATION UNITY_ASTC_NORMALMAP_ENCODING SHADER_API_GLES30 SHADER_API_GLES31 SHADER_API_GLES32 UNITY_UNIFIED_SHADER_PRECISION_MODEL flags=0 lang=3 type=Vertex platform=d3d11 reqs=227 mask=6 start=30  error: 1 plat 4 at Assets/MyAssets/Shaders/Fog/FogPass.hlsl(11): implicit truncation of vector type
 ok=1 outsize=618


Cmd: compileSnippet
  insize=687 file=Assets/MyAssets/Shaders/Fog/FogShader.shader name=Custom/FogShader pass=FogPass ppOnly=0 stripLineD=0 buildPlatform=19 rsLen=0 pKW=UNITY_ENABLE_REFLECTION_BUFFERS UNITY_USE_DITHER_MASK_FOR_ALPHABLENDED_SHADOWS UNITY_PBS_USE_BRDF1 UNITY_SPECCUBE_BOX_PROJECTION UNITY_SPECCUBE_BLENDING UNITY_ENABLE_DETAIL_NORMALMAP SHADER_API_DESKTOP UNITY_LIGHT_PROBE_PROXY_VOLUME UNITY_LIGHTMAP_FULL_HDR UNITY_PLATFORM_SUPPORTS_DEPTH_FETCH uKW= dKW=UNITY_NO_DXT5nm UNITY_FRAMEBUFFER_FETCH_AVAILABLE UNITY_METAL_SHADOWS_USE_POINT_FILTERING UNITY_NO_SCREENSPACE_SHADOWS UNITY_PBS_USE_BRDF2 UNITY_PBS_USE_BRDF3 UNITY_HARDWARE_TIER1 UNITY_HARDWARE_TIER2 UNITY_HARDWARE_TIER3 UNITY_COLORSPACE_GAMMA UNITY_LIGHTMAP_DLDR_ENCODING UNITY_LIGHTMAP_RGBM_ENCODING UNITY_VIRTUAL_TEXTURING UNITY_PRETRANSFORM_TO_DISPLAY_ORIENTATION UNITY_ASTC_NORMALMAP_ENCODING SHADER_API_GLES30 SHADER_API_GLES31 SHADER_API_GLES32 UNITY_UNIFIED_SHADER_PRECISION_MODEL flags=0 lang=3 type=Fragment platform=d3d11 reqs=227 mask=6 start=30  error: 1 plat 4 at Assets/MyAssets/Shaders/Fog/FogPass.hlsl(11): implicit truncation of vector type
  error: 1 plat 4 at Assets/MyAssets/Shaders/Fog/FogPass.hlsl(37): integer modulus may be much slower, try using uints if possible.
  error: 1 plat 4 at Assets/MyAssets/Shaders/Fog/FogPass.hlsl(38): integer modulus may be much slower, try using uints if possible.
  error: 1 plat 4 at Assets/MyAssets/Shaders/Fog/FogPass.hlsl(40): integer modulus may be much slower, try using uints if possible.
  error: 1 plat 4 at Assets/MyAssets/Shaders/Fog/FogPass.hlsl(41): integer modulus may be much slower, try using uints if possible.
  error: 1 plat 4 at Assets/MyAssets/Shaders/Fog/FogPass.hlsl(42): integer modulus may be much slower, try using uints if possible.
 ok=1 outsize=1870


Cmd: compileSnippet
  insize=687 file=Assets/MyAssets/Shaders/Fog/FogShader.shader name=Custom/FogShader pass=FogPass ppOnly=0 stripLineD=0 buildPlatform=19 rsLen=0 pKW=UNITY_ENABLE_REFLECTION_BUFFERS UNITY_USE_DITHER_MASK_FOR_ALPHABLENDED_SHADOWS UNITY_PBS_USE_BRDF1 UNITY_SPECCUBE_BOX_PROJECTION UNITY_SPECCUBE_BLENDING UNITY_ENABLE_DETAIL_NORMALMAP SHADER_API_DESKTOP UNITY_LIGHT_PROBE_PROXY_VOLUME UNITY_LIGHTMAP_FULL_HDR UNITY_PLATFORM_SUPPORTS_DEPTH_FETCH uKW= dKW=UNITY_NO_DXT5nm UNITY_FRAMEBUFFER_FETCH_AVAILABLE UNITY_METAL_SHADOWS_USE_POINT_FILTERING UNITY_NO_SCREENSPACE_SHADOWS UNITY_PBS_USE_BRDF2 UNITY_PBS_USE_BRDF3 UNITY_HARDWARE_TIER1 UNITY_HARDWARE_TIER2 UNITY_HARDWARE_TIER3 UNITY_COLORSPACE_GAMMA UNITY_LIGHTMAP_DLDR_ENCODING UNITY_LIGHTMAP_RGBM_ENCODING UNITY_VIRTUAL_TEXTURING UNITY_PRETRANSFORM_TO_DISPLAY_ORIENTATION UNITY_ASTC_NORMALMAP_ENCODING SHADER_API_GLES30 SHADER_API_GLES31 SHADER_API_GLES32 UNITY_UNIFIED_SHADER_PRECISION_MODEL flags=0 lang=3 type=Fragment platform=d3d11 reqs=227 mask=6 start=30  error: 1 plat 4 at Assets/MyAssets/Shaders/Fog/FogPass.hlsl(11): implicit truncation of vector type
  error: 1 plat 4 at Assets/MyAssets/Shaders/Fog/FogPass.hlsl(37): integer modulus may be much slower, try using uints if possible.
  error: 1 plat 4 at Assets/MyAssets/Shaders/Fog/FogPass.hlsl(38): integer modulus may be much slower, try using uints if possible.
  error: 1 plat 4 at Assets/MyAssets/Shaders/Fog/FogPass.hlsl(40): integer modulus may be much slower, try using uints if possible.
  error: 1 plat 4 at Assets/MyAssets/Shaders/Fog/FogPass.hlsl(41): integer modulus may be much slower, try using uints if possible.
  error: 1 plat 4 at Assets/MyAssets/Shaders/Fog/FogPass.hlsl(42): integer modulus may be much slower, try using uints if possible.
 ok=1 outsize=2538


Cmd: compileSnippet
  insize=687 file=Assets/MyAssets/Shaders/Fog/FogShader.shader name=Custom/FogShader pass=FogPass ppOnly=0 stripLineD=0 buildPlatform=19 rsLen=0 pKW=UNITY_ENABLE_REFLECTION_BUFFERS UNITY_USE_DITHER_MASK_FOR_ALPHABLENDED_SHADOWS UNITY_PBS_USE_BRDF1 UNITY_SPECCUBE_BOX_PROJECTION UNITY_SPECCUBE_BLENDING UNITY_ENABLE_DETAIL_NORMALMAP SHADER_API_DESKTOP UNITY_LIGHT_PROBE_PROXY_VOLUME UNITY_LIGHTMAP_FULL_HDR UNITY_PLATFORM_SUPPORTS_DEPTH_FETCH uKW= dKW=UNITY_NO_DXT5nm UNITY_FRAMEBUFFER_FETCH_AVAILABLE UNITY_METAL_SHADOWS_USE_POINT_FILTERING UNITY_NO_SCREENSPACE_SHADOWS UNITY_PBS_USE_BRDF2 UNITY_PBS_USE_BRDF3 UNITY_HARDWARE_TIER1 UNITY_HARDWARE_TIER2 UNITY_HARDWARE_TIER3 UNITY_COLORSPACE_GAMMA UNITY_LIGHTMAP_DLDR_ENCODING UNITY_LIGHTMAP_RGBM_ENCODING UNITY_VIRTUAL_TEXTURING UNITY_PRETRANSFORM_TO_DISPLAY_ORIENTATION UNITY_ASTC_NORMALMAP_ENCODING SHADER_API_GLES30 SHADER_API_GLES31 SHADER_API_GLES32 UNITY_UNIFIED_SHADER_PRECISION_MODEL flags=0 lang=3 type=Fragment platform=d3d11 reqs=227 mask=6 start=30  error: 1 plat 4 at Assets/MyAssets/Shaders/Fog/FogPass.hlsl(11): implicit truncation of vector type
  error: 1 plat 4 at Assets/MyAssets/Shaders/Fog/FogPass.hlsl(37): integer modulus may be much slower, try using uints if possible.
  error: 1 plat 4 at Assets/MyAssets/Shaders/Fog/FogPass.hlsl(38): integer modulus may be much slower, try using uints if possible.
  error: 1 plat 4 at Assets/MyAssets/Shaders/Fog/FogPass.hlsl(40): integer modulus may be much slower, try using uints if possible.
  error: 1 plat 4 at Assets/MyAssets/Shaders/Fog/FogPass.hlsl(41): integer modulus may be much slower, try using uints if possible.
  error: 1 plat 4 at Assets/MyAssets/Shaders/Fog/FogPass.hlsl(42): integer modulus may be much slower, try using uints if possible.
 ok=1 outsize=2538


Cmd: compileSnippet
  insize=687 file=Assets/MyAssets/Shaders/Fog/FogShader.shader name=Custom/FogShader pass=FogPass ppOnly=0 stripLineD=0 buildPlatform=19 rsLen=0 pKW=UNITY_ENABLE_REFLECTION_BUFFERS UNITY_USE_DITHER_MASK_FOR_ALPHABLENDED_SHADOWS UNITY_PBS_USE_BRDF1 UNITY_SPECCUBE_BOX_PROJECTION UNITY_SPECCUBE_BLENDING UNITY_ENABLE_DETAIL_NORMALMAP SHADER_API_DESKTOP UNITY_LIGHT_PROBE_PROXY_VOLUME UNITY_LIGHTMAP_FULL_HDR UNITY_PLATFORM_SUPPORTS_DEPTH_FETCH uKW= dKW=UNITY_NO_DXT5nm UNITY_FRAMEBUFFER_FETCH_AVAILABLE UNITY_METAL_SHADOWS_USE_POINT_FILTERING UNITY_NO_SCREENSPACE_SHADOWS UNITY_PBS_USE_BRDF2 UNITY_PBS_USE_BRDF3 UNITY_HARDWARE_TIER1 UNITY_HARDWARE_TIER2 UNITY_HARDWARE_TIER3 UNITY_COLORSPACE_GAMMA UNITY_LIGHTMAP_DLDR_ENCODING UNITY_LIGHTMAP_RGBM_ENCODING UNITY_VIRTUAL_TEXTURING UNITY_PRETRANSFORM_TO_DISPLAY_ORIENTATION UNITY_ASTC_NORMALMAP_ENCODING SHADER_API_GLES30 SHADER_API_GLES31 SHADER_API_GLES32 UNITY_UNIFIED_SHADER_PRECISION_MODEL flags=0 lang=3 type=Vertex platform=d3d11 reqs=227 mask=6 start=30  error: 1 plat 4 at Assets/MyAssets/Shaders/Fog/FogPass.hlsl(11): implicit truncation of vector type
  error: 2 plat 4 at Assets/MyAssets/Shaders/Fog/FogPass.hlsl(24): syntax error: unexpected token 'public'
 ok=0 outsize=0


Cmd: compileSnippet
  insize=687 file=Assets/MyAssets/Shaders/Fog/FogShader.shader name=Custom/FogShader pass=FogPass ppOnly=0 stripLineD=0 buildPlatform=19 rsLen=0 pKW=UNITY_ENABLE_REFLECTION_BUFFERS UNITY_USE_DITHER_MASK_FOR_ALPHABLENDED_SHADOWS UNITY_PBS_USE_BRDF1 UNITY_SPECCUBE_BOX_PROJECTION UNITY_SPECCUBE_BLENDING UNITY_ENABLE_DETAIL_NORMALMAP SHADER_API_DESKTOP UNITY_LIGHT_PROBE_PROXY_VOLUME UNITY_LIGHTMAP_FULL_HDR UNITY_PLATFORM_SUPPORTS_DEPTH_FETCH uKW= dKW=UNITY_NO_DXT5nm UNITY_FRAMEBUFFER_FETCH_AVAILABLE UNITY_METAL_SHADOWS_USE_POINT_FILTERING UNITY_NO_SCREENSPACE_SHADOWS UNITY_PBS_USE_BRDF2 UNITY_PBS_USE_BRDF3 UNITY_HARDWARE_TIER1 UNITY_HARDWARE_TIER2 UNITY_HARDWARE_TIER3 UNITY_COLORSPACE_GAMMA UNITY_LIGHTMAP_DLDR_ENCODING UNITY_LIGHTMAP_RGBM_ENCODING UNITY_VIRTUAL_TEXTURING UNITY_PRETRANSFORM_TO_DISPLAY_ORIENTATION UNITY_ASTC_NORMALMAP_ENCODING SHADER_API_GLES30 SHADER_API_GLES31 SHADER_API_GLES32 UNITY_UNIFIED_SHADER_PRECISION_MODEL flags=0 lang=3 type=Fragment platform=d3d11 reqs=227 mask=6 start=30  error: 1 plat 4 at Assets/MyAssets/Shaders/Fog/FogPass.hlsl(11): implicit truncation of vector type
  error: 1 plat 4 at Assets/MyAssets/Shaders/Fog/FogPass.hlsl(41): integer modulus may be much slower, try using uints if possible.
  error: 1 plat 4 at Assets/MyAssets/Shaders/Fog/FogPass.hlsl(42): integer modulus may be much slower, try using uints if possible.
  error: 1 plat 4 at Assets/MyAssets/Shaders/Fog/FogPass.hlsl(44): integer modulus may be much slower, try using uints if possible.
  error: 1 plat 4 at Assets/MyAssets/Shaders/Fog/FogPass.hlsl(45): integer modulus may be much slower, try using uints if possible.
  error: 1 plat 4 at Assets/MyAssets/Shaders/Fog/FogPass.hlsl(46): integer modulus may be much slower, try using uints if possible.
 ok=1 outsize=2730


Cmd: compileSnippet
  insize=687 file=Assets/MyAssets/Shaders/Fog/FogShader.shader name=Custom/FogShader pass=FogPass ppOnly=0 stripLineD=0 buildPlatform=19 rsLen=0 pKW=UNITY_ENABLE_REFLECTION_BUFFERS UNITY_USE_DITHER_MASK_FOR_ALPHABLENDED_SHADOWS UNITY_PBS_USE_BRDF1 UNITY_SPECCUBE_BOX_PROJECTION UNITY_SPECCUBE_BLENDING UNITY_ENABLE_DETAIL_NORMALMAP SHADER_API_DESKTOP UNITY_LIGHT_PROBE_PROXY_VOLUME UNITY_LIGHTMAP_FULL_HDR UNITY_PLATFORM_SUPPORTS_DEPTH_FETCH uKW= dKW=UNITY_NO_DXT5nm UNITY_FRAMEBUFFER_FETCH_AVAILABLE UNITY_METAL_SHADOWS_USE_POINT_FILTERING UNITY_NO_SCREENSPACE_SHADOWS UNITY_PBS_USE_BRDF2 UNITY_PBS_USE_BRDF3 UNITY_HARDWARE_TIER1 UNITY_HARDWARE_TIER2 UNITY_HARDWARE_TIER3 UNITY_COLORSPACE_GAMMA UNITY_LIGHTMAP_DLDR_ENCODING UNITY_LIGHTMAP_RGBM_ENCODING UNITY_VIRTUAL_TEXTURING UNITY_PRETRANSFORM_TO_DISPLAY_ORIENTATION UNITY_ASTC_NORMALMAP_ENCODING SHADER_API_GLES30 SHADER_API_GLES31 SHADER_API_GLES32 UNITY_UNIFIED_SHADER_PRECISION_MODEL flags=0 lang=3 type=Fragment platform=d3d11 reqs=227 mask=6 start=30  error: 1 plat 4 at Assets/MyAssets/Shaders/Fog/FogPass.hlsl(11): implicit truncation of vector type
  error: 1 plat 4 at Assets/MyAssets/Shaders/Fog/FogPass.hlsl(41): integer modulus may be much slower, try using uints if possible.
  error: 1 plat 4 at Assets/MyAssets/Shaders/Fog/FogPass.hlsl(42): integer modulus may be much slower, try using uints if possible.
  error: 1 plat 4 at Assets/MyAssets/Shaders/Fog/FogPass.hlsl(44): integer modulus may be much slower, try using uints if possible.
  error: 1 plat 4 at Assets/MyAssets/Shaders/Fog/FogPass.hlsl(45): integer modulus may be much slower, try using uints if possible.
  error: 1 plat 4 at Assets/MyAssets/Shaders/Fog/FogPass.hlsl(46): integer modulus may be much slower, try using uints if possible.
 ok=1 outsize=2730



Cmd: compileSnippet
  insize=687 file=Assets/MyAssets/Shaders/Fog/FogShader.shader name=Custom/FogShader pass=FogPass ppOnly=0 stripLineD=0 buildPlatform=19 rsLen=0 pKW=UNITY_ENABLE_REFLECTION_BUFFERS UNITY_USE_DITHER_MASK_FOR_ALPHABLENDED_SHADOWS UNITY_PBS_USE_BRDF1 UNITY_SPECCUBE_BOX_PROJECTION UNITY_SPECCUBE_BLENDING UNITY_ENABLE_DETAIL_NORMALMAP SHADER_API_DESKTOP UNITY_LIGHT_PROBE_PROXY_VOLUME UNITY_LIGHTMAP_FULL_HDR UNITY_PLATFORM_SUPPORTS_DEPTH_FETCH uKW= dKW=UNITY_NO_DXT5nm UNITY_FRAMEBUFFER_FETCH_AVAILABLE UNITY_METAL_SHADOWS_USE_POINT_FILTERING UNITY_NO_SCREENSPACE_SHADOWS UNITY_PBS_USE_BRDF2 UNITY_PBS_USE_BRDF3 UNITY_HARDWARE_TIER1 UNITY_HARDWARE_TIER2 UNITY_HARDWARE_TIER3 UNITY_COLORSPACE_GAMMA UNITY_LIGHTMAP_DLDR_ENCODING UNITY_LIGHTMAP_RGBM_ENCODING UNITY_VIRTUAL_TEXTURING UNITY_PRETRANSFORM_TO_DISPLAY_ORIENTATION UNITY_ASTC_NORMALMAP_ENCODING SHADER_API_GLES30 SHADER_API_GLES31 SHADER_API_GLES32 UNITY_UNIFIED_SHADER_PRECISION_MODEL flags=0 lang=3 type=Vertex platform=d3d11 reqs=227 mask=6 start=30  error: 1 plat 4 at Assets/MyAssets/Shaders/Fog/FogPass.hlsl(11): implicit truncation of vector type
 ok=1 outsize=618


Cmd: compileSnippet
  insize=687 file=Assets/MyAssets/Shaders/Fog/FogShader.shader name=Custom/FogShader pass=FogPass ppOnly=0 stripLineD=0 buildPlatform=19 rsLen=0 pKW=UNITY_ENABLE_REFLECTION_BUFFERS UNITY_USE_DITHER_MASK_FOR_ALPHABLENDED_SHADOWS UNITY_PBS_USE_BRDF1 UNITY_SPECCUBE_BOX_PROJECTION UNITY_SPECCUBE_BLENDING UNITY_ENABLE_DETAIL_NORMALMAP SHADER_API_DESKTOP UNITY_LIGHT_PROBE_PROXY_VOLUME UNITY_LIGHTMAP_FULL_HDR UNITY_PLATFORM_SUPPORTS_DEPTH_FETCH uKW= dKW=UNITY_NO_DXT5nm UNITY_FRAMEBUFFER_FETCH_AVAILABLE UNITY_METAL_SHADOWS_USE_POINT_FILTERING UNITY_NO_SCREENSPACE_SHADOWS UNITY_PBS_USE_BRDF2 UNITY_PBS_USE_BRDF3 UNITY_HARDWARE_TIER1 UNITY_HARDWARE_TIER2 UNITY_HARDWARE_TIER3 UNITY_COLORSPACE_GAMMA UNITY_LIGHTMAP_DLDR_ENCODING UNITY_LIGHTMAP_RGBM_ENCODING UNITY_VIRTUAL_TEXTURING UNITY_PRETRANSFORM_TO_DISPLAY_ORIENTATION UNITY_ASTC_NORMALMAP_ENCODING SHADER_API_GLES30 SHADER_API_GLES31 SHADER_API_GLES32 UNITY_UNIFIED_SHADER_PRECISION_MODEL flags=0 lang=3 type=Fragment platform=d3d11 reqs=227 mask=6 start=30  error: 1 plat 4 at Assets/MyAssets/Shaders/Fog/FogPass.hlsl(11): implicit truncation of vector type
  error: 1 plat 4 at Assets/MyAssets/Shaders/Fog/FogPass.hlsl(41): integer modulus may be much slower, try using uints if possible.
  error: 1 plat 4 at Assets/MyAssets/Shaders/Fog/FogPass.hlsl(42): integer modulus may be much slower, try using uints if possible.
  error: 1 plat 4 at Assets/MyAssets/Shaders/Fog/FogPass.hlsl(44): integer modulus may be much slower, try using uints if possible.
  error: 1 plat 4 at Assets/MyAssets/Shaders/Fog/FogPass.hlsl(45): integer modulus may be much slower, try using uints if possible.
  error: 1 plat 4 at Assets/MyAssets/Shaders/Fog/FogPass.hlsl(46): integer modulus may be much slower, try using uints if possible.
 ok=1 outsize=3162


Cmd: compileSnippet
  insize=687 file=Assets/MyAssets/Shaders/Fog/FogShader.shader name=Custom/FogShader pass=FogPass ppOnly=0 stripLineD=0 buildPlatform=19 rsLen=0 pKW=UNITY_ENABLE_REFLECTION_BUFFERS UNITY_USE_DITHER_MASK_FOR_ALPHABLENDED_SHADOWS UNITY_PBS_USE_BRDF1 UNITY_SPECCUBE_BOX_PROJECTION UNITY_SPECCUBE_BLENDING UNITY_ENABLE_DETAIL_NORMALMAP SHADER_API_DESKTOP UNITY_LIGHT_PROBE_PROXY_VOLUME UNITY_LIGHTMAP_FULL_HDR UNITY_PLATFORM_SUPPORTS_DEPTH_FETCH uKW= dKW=UNITY_NO_DXT5nm UNITY_FRAMEBUFFER_FETCH_AVAILABLE UNITY_METAL_SHADOWS_USE_POINT_FILTERING UNITY_NO_SCREENSPACE_SHADOWS UNITY_PBS_USE_BRDF2 UNITY_PBS_USE_BRDF3 UNITY_HARDWARE_TIER1 UNITY_HARDWARE_TIER2 UNITY_HARDWARE_TIER3 UNITY_COLORSPACE_GAMMA UNITY_LIGHTMAP_DLDR_ENCODING UNITY_LIGHTMAP_RGBM_ENCODING UNITY_VIRTUAL_TEXTURING UNITY_PRETRANSFORM_TO_DISPLAY_ORIENTATION UNITY_ASTC_NORMALMAP_ENCODING SHADER_API_GLES30 SHADER_API_GLES31 SHADER_API_GLES32 UNITY_UNIFIED_SHADER_PRECISION_MODEL flags=0 lang=3 type=Fragment platform=d3d11 reqs=227 mask=6 start=30  error: 1 plat 4 at Assets/MyAssets/Shaders/Fog/FogPass.hlsl(11): implicit truncation of vector type
  error: 1 plat 4 at Assets/MyAssets/Shaders/Fog/FogPass.hlsl(41): integer modulus may be much slower, try using uints if possible.
  error: 1 plat 4 at Assets/MyAssets/Shaders/Fog/FogPass.hlsl(42): integer modulus may be much slower, try using uints if possible.
  error: 1 plat 4 at Assets/MyAssets/Shaders/Fog/FogPass.hlsl(44): integer modulus may be much slower, try using uints if possible.
  error: 1 plat 4 at Assets/MyAssets/Shaders/Fog/FogPass.hlsl(45): integer modulus may be much slower, try using uints if possible.
  error: 1 plat 4 at Assets/MyAssets/Shaders/Fog/FogPass.hlsl(46): integer modulus may be much slower, try using uints if possible.
 ok=1 outsize=3162



Cmd: compileSnippet
  insize=687 file=Assets/MyAssets/Shaders/Fog/FogShader.shader name=Custom/FogShader pass=FogPass ppOnly=0 stripLineD=0 buildPlatform=19 rsLen=0 pKW=UNITY_ENABLE_REFLECTION_BUFFERS UNITY_USE_DITHER_MASK_FOR_ALPHABLENDED_SHADOWS UNITY_PBS_USE_BRDF1 UNITY_SPECCUBE_BOX_PROJECTION UNITY_SPECCUBE_BLENDING UNITY_ENABLE_DETAIL_NORMALMAP SHADER_API_DESKTOP UNITY_LIGHT_PROBE_PROXY_VOLUME UNITY_LIGHTMAP_FULL_HDR UNITY_PLATFORM_SUPPORTS_DEPTH_FETCH uKW= dKW=UNITY_NO_DXT5nm UNITY_FRAMEBUFFER_FETCH_AVAILABLE UNITY_METAL_SHADOWS_USE_POINT_FILTERING UNITY_NO_SCREENSPACE_SHADOWS UNITY_PBS_USE_BRDF2 UNITY_PBS_USE_BRDF3 UNITY_HARDWARE_TIER1 UNITY_HARDWARE_TIER2 UNITY_HARDWARE_TIER3 UNITY_COLORSPACE_GAMMA UNITY_LIGHTMAP_DLDR_ENCODING UNITY_LIGHTMAP_RGBM_ENCODING UNITY_VIRTUAL_TEXTURING UNITY_PRETRANSFORM_TO_DISPLAY_ORIENTATION UNITY_ASTC_NORMALMAP_ENCODING SHADER_API_GLES30 SHADER_API_GLES31 SHADER_API_GLES32 UNITY_UNIFIED_SHADER_PRECISION_MODEL flags=0 lang=3 type=Vertex platform=d3d11 reqs=227 mask=6 start=30  error: 1 plat 4 at Assets/MyAssets/Shaders/Fog/FogPass.hlsl(11): implicit truncation of vector type
 ok=1 outsize=618



Cmd: compileSnippet
  insize=687 file=Assets/MyAssets/Shaders/Fog/FogShader.shader name=Custom/FogShader pass=FogPass ppOnly=0 stripLineD=0 buildPlatform=19 rsLen=0 pKW=UNITY_ENABLE_REFLECTION_BUFFERS UNITY_USE_DITHER_MASK_FOR_ALPHABLENDED_SHADOWS UNITY_PBS_USE_BRDF1 UNITY_SPECCUBE_BOX_PROJECTION UNITY_SPECCUBE_BLENDING UNITY_ENABLE_DETAIL_NORMALMAP SHADER_API_DESKTOP UNITY_LIGHT_PROBE_PROXY_VOLUME UNITY_LIGHTMAP_FULL_HDR UNITY_PLATFORM_SUPPORTS_DEPTH_FETCH uKW= dKW=UNITY_NO_DXT5nm UNITY_FRAMEBUFFER_FETCH_AVAILABLE UNITY_METAL_SHADOWS_USE_POINT_FILTERING UNITY_NO_SCREENSPACE_SHADOWS UNITY_PBS_USE_BRDF2 UNITY_PBS_USE_BRDF3 UNITY_HARDWARE_TIER1 UNITY_HARDWARE_TIER2 UNITY_HARDWARE_TIER3 UNITY_COLORSPACE_GAMMA UNITY_LIGHTMAP_DLDR_ENCODING UNITY_LIGHTMAP_RGBM_ENCODING UNITY_VIRTUAL_TEXTURING UNITY_PRETRANSFORM_TO_DISPLAY_ORIENTATION UNITY_ASTC_NORMALMAP_ENCODING SHADER_API_GLES30 SHADER_API_GLES31 SHADER_API_GLES32 UNITY_UNIFIED_SHADER_PRECISION_MODEL flags=0 lang=3 type=Vertex platform=d3d11 reqs=227 mask=6 start=30  error: 1 plat 4 at Assets/MyAssets/Shaders/Fog/FogPass.hlsl(11): implicit truncation of vector type
  error: 1 plat 4 at Assets/MyAssets/Shaders/Fog/FogPass.hlsl(71): 'Noise': implicit truncation of vector type
 ok=1 outsize=618


Cmd: compileSnippet
  insize=687 file=Assets/MyAssets/Shaders/Fog/FogShader.shader name=Custom/FogShader pass=FogPass ppOnly=0 stripLineD=0 buildPlatform=19 rsLen=0 pKW=UNITY_ENABLE_REFLECTION_BUFFERS UNITY_USE_DITHER_MASK_FOR_ALPHABLENDED_SHADOWS UNITY_PBS_USE_BRDF1 UNITY_SPECCUBE_BOX_PROJECTION UNITY_SPECCUBE_BLENDING UNITY_ENABLE_DETAIL_NORMALMAP SHADER_API_DESKTOP UNITY_LIGHT_PROBE_PROXY_VOLUME UNITY_LIGHTMAP_FULL_HDR UNITY_PLATFORM_SUPPORTS_DEPTH_FETCH uKW= dKW=UNITY_NO_DXT5nm UNITY_FRAMEBUFFER_FETCH_AVAILABLE UNITY_METAL_SHADOWS_USE_POINT_FILTERING UNITY_NO_SCREENSPACE_SHADOWS UNITY_PBS_USE_BRDF2 UNITY_PBS_USE_BRDF3 UNITY_HARDWARE_TIER1 UNITY_HARDWARE_TIER2 UNITY_HARDWARE_TIER3 UNITY_COLORSPACE_GAMMA UNITY_LIGHTMAP_DLDR_ENCODING UNITY_LIGHTMAP_RGBM_ENCODING UNITY_VIRTUAL_TEXTURING UNITY_PRETRANSFORM_TO_DISPLAY_ORIENTATION UNITY_ASTC_NORMALMAP_ENCODING SHADER_API_GLES30 SHADER_API_GLES31 SHADER_API_GLES32 UNITY_UNIFIED_SHADER_PRECISION_MODEL flags=0 lang=3 type=Fragment platform=d3d11 reqs=227 mask=6 start=30  error: 1 plat 4 at Assets/MyAssets/Shaders/Fog/FogPass.hlsl(11): implicit truncation of vector type
  error: 1 plat 4 at Assets/MyAssets/Shaders/Fog/FogPass.hlsl(41): integer modulus may be much slower, try using uints if possible.
  error: 1 plat 4 at Assets/MyAssets/Shaders/Fog/FogPass.hlsl(42): integer modulus may be much slower, try using uints if possible.
  error: 1 plat 4 at Assets/MyAssets/Shaders/Fog/FogPass.hlsl(44): integer modulus may be much slower, try using uints if possible.
  error: 1 plat 4 at Assets/MyAssets/Shaders/Fog/FogPass.hlsl(45): integer modulus may be much slower, try using uints if possible.
  error: 1 plat 4 at Assets/MyAssets/Shaders/Fog/FogPass.hlsl(46): integer modulus may be much slower, try using uints if possible.
  error: 1 plat 4 at Assets/MyAssets/Shaders/Fog/FogPass.hlsl(72): 'Noise': implicit truncation of vector type
 ok=1 outsize=3670


Cmd: compileSnippet
  insize=687 file=Assets/MyAssets/Shaders/Fog/FogShader.shader name=Custom/FogShader pass=FogPass ppOnly=0 stripLineD=0 buildPlatform=19 rsLen=0 pKW=UNITY_ENABLE_REFLECTION_BUFFERS UNITY_USE_DITHER_MASK_FOR_ALPHABLENDED_SHADOWS UNITY_PBS_USE_BRDF1 UNITY_SPECCUBE_BOX_PROJECTION UNITY_SPECCUBE_BLENDING UNITY_ENABLE_DETAIL_NORMALMAP SHADER_API_DESKTOP UNITY_LIGHT_PROBE_PROXY_VOLUME UNITY_LIGHTMAP_FULL_HDR UNITY_PLATFORM_SUPPORTS_DEPTH_FETCH uKW= dKW=UNITY_NO_DXT5nm UNITY_FRAMEBUFFER_FETCH_AVAILABLE UNITY_METAL_SHADOWS_USE_POINT_FILTERING UNITY_NO_SCREENSPACE_SHADOWS UNITY_PBS_USE_BRDF2 UNITY_PBS_USE_BRDF3 UNITY_HARDWARE_TIER1 UNITY_HARDWARE_TIER2 UNITY_HARDWARE_TIER3 UNITY_COLORSPACE_GAMMA UNITY_LIGHTMAP_DLDR_ENCODING UNITY_LIGHTMAP_RGBM_ENCODING UNITY_VIRTUAL_TEXTURING UNITY_PRETRANSFORM_TO_DISPLAY_ORIENTATION UNITY_ASTC_NORMALMAP_ENCODING SHADER_API_GLES30 SHADER_API_GLES31 SHADER_API_GLES32 UNITY_UNIFIED_SHADER_PRECISION_MODEL flags=0 lang=3 type=Fragment platform=d3d11 reqs=227 mask=6 start=30  error: 1 plat 4 at Assets/MyAssets/Shaders/Fog/FogPass.hlsl(11): implicit truncation of vector type
  error: 1 plat 4 at Assets/MyAssets/Shaders/Fog/FogPass.hlsl(41): integer modulus may be much slower, try using uints if possible.
  error: 1 plat 4 at Assets/MyAssets/Shaders/Fog/FogPass.hlsl(42): integer modulus may be much slower, try using uints if possible.
  error: 1 plat 4 at Assets/MyAssets/Shaders/Fog/FogPass.hlsl(44): integer modulus may be much slower, try using uints if possible.
  error: 1 plat 4 at Assets/MyAssets/Shaders/Fog/FogPass.hlsl(45): integer modulus may be much slower, try using uints if possible.
  error: 1 plat 4 at Assets/MyAssets/Shaders/Fog/FogPass.hlsl(46): integer modulus may be much slower, try using uints if possible.
 ok=1 outsize=3670


Cmd: compileSnippet
  insize=687 file=Assets/MyAssets/Shaders/Fog/FogShader.shader name=Custom/FogShader pass=FogPass ppOnly=0 stripLineD=0 buildPlatform=19 rsLen=0 pKW=UNITY_ENABLE_REFLECTION_BUFFERS UNITY_USE_DITHER_MASK_FOR_ALPHABLENDED_SHADOWS UNITY_PBS_USE_BRDF1 UNITY_SPECCUBE_BOX_PROJECTION UNITY_SPECCUBE_BLENDING UNITY_ENABLE_DETAIL_NORMALMAP SHADER_API_DESKTOP UNITY_LIGHT_PROBE_PROXY_VOLUME UNITY_LIGHTMAP_FULL_HDR UNITY_PLATFORM_SUPPORTS_DEPTH_FETCH uKW= dKW=UNITY_NO_DXT5nm UNITY_FRAMEBUFFER_FETCH_AVAILABLE UNITY_METAL_SHADOWS_USE_POINT_FILTERING UNITY_NO_SCREENSPACE_SHADOWS UNITY_PBS_USE_BRDF2 UNITY_PBS_USE_BRDF3 UNITY_HARDWARE_TIER1 UNITY_HARDWARE_TIER2 UNITY_HARDWARE_TIER3 UNITY_COLORSPACE_GAMMA UNITY_LIGHTMAP_DLDR_ENCODING UNITY_LIGHTMAP_RGBM_ENCODING UNITY_VIRTUAL_TEXTURING UNITY_PRETRANSFORM_TO_DISPLAY_ORIENTATION UNITY_ASTC_NORMALMAP_ENCODING SHADER_API_GLES30 SHADER_API_GLES31 SHADER_API_GLES32 UNITY_UNIFIED_SHADER_PRECISION_MODEL flags=0 lang=3 type=Fragment platform=d3d11 reqs=227 mask=6 start=30  error: 1 plat 4 at Assets/MyAssets/Shaders/Fog/FogPass.hlsl(11): implicit truncation of vector type
  error: 1 plat 4 at Assets/MyAssets/Shaders/Fog/FogPass.hlsl(41): integer modulus may be much slower, try using uints if possible.
  error: 1 plat 4 at Assets/MyAssets/Shaders/Fog/FogPass.hlsl(42): integer modulus may be much slower, try using uints if possible.
  error: 1 plat 4 at Assets/MyAssets/Shaders/Fog/FogPass.hlsl(44): integer modulus may be much slower, try using uints if possible.
  error: 1 plat 4 at Assets/MyAssets/Shaders/Fog/FogPass.hlsl(45): integer modulus may be much slower, try using uints if possible.
  error: 1 plat 4 at Assets/MyAssets/Shaders/Fog/FogPass.hlsl(46): integer modulus may be much slower, try using uints if possible.
 ok=1 outsize=3706


Cmd: compileSnippet
  insize=687 file=Assets/MyAssets/Shaders/Fog/FogShader.shader name=Custom/FogShader pass=FogPass ppOnly=0 stripLineD=0 buildPlatform=19 rsLen=0 pKW=UNITY_ENABLE_REFLECTION_BUFFERS UNITY_USE_DITHER_MASK_FOR_ALPHABLENDED_SHADOWS UNITY_PBS_USE_BRDF1 UNITY_SPECCUBE_BOX_PROJECTION UNITY_SPECCUBE_BLENDING UNITY_ENABLE_DETAIL_NORMALMAP SHADER_API_DESKTOP UNITY_LIGHT_PROBE_PROXY_VOLUME UNITY_LIGHTMAP_FULL_HDR UNITY_PLATFORM_SUPPORTS_DEPTH_FETCH uKW= dKW=UNITY_NO_DXT5nm UNITY_FRAMEBUFFER_FETCH_AVAILABLE UNITY_METAL_SHADOWS_USE_POINT_FILTERING UNITY_NO_SCREENSPACE_SHADOWS UNITY_PBS_USE_BRDF2 UNITY_PBS_USE_BRDF3 UNITY_HARDWARE_TIER1 UNITY_HARDWARE_TIER2 UNITY_HARDWARE_TIER3 UNITY_COLORSPACE_GAMMA UNITY_LIGHTMAP_DLDR_ENCODING UNITY_LIGHTMAP_RGBM_ENCODING UNITY_VIRTUAL_TEXTURING UNITY_PRETRANSFORM_TO_DISPLAY_ORIENTATION UNITY_ASTC_NORMALMAP_ENCODING SHADER_API_GLES30 SHADER_API_GLES31 SHADER_API_GLES32 UNITY_UNIFIED_SHADER_PRECISION_MODEL flags=0 lang=3 type=Fragment platform=d3d11 reqs=227 mask=6 start=30  error: 1 plat 4 at Assets/MyAssets/Shaders/Fog/FogPass.hlsl(11): implicit truncation of vector type
  error: 1 plat 4 at Assets/MyAssets/Shaders/Fog/FogPass.hlsl(41): integer modulus may be much slower, try using uints if possible.
  error: 1 plat 4 at Assets/MyAssets/Shaders/Fog/FogPass.hlsl(42): integer modulus may be much slower, try using uints if possible.
  error: 1 plat 4 at Assets/MyAssets/Shaders/Fog/FogPass.hlsl(44): integer modulus may be much slower, try using uints if possible.
  error: 1 plat 4 at Assets/MyAssets/Shaders/Fog/FogPass.hlsl(45): integer modulus may be much slower, try using uints if possible.
  error: 1 plat 4 at Assets/MyAssets/Shaders/Fog/FogPass.hlsl(46): integer modulus may be much slower, try using uints if possible.
 ok=1 outsize=3678


Cmd: compileSnippet
  insize=687 file=Assets/MyAssets/Shaders/Fog/FogShader.shader name=Custom/FogShader pass=FogPass ppOnly=0 stripLineD=0 buildPlatform=19 rsLen=0 pKW=UNITY_ENABLE_REFLECTION_BUFFERS UNITY_USE_DITHER_MASK_FOR_ALPHABLENDED_SHADOWS UNITY_PBS_USE_BRDF1 UNITY_SPECCUBE_BOX_PROJECTION UNITY_SPECCUBE_BLENDING UNITY_ENABLE_DETAIL_NORMALMAP SHADER_API_DESKTOP UNITY_LIGHT_PROBE_PROXY_VOLUME UNITY_LIGHTMAP_FULL_HDR UNITY_PLATFORM_SUPPORTS_DEPTH_FETCH uKW= dKW=UNITY_NO_DXT5nm UNITY_FRAMEBUFFER_FETCH_AVAILABLE UNITY_METAL_SHADOWS_USE_POINT_FILTERING UNITY_NO_SCREENSPACE_SHADOWS UNITY_PBS_USE_BRDF2 UNITY_PBS_USE_BRDF3 UNITY_HARDWARE_TIER1 UNITY_HARDWARE_TIER2 UNITY_HARDWARE_TIER3 UNITY_COLORSPACE_GAMMA UNITY_LIGHTMAP_DLDR_ENCODING UNITY_LIGHTMAP_RGBM_ENCODING UNITY_VIRTUAL_TEXTURING UNITY_PRETRANSFORM_TO_DISPLAY_ORIENTATION UNITY_ASTC_NORMALMAP_ENCODING SHADER_API_GLES30 SHADER_API_GLES31 SHADER_API_GLES32 UNITY_UNIFIED_SHADER_PRECISION_MODEL flags=0 lang=3 type=Fragment platform=d3d11 reqs=227 mask=6 start=30  error: 1 plat 4 at Assets/MyAssets/Shaders/Fog/FogPass.hlsl(11): implicit truncation of vector type
  error: 1 plat 4 at Assets/MyAssets/Shaders/Fog/FogPass.hlsl(41): integer modulus may be much slower, try using uints if possible.
  error: 1 plat 4 at Assets/MyAssets/Shaders/Fog/FogPass.hlsl(42): integer modulus may be much slower, try using uints if possible.
  error: 1 plat 4 at Assets/MyAssets/Shaders/Fog/FogPass.hlsl(44): integer modulus may be much slower, try using uints if possible.
  error: 1 plat 4 at Assets/MyAssets/Shaders/Fog/FogPass.hlsl(45): integer modulus may be much slower, try using uints if possible.
  error: 1 plat 4 at Assets/MyAssets/Shaders/Fog/FogPass.hlsl(46): integer modulus may be much slower, try using uints if possible.
 ok=1 outsize=3718


Cmd: compileSnippet
  insize=687 file=Assets/MyAssets/Shaders/Fog/FogShader.shader name=Custom/FogShader pass=FogPass ppOnly=0 stripLineD=0 buildPlatform=19 rsLen=0 pKW=UNITY_ENABLE_REFLECTION_BUFFERS UNITY_USE_DITHER_MASK_FOR_ALPHABLENDED_SHADOWS UNITY_PBS_USE_BRDF1 UNITY_SPECCUBE_BOX_PROJECTION UNITY_SPECCUBE_BLENDING UNITY_ENABLE_DETAIL_NORMALMAP SHADER_API_DESKTOP UNITY_LIGHT_PROBE_PROXY_VOLUME UNITY_LIGHTMAP_FULL_HDR UNITY_PLATFORM_SUPPORTS_DEPTH_FETCH uKW= dKW=UNITY_NO_DXT5nm UNITY_FRAMEBUFFER_FETCH_AVAILABLE UNITY_METAL_SHADOWS_USE_POINT_FILTERING UNITY_NO_SCREENSPACE_SHADOWS UNITY_PBS_USE_BRDF2 UNITY_PBS_USE_BRDF3 UNITY_HARDWARE_TIER1 UNITY_HARDWARE_TIER2 UNITY_HARDWARE_TIER3 UNITY_COLORSPACE_GAMMA UNITY_LIGHTMAP_DLDR_ENCODING UNITY_LIGHTMAP_RGBM_ENCODING UNITY_VIRTUAL_TEXTURING UNITY_PRETRANSFORM_TO_DISPLAY_ORIENTATION UNITY_ASTC_NORMALMAP_ENCODING SHADER_API_GLES30 SHADER_API_GLES31 SHADER_API_GLES32 UNITY_UNIFIED_SHADER_PRECISION_MODEL flags=0 lang=3 type=Fragment platform=d3d11 reqs=227 mask=6 start=30  error: 1 plat 4 at Assets/MyAssets/Shaders/Fog/FogPass.hlsl(11): implicit truncation of vector type
  error: 1 plat 4 at Assets/MyAssets/Shaders/Fog/FogPass.hlsl(41): integer modulus may be much slower, try using uints if possible.
  error: 1 plat 4 at Assets/MyAssets/Shaders/Fog/FogPass.hlsl(42): integer modulus may be much slower, try using uints if possible.
  error: 1 plat 4 at Assets/MyAssets/Shaders/Fog/FogPass.hlsl(44): integer modulus may be much slower, try using uints if possible.
  error: 1 plat 4 at Assets/MyAssets/Shaders/Fog/FogPass.hlsl(45): integer modulus may be much slower, try using uints if possible.
  error: 1 plat 4 at Assets/MyAssets/Shaders/Fog/FogPass.hlsl(46): integer modulus may be much slower, try using uints if possible.
 ok=1 outsize=3322


Cmd: compileSnippet
  insize=687 file=Assets/MyAssets/Shaders/Fog/FogShader.shader name=Custom/FogShader pass=FogPass ppOnly=0 stripLineD=0 buildPlatform=19 rsLen=0 pKW=UNITY_ENABLE_REFLECTION_BUFFERS UNITY_USE_DITHER_MASK_FOR_ALPHABLENDED_SHADOWS UNITY_PBS_USE_BRDF1 UNITY_SPECCUBE_BOX_PROJECTION UNITY_SPECCUBE_BLENDING UNITY_ENABLE_DETAIL_NORMALMAP SHADER_API_DESKTOP UNITY_LIGHT_PROBE_PROXY_VOLUME UNITY_LIGHTMAP_FULL_HDR UNITY_PLATFORM_SUPPORTS_DEPTH_FETCH uKW= dKW=UNITY_NO_DXT5nm UNITY_FRAMEBUFFER_FETCH_AVAILABLE UNITY_METAL_SHADOWS_USE_POINT_FILTERING UNITY_NO_SCREENSPACE_SHADOWS UNITY_PBS_USE_BRDF2 UNITY_PBS_USE_BRDF3 UNITY_HARDWARE_TIER1 UNITY_HARDWARE_TIER2 UNITY_HARDWARE_TIER3 UNITY_COLORSPACE_GAMMA UNITY_LIGHTMAP_DLDR_ENCODING UNITY_LIGHTMAP_RGBM_ENCODING UNITY_VIRTUAL_TEXTURING UNITY_PRETRANSFORM_TO_DISPLAY_ORIENTATION UNITY_ASTC_NORMALMAP_ENCODING SHADER_API_GLES30 SHADER_API_GLES31 SHADER_API_GLES32 UNITY_UNIFIED_SHADER_PRECISION_MODEL flags=0 lang=3 type=Fragment platform=d3d11 reqs=227 mask=6 start=30  error: 1 plat 4 at Assets/MyAssets/Shaders/Fog/FogPass.hlsl(11): implicit truncation of vector type
  error: 1 plat 4 at Assets/MyAssets/Shaders/Fog/FogPass.hlsl(41): integer modulus may be much slower, try using uints if possible.
  error: 1 plat 4 at Assets/MyAssets/Shaders/Fog/FogPass.hlsl(42): integer modulus may be much slower, try using uints if possible.
  error: 1 plat 4 at Assets/MyAssets/Shaders/Fog/FogPass.hlsl(44): integer modulus may be much slower, try using uints if possible.
  error: 1 plat 4 at Assets/MyAssets/Shaders/Fog/FogPass.hlsl(45): integer modulus may be much slower, try using uints if possible.
  error: 1 plat 4 at Assets/MyAssets/Shaders/Fog/FogPass.hlsl(46): integer modulus may be much slower, try using uints if possible.
 ok=1 outsize=3322


Cmd: compileSnippet
  insize=687 file=Assets/MyAssets/Shaders/Fog/FogShader.shader name=Custom/FogShader pass=FogPass ppOnly=0 stripLineD=0 buildPlatform=19 rsLen=0 pKW=UNITY_ENABLE_REFLECTION_BUFFERS UNITY_USE_DITHER_MASK_FOR_ALPHABLENDED_SHADOWS UNITY_PBS_USE_BRDF1 UNITY_SPECCUBE_BOX_PROJECTION UNITY_SPECCUBE_BLENDING UNITY_ENABLE_DETAIL_NORMALMAP SHADER_API_DESKTOP UNITY_LIGHT_PROBE_PROXY_VOLUME UNITY_LIGHTMAP_FULL_HDR UNITY_PLATFORM_SUPPORTS_DEPTH_FETCH uKW= dKW=UNITY_NO_DXT5nm UNITY_FRAMEBUFFER_FETCH_AVAILABLE UNITY_METAL_SHADOWS_USE_POINT_FILTERING UNITY_NO_SCREENSPACE_SHADOWS UNITY_PBS_USE_BRDF2 UNITY_PBS_USE_BRDF3 UNITY_HARDWARE_TIER1 UNITY_HARDWARE_TIER2 UNITY_HARDWARE_TIER3 UNITY_COLORSPACE_GAMMA UNITY_LIGHTMAP_DLDR_ENCODING UNITY_LIGHTMAP_RGBM_ENCODING UNITY_VIRTUAL_TEXTURING UNITY_PRETRANSFORM_TO_DISPLAY_ORIENTATION UNITY_ASTC_NORMALMAP_ENCODING SHADER_API_GLES30 SHADER_API_GLES31 SHADER_API_GLES32 UNITY_UNIFIED_SHADER_PRECISION_MODEL flags=0 lang=3 type=Fragment platform=d3d11 reqs=227 mask=6 start=30  error: 1 plat 4 at Assets/MyAssets/Shaders/Fog/FogPass.hlsl(11): implicit truncation of vector type
  error: 1 plat 4 at Assets/MyAssets/Shaders/Fog/FogPass.hlsl(41): integer modulus may be much slower, try using uints if possible.
  error: 1 plat 4 at Assets/MyAssets/Shaders/Fog/FogPass.hlsl(42): integer modulus may be much slower, try using uints if possible.
  error: 1 plat 4 at Assets/MyAssets/Shaders/Fog/FogPass.hlsl(44): integer modulus may be much slower, try using uints if possible.
  error: 1 plat 4 at Assets/MyAssets/Shaders/Fog/FogPass.hlsl(45): integer modulus may be much slower, try using uints if possible.
  error: 1 plat 4 at Assets/MyAssets/Shaders/Fog/FogPass.hlsl(46): integer modulus may be much slower, try using uints if possible.
 ok=1 outsize=3322



Cmd: compileSnippet
  insize=687 file=Assets/MyAssets/Shaders/Fog/FogShader.shader name=Custom/FogShader pass=FogPass ppOnly=0 stripLineD=0 buildPlatform=19 rsLen=0 pKW=UNITY_ENABLE_REFLECTION_BUFFERS UNITY_USE_DITHER_MASK_FOR_ALPHABLENDED_SHADOWS UNITY_PBS_USE_BRDF1 UNITY_SPECCUBE_BOX_PROJECTION UNITY_SPECCUBE_BLENDING UNITY_ENABLE_DETAIL_NORMALMAP SHADER_API_DESKTOP UNITY_LIGHT_PROBE_PROXY_VOLUME UNITY_LIGHTMAP_FULL_HDR UNITY_PLATFORM_SUPPORTS_DEPTH_FETCH uKW= dKW=UNITY_NO_DXT5nm UNITY_FRAMEBUFFER_FETCH_AVAILABLE UNITY_METAL_SHADOWS_USE_POINT_FILTERING UNITY_NO_SCREENSPACE_SHADOWS UNITY_PBS_USE_BRDF2 UNITY_PBS_USE_BRDF3 UNITY_HARDWARE_TIER1 UNITY_HARDWARE_TIER2 UNITY_HARDWARE_TIER3 UNITY_COLORSPACE_GAMMA UNITY_LIGHTMAP_DLDR_ENCODING UNITY_LIGHTMAP_RGBM_ENCODING UNITY_VIRTUAL_TEXTURING UNITY_PRETRANSFORM_TO_DISPLAY_ORIENTATION UNITY_ASTC_NORMALMAP_ENCODING SHADER_API_GLES30 SHADER_API_GLES31 SHADER_API_GLES32 UNITY_UNIFIED_SHADER_PRECISION_MODEL flags=0 lang=3 type=Fragment platform=d3d11 reqs=227 mask=6 start=29  error: 1 plat 4 at Assets/MyAssets/Shaders/Fog/FogPass.hlsl(11): implicit truncation of vector type
  error: 1 plat 4 at Assets/MyAssets/Shaders/Fog/FogPass.hlsl(40): integer modulus may be much slower, try using uints if possible.
  error: 1 plat 4 at Assets/MyAssets/Shaders/Fog/FogPass.hlsl(41): integer modulus may be much slower, try using uints if possible.
  error: 1 plat 4 at Assets/MyAssets/Shaders/Fog/FogPass.hlsl(43): integer modulus may be much slower, try using uints if possible.
  error: 1 plat 4 at Assets/MyAssets/Shaders/Fog/FogPass.hlsl(44): integer modulus may be much slower, try using uints if possible.
  error: 1 plat 4 at Assets/MyAssets/Shaders/Fog/FogPass.hlsl(45): integer modulus may be much slower, try using uints if possible.
 ok=1 outsize=5298

Cmd: compileSnippet
  insize=687 file=Assets/MyAssets/Shaders/Fog/FogShader.shader name=Custom/FogShader pass=FogPass ppOnly=0 stripLineD=0 buildPlatform=19 rsLen=0 pKW=UNITY_ENABLE_REFLECTION_BUFFERS UNITY_USE_DITHER_MASK_FOR_ALPHABLENDED_SHADOWS UNITY_PBS_USE_BRDF1 UNITY_SPECCUBE_BOX_PROJECTION UNITY_SPECCUBE_BLENDING UNITY_ENABLE_DETAIL_NORMALMAP SHADER_API_DESKTOP UNITY_LIGHT_PROBE_PROXY_VOLUME UNITY_LIGHTMAP_FULL_HDR UNITY_PLATFORM_SUPPORTS_DEPTH_FETCH uKW= dKW=UNITY_NO_DXT5nm UNITY_FRAMEBUFFER_FETCH_AVAILABLE UNITY_METAL_SHADOWS_USE_POINT_FILTERING UNITY_NO_SCREENSPACE_SHADOWS UNITY_PBS_USE_BRDF2 UNITY_PBS_USE_BRDF3 UNITY_HARDWARE_TIER1 UNITY_HARDWARE_TIER2 UNITY_HARDWARE_TIER3 UNITY_COLORSPACE_GAMMA UNITY_LIGHTMAP_DLDR_ENCODING UNITY_LIGHTMAP_RGBM_ENCODING UNITY_VIRTUAL_TEXTURING UNITY_PRETRANSFORM_TO_DISPLAY_ORIENTATION UNITY_ASTC_NORMALMAP_ENCODING SHADER_API_GLES30 SHADER_API_GLES31 SHADER_API_GLES32 UNITY_UNIFIED_SHADER_PRECISION_MODEL flags=0 lang=3 type=Fragment platform=d3d11 reqs=227 mask=6 start=30  error: 1 plat 4 at Assets/MyAssets/Shaders/Fog/FogPass.hlsl(11): implicit truncation of vector type
  error: 1 plat 4 at Assets/MyAssets/Shaders/Fog/FogPass.hlsl(40): integer modulus may be much slower, try using uints if possible.
  error: 1 plat 4 at Assets/MyAssets/Shaders/Fog/FogPass.hlsl(41): integer modulus may be much slower, try using uints if possible.
  error: 1 plat 4 at Assets/MyAssets/Shaders/Fog/FogPass.hlsl(43): integer modulus may be much slower, try using uints if possible.
  error: 1 plat 4 at Assets/MyAssets/Shaders/Fog/FogPass.hlsl(44): integer modulus may be much slower, try using uints if possible.
  error: 1 plat 4 at Assets/MyAssets/Shaders/Fog/FogPass.hlsl(45): integer modulus may be much slower, try using uints if possible.
 ok=1 outsize=5298


Cmd: compileSnippet
  insize=687 file=Assets/MyAssets/Shaders/Fog/FogShader.shader name=Custom/FogShader pass=FogPass ppOnly=0 stripLineD=0 buildPlatform=19 rsLen=0 pKW=UNITY_ENABLE_REFLECTION_BUFFERS UNITY_USE_DITHER_MASK_FOR_ALPHABLENDED_SHADOWS UNITY_PBS_USE_BRDF1 UNITY_SPECCUBE_BOX_PROJECTION UNITY_SPECCUBE_BLENDING UNITY_ENABLE_DETAIL_NORMALMAP SHADER_API_DESKTOP UNITY_LIGHT_PROBE_PROXY_VOLUME UNITY_LIGHTMAP_FULL_HDR UNITY_PLATFORM_SUPPORTS_DEPTH_FETCH uKW= dKW=UNITY_NO_DXT5nm UNITY_FRAMEBUFFER_FETCH_AVAILABLE UNITY_METAL_SHADOWS_USE_POINT_FILTERING UNITY_NO_SCREENSPACE_SHADOWS UNITY_PBS_USE_BRDF2 UNITY_PBS_USE_BRDF3 UNITY_HARDWARE_TIER1 UNITY_HARDWARE_TIER2 UNITY_HARDWARE_TIER3 UNITY_COLORSPACE_GAMMA UNITY_LIGHTMAP_DLDR_ENCODING UNITY_LIGHTMAP_RGBM_ENCODING UNITY_VIRTUAL_TEXTURING UNITY_PRETRANSFORM_TO_DISPLAY_ORIENTATION UNITY_ASTC_NORMALMAP_ENCODING SHADER_API_GLES30 SHADER_API_GLES31 SHADER_API_GLES32 UNITY_UNIFIED_SHADER_PRECISION_MODEL flags=0 lang=3 type=Fragment platform=d3d11 reqs=227 mask=6 start=30  error: 1 plat 4 at Assets/MyAssets/Shaders/Fog/FogPass.hlsl(11): implicit truncation of vector type
  error: 1 plat 4 at Assets/MyAssets/Shaders/Fog/FogPass.hlsl(40): integer modulus may be much slower, try using uints if possible.
  error: 1 plat 4 at Assets/MyAssets/Shaders/Fog/FogPass.hlsl(41): integer modulus may be much slower, try using uints if possible.
  error: 1 plat 4 at Assets/MyAssets/Shaders/Fog/FogPass.hlsl(43): integer modulus may be much slower, try using uints if possible.
  error: 1 plat 4 at Assets/MyAssets/Shaders/Fog/FogPass.hlsl(44): integer modulus may be much slower, try using uints if possible.
  error: 1 plat 4 at Assets/MyAssets/Shaders/Fog/FogPass.hlsl(45): integer modulus may be much slower, try using uints if possible.
 ok=1 outsize=5310


Cmd: compileSnippet
  insize=687 file=Assets/MyAssets/Shaders/Fog/FogShader.shader name=Custom/FogShader pass=FogPass ppOnly=0 stripLineD=0 buildPlatform=19 rsLen=0 pKW=UNITY_ENABLE_REFLECTION_BUFFERS UNITY_USE_DITHER_MASK_FOR_ALPHABLENDED_SHADOWS UNITY_PBS_USE_BRDF1 UNITY_SPECCUBE_BOX_PROJECTION UNITY_SPECCUBE_BLENDING UNITY_ENABLE_DETAIL_NORMALMAP SHADER_API_DESKTOP UNITY_LIGHT_PROBE_PROXY_VOLUME UNITY_LIGHTMAP_FULL_HDR UNITY_PLATFORM_SUPPORTS_DEPTH_FETCH uKW= dKW=UNITY_NO_DXT5nm UNITY_FRAMEBUFFER_FETCH_AVAILABLE UNITY_METAL_SHADOWS_USE_POINT_FILTERING UNITY_NO_SCREENSPACE_SHADOWS UNITY_PBS_USE_BRDF2 UNITY_PBS_USE_BRDF3 UNITY_HARDWARE_TIER1 UNITY_HARDWARE_TIER2 UNITY_HARDWARE_TIER3 UNITY_COLORSPACE_GAMMA UNITY_LIGHTMAP_DLDR_ENCODING UNITY_LIGHTMAP_RGBM_ENCODING UNITY_VIRTUAL_TEXTURING UNITY_PRETRANSFORM_TO_DISPLAY_ORIENTATION UNITY_ASTC_NORMALMAP_ENCODING SHADER_API_GLES30 SHADER_API_GLES31 SHADER_API_GLES32 UNITY_UNIFIED_SHADER_PRECISION_MODEL flags=0 lang=3 type=Fragment platform=d3d11 reqs=227 mask=6 start=30  error: 1 plat 4 at Assets/MyAssets/Shaders/Fog/FogPass.hlsl(11): implicit truncation of vector type
  error: 1 plat 4 at Assets/MyAssets/Shaders/Fog/FogPass.hlsl(40): integer modulus may be much slower, try using uints if possible.
  error: 1 plat 4 at Assets/MyAssets/Shaders/Fog/FogPass.hlsl(41): integer modulus may be much slower, try using uints if possible.
  error: 1 plat 4 at Assets/MyAssets/Shaders/Fog/FogPass.hlsl(43): integer modulus may be much slower, try using uints if possible.
  error: 1 plat 4 at Assets/MyAssets/Shaders/Fog/FogPass.hlsl(44): integer modulus may be much slower, try using uints if possible.
  error: 1 plat 4 at Assets/MyAssets/Shaders/Fog/FogPass.hlsl(45): integer modulus may be much slower, try using uints if possible.
 ok=1 outsize=5310


Cmd: compileSnippet
  insize=687 file=Assets/MyAssets/Shaders/Fog/FogShader.shader name=Custom/FogShader pass=FogPass ppOnly=0 stripLineD=0 buildPlatform=19 rsLen=0 pKW=UNITY_ENABLE_REFLECTION_BUFFERS UNITY_USE_DITHER_MASK_FOR_ALPHABLENDED_SHADOWS UNITY_PBS_USE_BRDF1 UNITY_SPECCUBE_BOX_PROJECTION UNITY_SPECCUBE_BLENDING UNITY_ENABLE_DETAIL_NORMALMAP SHADER_API_DESKTOP UNITY_LIGHT_PROBE_PROXY_VOLUME UNITY_LIGHTMAP_FULL_HDR UNITY_PLATFORM_SUPPORTS_DEPTH_FETCH uKW= dKW=UNITY_NO_DXT5nm UNITY_FRAMEBUFFER_FETCH_AVAILABLE UNITY_METAL_SHADOWS_USE_POINT_FILTERING UNITY_NO_SCREENSPACE_SHADOWS UNITY_PBS_USE_BRDF2 UNITY_PBS_USE_BRDF3 UNITY_HARDWARE_TIER1 UNITY_HARDWARE_TIER2 UNITY_HARDWARE_TIER3 UNITY_COLORSPACE_GAMMA UNITY_LIGHTMAP_DLDR_ENCODING UNITY_LIGHTMAP_RGBM_ENCODING UNITY_VIRTUAL_TEXTURING UNITY_PRETRANSFORM_TO_DISPLAY_ORIENTATION UNITY_ASTC_NORMALMAP_ENCODING SHADER_API_GLES30 SHADER_API_GLES31 SHADER_API_GLES32 UNITY_UNIFIED_SHADER_PRECISION_MODEL flags=0 lang=3 type=Fragment platform=d3d11 reqs=227 mask=6 start=30  error: 1 plat 4 at Assets/MyAssets/Shaders/Fog/FogPass.hlsl(11): implicit truncation of vector type
  error: 1 plat 4 at Assets/MyAssets/Shaders/Fog/FogPass.hlsl(40): integer modulus may be much slower, try using uints if possible.
  error: 1 plat 4 at Assets/MyAssets/Shaders/Fog/FogPass.hlsl(41): integer modulus may be much slower, try using uints if possible.
  error: 1 plat 4 at Assets/MyAssets/Shaders/Fog/FogPass.hlsl(43): integer modulus may be much slower, try using uints if possible.
  error: 1 plat 4 at Assets/MyAssets/Shaders/Fog/FogPass.hlsl(44): integer modulus may be much slower, try using uints if possible.
  error: 1 plat 4 at Assets/MyAssets/Shaders/Fog/FogPass.hlsl(45): integer modulus may be much slower, try using uints if possible.
 ok=1 outsize=5310


Cmd: compileSnippet
  insize=687 file=Assets/MyAssets/Shaders/Fog/FogShader.shader name=Custom/FogShader pass=FogPass ppOnly=0 stripLineD=0 buildPlatform=19 rsLen=0 pKW=UNITY_ENABLE_REFLECTION_BUFFERS UNITY_USE_DITHER_MASK_FOR_ALPHABLENDED_SHADOWS UNITY_PBS_USE_BRDF1 UNITY_SPECCUBE_BOX_PROJECTION UNITY_SPECCUBE_BLENDING UNITY_ENABLE_DETAIL_NORMALMAP SHADER_API_DESKTOP UNITY_LIGHT_PROBE_PROXY_VOLUME UNITY_LIGHTMAP_FULL_HDR UNITY_PLATFORM_SUPPORTS_DEPTH_FETCH uKW= dKW=UNITY_NO_DXT5nm UNITY_FRAMEBUFFER_FETCH_AVAILABLE UNITY_METAL_SHADOWS_USE_POINT_FILTERING UNITY_NO_SCREENSPACE_SHADOWS UNITY_PBS_USE_BRDF2 UNITY_PBS_USE_BRDF3 UNITY_HARDWARE_TIER1 UNITY_HARDWARE_TIER2 UNITY_HARDWARE_TIER3 UNITY_COLORSPACE_GAMMA UNITY_LIGHTMAP_DLDR_ENCODING UNITY_LIGHTMAP_RGBM_ENCODING UNITY_VIRTUAL_TEXTURING UNITY_PRETRANSFORM_TO_DISPLAY_ORIENTATION UNITY_ASTC_NORMALMAP_ENCODING SHADER_API_GLES30 SHADER_API_GLES31 SHADER_API_GLES32 UNITY_UNIFIED_SHADER_PRECISION_MODEL flags=0 lang=3 type=Fragment platform=d3d11 reqs=227 mask=6 start=30  error: 1 plat 4 at Assets/MyAssets/Shaders/Fog/FogPass.hlsl(11): implicit truncation of vector type
  error: 1 plat 4 at Assets/MyAssets/Shaders/Fog/FogPass.hlsl(40): integer modulus may be much slower, try using uints if possible.
  error: 1 plat 4 at Assets/MyAssets/Shaders/Fog/FogPass.hlsl(41): integer modulus may be much slower, try using uints if possible.
  error: 1 plat 4 at Assets/MyAssets/Shaders/Fog/FogPass.hlsl(43): integer modulus may be much slower, try using uints if possible.
  error: 1 plat 4 at Assets/MyAssets/Shaders/Fog/FogPass.hlsl(44): integer modulus may be much slower, try using uints if possible.
  error: 1 plat 4 at Assets/MyAssets/Shaders/Fog/FogPass.hlsl(45): integer modulus may be much slower, try using uints if possible.
 ok=1 outsize=5310


Cmd: compileSnippet
  insize=687 file=Assets/MyAssets/Shaders/Fog/FogShader.shader name=Custom/FogShader pass=FogPass ppOnly=0 stripLineD=0 buildPlatform=19 rsLen=0 pKW=UNITY_ENABLE_REFLECTION_BUFFERS UNITY_USE_DITHER_MASK_FOR_ALPHABLENDED_SHADOWS UNITY_PBS_USE_BRDF1 UNITY_SPECCUBE_BOX_PROJECTION UNITY_SPECCUBE_BLENDING UNITY_ENABLE_DETAIL_NORMALMAP SHADER_API_DESKTOP UNITY_LIGHT_PROBE_PROXY_VOLUME UNITY_LIGHTMAP_FULL_HDR UNITY_PLATFORM_SUPPORTS_DEPTH_FETCH uKW= dKW=UNITY_NO_DXT5nm UNITY_FRAMEBUFFER_FETCH_AVAILABLE UNITY_METAL_SHADOWS_USE_POINT_FILTERING UNITY_NO_SCREENSPACE_SHADOWS UNITY_PBS_USE_BRDF2 UNITY_PBS_USE_BRDF3 UNITY_HARDWARE_TIER1 UNITY_HARDWARE_TIER2 UNITY_HARDWARE_TIER3 UNITY_COLORSPACE_GAMMA UNITY_LIGHTMAP_DLDR_ENCODING UNITY_LIGHTMAP_RGBM_ENCODING UNITY_VIRTUAL_TEXTURING UNITY_PRETRANSFORM_TO_DISPLAY_ORIENTATION UNITY_ASTC_NORMALMAP_ENCODING SHADER_API_GLES30 SHADER_API_GLES31 SHADER_API_GLES32 UNITY_UNIFIED_SHADER_PRECISION_MODEL flags=0 lang=3 type=Fragment platform=d3d11 reqs=227 mask=6 start=30  error: 1 plat 4 at Assets/MyAssets/Shaders/Fog/FogPass.hlsl(11): implicit truncation of vector type
  error: 1 plat 4 at Assets/MyAssets/Shaders/Fog/FogPass.hlsl(40): integer modulus may be much slower, try using uints if possible.
  error: 1 plat 4 at Assets/MyAssets/Shaders/Fog/FogPass.hlsl(41): integer modulus may be much slower, try using uints if possible.
  error: 1 plat 4 at Assets/MyAssets/Shaders/Fog/FogPass.hlsl(43): integer modulus may be much slower, try using uints if possible.
  error: 1 plat 4 at Assets/MyAssets/Shaders/Fog/FogPass.hlsl(44): integer modulus may be much slower, try using uints if possible.
  error: 1 plat 4 at Assets/MyAssets/Shaders/Fog/FogPass.hlsl(45): integer modulus may be much slower, try using uints if possible.
 ok=1 outsize=5310


Cmd: compileSnippet
  insize=687 file=Assets/MyAssets/Shaders/Fog/FogShader.shader name=Custom/FogShader pass=FogPass ppOnly=0 stripLineD=0 buildPlatform=19 rsLen=0 pKW=UNITY_ENABLE_REFLECTION_BUFFERS UNITY_USE_DITHER_MASK_FOR_ALPHABLENDED_SHADOWS UNITY_PBS_USE_BRDF1 UNITY_SPECCUBE_BOX_PROJECTION UNITY_SPECCUBE_BLENDING UNITY_ENABLE_DETAIL_NORMALMAP SHADER_API_DESKTOP UNITY_LIGHT_PROBE_PROXY_VOLUME UNITY_LIGHTMAP_FULL_HDR UNITY_PLATFORM_SUPPORTS_DEPTH_FETCH uKW= dKW=UNITY_NO_DXT5nm UNITY_FRAMEBUFFER_FETCH_AVAILABLE UNITY_METAL_SHADOWS_USE_POINT_FILTERING UNITY_NO_SCREENSPACE_SHADOWS UNITY_PBS_USE_BRDF2 UNITY_PBS_USE_BRDF3 UNITY_HARDWARE_TIER1 UNITY_HARDWARE_TIER2 UNITY_HARDWARE_TIER3 UNITY_COLORSPACE_GAMMA UNITY_LIGHTMAP_DLDR_ENCODING UNITY_LIGHTMAP_RGBM_ENCODING UNITY_VIRTUAL_TEXTURING UNITY_PRETRANSFORM_TO_DISPLAY_ORIENTATION UNITY_ASTC_NORMALMAP_ENCODING SHADER_API_GLES30 SHADER_API_GLES31 SHADER_API_GLES32 UNITY_UNIFIED_SHADER_PRECISION_MODEL flags=0 lang=3 type=Fragment platform=d3d11 reqs=227 mask=6 start=30  error: 1 plat 4 at Assets/MyAssets/Shaders/Fog/FogPass.hlsl(11): implicit truncation of vector type
  error: 1 plat 4 at Assets/MyAssets/Shaders/Fog/FogPass.hlsl(40): integer modulus may be much slower, try using uints if possible.
  error: 1 plat 4 at Assets/MyAssets/Shaders/Fog/FogPass.hlsl(41): integer modulus may be much slower, try using uints if possible.
  error: 1 plat 4 at Assets/MyAssets/Shaders/Fog/FogPass.hlsl(43): integer modulus may be much slower, try using uints if possible.
  error: 1 plat 4 at Assets/MyAssets/Shaders/Fog/FogPass.hlsl(44): integer modulus may be much slower, try using uints if possible.
  error: 1 plat 4 at Assets/MyAssets/Shaders/Fog/FogPass.hlsl(45): integer modulus may be much slower, try using uints if possible.
 ok=1 outsize=5310


Cmd: compileSnippet
  insize=687 file=Assets/MyAssets/Shaders/Fog/FogShader.shader name=Custom/FogShader pass=FogPass ppOnly=0 stripLineD=0 buildPlatform=19 rsLen=0 pKW=UNITY_ENABLE_REFLECTION_BUFFERS UNITY_USE_DITHER_MASK_FOR_ALPHABLENDED_SHADOWS UNITY_PBS_USE_BRDF1 UNITY_SPECCUBE_BOX_PROJECTION UNITY_SPECCUBE_BLENDING UNITY_ENABLE_DETAIL_NORMALMAP SHADER_API_DESKTOP UNITY_LIGHT_PROBE_PROXY_VOLUME UNITY_LIGHTMAP_FULL_HDR UNITY_PLATFORM_SUPPORTS_DEPTH_FETCH uKW= dKW=UNITY_NO_DXT5nm UNITY_FRAMEBUFFER_FETCH_AVAILABLE UNITY_METAL_SHADOWS_USE_POINT_FILTERING UNITY_NO_SCREENSPACE_SHADOWS UNITY_PBS_USE_BRDF2 UNITY_PBS_USE_BRDF3 UNITY_HARDWARE_TIER1 UNITY_HARDWARE_TIER2 UNITY_HARDWARE_TIER3 UNITY_COLORSPACE_GAMMA UNITY_LIGHTMAP_DLDR_ENCODING UNITY_LIGHTMAP_RGBM_ENCODING UNITY_VIRTUAL_TEXTURING UNITY_PRETRANSFORM_TO_DISPLAY_ORIENTATION UNITY_ASTC_NORMALMAP_ENCODING SHADER_API_GLES30 SHADER_API_GLES31 SHADER_API_GLES32 UNITY_UNIFIED_SHADER_PRECISION_MODEL flags=0 lang=3 type=Fragment platform=d3d11 reqs=227 mask=6 start=30  error: 1 plat 4 at Assets/MyAssets/Shaders/Fog/FogPass.hlsl(11): implicit truncation of vector type
  error: 1 plat 4 at Assets/MyAssets/Shaders/Fog/FogPass.hlsl(40): integer modulus may be much slower, try using uints if possible.
  error: 1 plat 4 at Assets/MyAssets/Shaders/Fog/FogPass.hlsl(41): integer modulus may be much slower, try using uints if possible.
  error: 1 plat 4 at Assets/MyAssets/Shaders/Fog/FogPass.hlsl(43): integer modulus may be much slower, try using uints if possible.
  error: 1 plat 4 at Assets/MyAssets/Shaders/Fog/FogPass.hlsl(44): integer modulus may be much slower, try using uints if possible.
  error: 1 plat 4 at Assets/MyAssets/Shaders/Fog/FogPass.hlsl(45): integer modulus may be much slower, try using uints if possible.
 ok=1 outsize=3322


Cmd: compileSnippet
  insize=687 file=Assets/MyAssets/Shaders/Fog/FogShader.shader name=Custom/FogShader pass=FogPass ppOnly=0 stripLineD=0 buildPlatform=19 rsLen=0 pKW=UNITY_ENABLE_REFLECTION_BUFFERS UNITY_USE_DITHER_MASK_FOR_ALPHABLENDED_SHADOWS UNITY_PBS_USE_BRDF1 UNITY_SPECCUBE_BOX_PROJECTION UNITY_SPECCUBE_BLENDING UNITY_ENABLE_DETAIL_NORMALMAP SHADER_API_DESKTOP UNITY_LIGHT_PROBE_PROXY_VOLUME UNITY_LIGHTMAP_FULL_HDR UNITY_PLATFORM_SUPPORTS_DEPTH_FETCH uKW= dKW=UNITY_NO_DXT5nm UNITY_FRAMEBUFFER_FETCH_AVAILABLE UNITY_METAL_SHADOWS_USE_POINT_FILTERING UNITY_NO_SCREENSPACE_SHADOWS UNITY_PBS_USE_BRDF2 UNITY_PBS_USE_BRDF3 UNITY_HARDWARE_TIER1 UNITY_HARDWARE_TIER2 UNITY_HARDWARE_TIER3 UNITY_COLORSPACE_GAMMA UNITY_LIGHTMAP_DLDR_ENCODING UNITY_LIGHTMAP_RGBM_ENCODING UNITY_VIRTUAL_TEXTURING UNITY_PRETRANSFORM_TO_DISPLAY_ORIENTATION UNITY_ASTC_NORMALMAP_ENCODING SHADER_API_GLES30 SHADER_API_GLES31 SHADER_API_GLES32 UNITY_UNIFIED_SHADER_PRECISION_MODEL flags=0 lang=3 type=Fragment platform=d3d11 reqs=227 mask=6 start=30  error: 1 plat 4 at Assets/MyAssets/Shaders/Fog/FogPass.hlsl(11): implicit truncation of vector type
  error: 1 plat 4 at Assets/MyAssets/Shaders/Fog/FogPass.hlsl(40): integer modulus may be much slower, try using uints if possible.
  error: 1 plat 4 at Assets/MyAssets/Shaders/Fog/FogPass.hlsl(41): integer modulus may be much slower, try using uints if possible.
  error: 1 plat 4 at Assets/MyAssets/Shaders/Fog/FogPass.hlsl(43): integer modulus may be much slower, try using uints if possible.
  error: 1 plat 4 at Assets/MyAssets/Shaders/Fog/FogPass.hlsl(44): integer modulus may be much slower, try using uints if possible.
  error: 1 plat 4 at Assets/MyAssets/Shaders/Fog/FogPass.hlsl(45): integer modulus may be much slower, try using uints if possible.
 ok=1 outsize=3430


Cmd: compileSnippet
  insize=687 file=Assets/MyAssets/Shaders/Fog/FogShader.shader name=Custom/FogShader pass=FogPass ppOnly=0 stripLineD=0 buildPlatform=19 rsLen=0 pKW=UNITY_ENABLE_REFLECTION_BUFFERS UNITY_USE_DITHER_MASK_FOR_ALPHABLENDED_SHADOWS UNITY_PBS_USE_BRDF1 UNITY_SPECCUBE_BOX_PROJECTION UNITY_SPECCUBE_BLENDING UNITY_ENABLE_DETAIL_NORMALMAP SHADER_API_DESKTOP UNITY_LIGHT_PROBE_PROXY_VOLUME UNITY_LIGHTMAP_FULL_HDR UNITY_PLATFORM_SUPPORTS_DEPTH_FETCH uKW= dKW=UNITY_NO_DXT5nm UNITY_FRAMEBUFFER_FETCH_AVAILABLE UNITY_METAL_SHADOWS_USE_POINT_FILTERING UNITY_NO_SCREENSPACE_SHADOWS UNITY_PBS_USE_BRDF2 UNITY_PBS_USE_BRDF3 UNITY_HARDWARE_TIER1 UNITY_HARDWARE_TIER2 UNITY_HARDWARE_TIER3 UNITY_COLORSPACE_GAMMA UNITY_LIGHTMAP_DLDR_ENCODING UNITY_LIGHTMAP_RGBM_ENCODING UNITY_VIRTUAL_TEXTURING UNITY_PRETRANSFORM_TO_DISPLAY_ORIENTATION UNITY_ASTC_NORMALMAP_ENCODING SHADER_API_GLES30 SHADER_API_GLES31 SHADER_API_GLES32 UNITY_UNIFIED_SHADER_PRECISION_MODEL flags=0 lang=3 type=Fragment platform=d3d11 reqs=227 mask=6 start=30  error: 1 plat 4 at Assets/MyAssets/Shaders/Fog/FogPass.hlsl(11): implicit truncation of vector type
 ok=1 outsize=318


Cmd: compileSnippet
  insize=687 file=Assets/MyAssets/Shaders/Fog/FogShader.shader name=Custom/FogShader pass=FogPass ppOnly=0 stripLineD=0 buildPlatform=19 rsLen=0 pKW=UNITY_ENABLE_REFLECTION_BUFFERS UNITY_USE_DITHER_MASK_FOR_ALPHABLENDED_SHADOWS UNITY_PBS_USE_BRDF1 UNITY_SPECCUBE_BOX_PROJECTION UNITY_SPECCUBE_BLENDING UNITY_ENABLE_DETAIL_NORMALMAP SHADER_API_DESKTOP UNITY_LIGHT_PROBE_PROXY_VOLUME UNITY_LIGHTMAP_FULL_HDR UNITY_PLATFORM_SUPPORTS_DEPTH_FETCH uKW= dKW=UNITY_NO_DXT5nm UNITY_FRAMEBUFFER_FETCH_AVAILABLE UNITY_METAL_SHADOWS_USE_POINT_FILTERING UNITY_NO_SCREENSPACE_SHADOWS UNITY_PBS_USE_BRDF2 UNITY_PBS_USE_BRDF3 UNITY_HARDWARE_TIER1 UNITY_HARDWARE_TIER2 UNITY_HARDWARE_TIER3 UNITY_COLORSPACE_GAMMA UNITY_LIGHTMAP_DLDR_ENCODING UNITY_LIGHTMAP_RGBM_ENCODING UNITY_VIRTUAL_TEXTURING UNITY_PRETRANSFORM_TO_DISPLAY_ORIENTATION UNITY_ASTC_NORMALMAP_ENCODING SHADER_API_GLES30 SHADER_API_GLES31 SHADER_API_GLES32 UNITY_UNIFIED_SHADER_PRECISION_MODEL flags=0 lang=3 type=Vertex platform=d3d11 reqs=227 mask=6 start=30  error: 1 plat 4 at Assets/MyAssets/Shaders/Fog/FogPass.hlsl(11): implicit truncation of vector type
 ok=1 outsize=618


Cmd: compileSnippet
  insize=687 file=Assets/MyAssets/Shaders/Fog/FogShader.shader name=Custom/FogShader pass=FogPass ppOnly=0 stripLineD=0 buildPlatform=19 rsLen=0 pKW=UNITY_ENABLE_REFLECTION_BUFFERS UNITY_USE_DITHER_MASK_FOR_ALPHABLENDED_SHADOWS UNITY_PBS_USE_BRDF1 UNITY_SPECCUBE_BOX_PROJECTION UNITY_SPECCUBE_BLENDING UNITY_ENABLE_DETAIL_NORMALMAP SHADER_API_DESKTOP UNITY_LIGHT_PROBE_PROXY_VOLUME UNITY_LIGHTMAP_FULL_HDR UNITY_PLATFORM_SUPPORTS_DEPTH_FETCH uKW= dKW=UNITY_NO_DXT5nm UNITY_FRAMEBUFFER_FETCH_AVAILABLE UNITY_METAL_SHADOWS_USE_POINT_FILTERING UNITY_NO_SCREENSPACE_SHADOWS UNITY_PBS_USE_BRDF2 UNITY_PBS_USE_BRDF3 UNITY_HARDWARE_TIER1 UNITY_HARDWARE_TIER2 UNITY_HARDWARE_TIER3 UNITY_COLORSPACE_GAMMA UNITY_LIGHTMAP_DLDR_ENCODING UNITY_LIGHTMAP_RGBM_ENCODING UNITY_VIRTUAL_TEXTURING UNITY_PRETRANSFORM_TO_DISPLAY_ORIENTATION UNITY_ASTC_NORMALMAP_ENCODING SHADER_API_GLES30 SHADER_API_GLES31 SHADER_API_GLES32 UNITY_UNIFIED_SHADER_PRECISION_MODEL flags=0 lang=3 type=Fragment platform=d3d11 reqs=227 mask=6 start=30  error: 1 plat 4 at Assets/MyAssets/Shaders/Fog/FogPass.hlsl(11): implicit truncation of vector type
 ok=1 outsize=318


Cmd: compileSnippet
  insize=687 file=Assets/MyAssets/Shaders/Fog/FogShader.shader name=Custom/FogShader pass=FogPass ppOnly=0 stripLineD=0 buildPlatform=19 rsLen=0 pKW=UNITY_ENABLE_REFLECTION_BUFFERS UNITY_USE_DITHER_MASK_FOR_ALPHABLENDED_SHADOWS UNITY_PBS_USE_BRDF1 UNITY_SPECCUBE_BOX_PROJECTION UNITY_SPECCUBE_BLENDING UNITY_ENABLE_DETAIL_NORMALMAP SHADER_API_DESKTOP UNITY_LIGHT_PROBE_PROXY_VOLUME UNITY_LIGHTMAP_FULL_HDR UNITY_PLATFORM_SUPPORTS_DEPTH_FETCH uKW= dKW=UNITY_NO_DXT5nm UNITY_FRAMEBUFFER_FETCH_AVAILABLE UNITY_METAL_SHADOWS_USE_POINT_FILTERING UNITY_NO_SCREENSPACE_SHADOWS UNITY_PBS_USE_BRDF2 UNITY_PBS_USE_BRDF3 UNITY_HARDWARE_TIER1 UNITY_HARDWARE_TIER2 UNITY_HARDWARE_TIER3 UNITY_COLORSPACE_GAMMA UNITY_LIGHTMAP_DLDR_ENCODING UNITY_LIGHTMAP_RGBM_ENCODING UNITY_VIRTUAL_TEXTURING UNITY_PRETRANSFORM_TO_DISPLAY_ORIENTATION UNITY_ASTC_NORMALMAP_ENCODING SHADER_API_GLES30 SHADER_API_GLES31 SHADER_API_GLES32 UNITY_UNIFIED_SHADER_PRECISION_MODEL flags=0 lang=3 type=Fragment platform=d3d11 reqs=227 mask=6 start=30  error: 1 plat 4 at Assets/MyAssets/Shaders/Fog/FogPass.hlsl(11): implicit truncation of vector type
 ok=1 outsize=786


Cmd: compileSnippet
  insize=687 file=Assets/MyAssets/Shaders/Fog/FogShader.shader name=Custom/FogShader pass=FogPass ppOnly=0 stripLineD=0 buildPlatform=19 rsLen=0 pKW=UNITY_ENABLE_REFLECTION_BUFFERS UNITY_USE_DITHER_MASK_FOR_ALPHABLENDED_SHADOWS UNITY_PBS_USE_BRDF1 UNITY_SPECCUBE_BOX_PROJECTION UNITY_SPECCUBE_BLENDING UNITY_ENABLE_DETAIL_NORMALMAP SHADER_API_DESKTOP UNITY_LIGHT_PROBE_PROXY_VOLUME UNITY_LIGHTMAP_FULL_HDR UNITY_PLATFORM_SUPPORTS_DEPTH_FETCH uKW= dKW=UNITY_NO_DXT5nm UNITY_FRAMEBUFFER_FETCH_AVAILABLE UNITY_METAL_SHADOWS_USE_POINT_FILTERING UNITY_NO_SCREENSPACE_SHADOWS UNITY_PBS_USE_BRDF2 UNITY_PBS_USE_BRDF3 UNITY_HARDWARE_TIER1 UNITY_HARDWARE_TIER2 UNITY_HARDWARE_TIER3 UNITY_COLORSPACE_GAMMA UNITY_LIGHTMAP_DLDR_ENCODING UNITY_LIGHTMAP_RGBM_ENCODING UNITY_VIRTUAL_TEXTURING UNITY_PRETRANSFORM_TO_DISPLAY_ORIENTATION UNITY_ASTC_NORMALMAP_ENCODING SHADER_API_GLES30 SHADER_API_GLES31 SHADER_API_GLES32 UNITY_UNIFIED_SHADER_PRECISION_MODEL flags=0 lang=3 type=Fragment platform=d3d11 reqs=227 mask=6 start=30  error: 1 plat 4 at Assets/MyAssets/Shaders/Fog/FogPass.hlsl(11): implicit truncation of vector type
 ok=1 outsize=786


Cmd: compileSnippet
  insize=687 file=Assets/MyAssets/Shaders/Fog/FogShader.shader name=Custom/FogShader pass=FogPass ppOnly=0 stripLineD=0 buildPlatform=19 rsLen=0 pKW=UNITY_ENABLE_REFLECTION_BUFFERS UNITY_USE_DITHER_MASK_FOR_ALPHABLENDED_SHADOWS UNITY_PBS_USE_BRDF1 UNITY_SPECCUBE_BOX_PROJECTION UNITY_SPECCUBE_BLENDING UNITY_ENABLE_DETAIL_NORMALMAP SHADER_API_DESKTOP UNITY_LIGHT_PROBE_PROXY_VOLUME UNITY_LIGHTMAP_FULL_HDR UNITY_PLATFORM_SUPPORTS_DEPTH_FETCH uKW= dKW=UNITY_NO_DXT5nm UNITY_FRAMEBUFFER_FETCH_AVAILABLE UNITY_METAL_SHADOWS_USE_POINT_FILTERING UNITY_NO_SCREENSPACE_SHADOWS UNITY_PBS_USE_BRDF2 UNITY_PBS_USE_BRDF3 UNITY_HARDWARE_TIER1 UNITY_HARDWARE_TIER2 UNITY_HARDWARE_TIER3 UNITY_COLORSPACE_GAMMA UNITY_LIGHTMAP_DLDR_ENCODING UNITY_LIGHTMAP_RGBM_ENCODING UNITY_VIRTUAL_TEXTURING UNITY_PRETRANSFORM_TO_DISPLAY_ORIENTATION UNITY_ASTC_NORMALMAP_ENCODING SHADER_API_GLES30 SHADER_API_GLES31 SHADER_API_GLES32 UNITY_UNIFIED_SHADER_PRECISION_MODEL flags=0 lang=3 type=Fragment platform=d3d11 reqs=227 mask=6 start=30  error: 1 plat 4 at Assets/MyAssets/Shaders/Fog/FogPass.hlsl(11): implicit truncation of vector type
  error: 1 plat 4 at Assets/MyAssets/Shaders/Fog/FogPass.hlsl(40): integer modulus may be much slower, try using uints if possible.
  error: 1 plat 4 at Assets/MyAssets/Shaders/Fog/FogPass.hlsl(41): integer modulus may be much slower, try using uints if possible.
  error: 1 plat 4 at Assets/MyAssets/Shaders/Fog/FogPass.hlsl(43): integer modulus may be much slower, try using uints if possible.
  error: 1 plat 4 at Assets/MyAssets/Shaders/Fog/FogPass.hlsl(44): integer modulus may be much slower, try using uints if possible.
  error: 1 plat 4 at Assets/MyAssets/Shaders/Fog/FogPass.hlsl(45): integer modulus may be much slower, try using uints if possible.
 ok=1 outsize=3342


Cmd: compileSnippet
  insize=687 file=Assets/MyAssets/Shaders/Fog/FogShader.shader name=Custom/FogShader pass=FogPass ppOnly=0 stripLineD=0 buildPlatform=19 rsLen=0 pKW=UNITY_ENABLE_REFLECTION_BUFFERS UNITY_USE_DITHER_MASK_FOR_ALPHABLENDED_SHADOWS UNITY_PBS_USE_BRDF1 UNITY_SPECCUBE_BOX_PROJECTION UNITY_SPECCUBE_BLENDING UNITY_ENABLE_DETAIL_NORMALMAP SHADER_API_DESKTOP UNITY_LIGHT_PROBE_PROXY_VOLUME UNITY_LIGHTMAP_FULL_HDR UNITY_PLATFORM_SUPPORTS_DEPTH_FETCH uKW= dKW=UNITY_NO_DXT5nm UNITY_FRAMEBUFFER_FETCH_AVAILABLE UNITY_METAL_SHADOWS_USE_POINT_FILTERING UNITY_NO_SCREENSPACE_SHADOWS UNITY_PBS_USE_BRDF2 UNITY_PBS_USE_BRDF3 UNITY_HARDWARE_TIER1 UNITY_HARDWARE_TIER2 UNITY_HARDWARE_TIER3 UNITY_COLORSPACE_GAMMA UNITY_LIGHTMAP_DLDR_ENCODING UNITY_LIGHTMAP_RGBM_ENCODING UNITY_VIRTUAL_TEXTURING UNITY_PRETRANSFORM_TO_DISPLAY_ORIENTATION UNITY_ASTC_NORMALMAP_ENCODING SHADER_API_GLES30 SHADER_API_GLES31 SHADER_API_GLES32 UNITY_UNIFIED_SHADER_PRECISION_MODEL flags=0 lang=3 type=Fragment platform=d3d11 reqs=227 mask=6 start=30  error: 1 plat 4 at Assets/MyAssets/Shaders/Fog/FogPass.hlsl(11): implicit truncation of vector type
  error: 1 plat 4 at Assets/MyAssets/Shaders/Fog/FogPass.hlsl(40): integer modulus may be much slower, try using uints if possible.
  error: 1 plat 4 at Assets/MyAssets/Shaders/Fog/FogPass.hlsl(41): integer modulus may be much slower, try using uints if possible.
  error: 1 plat 4 at Assets/MyAssets/Shaders/Fog/FogPass.hlsl(43): integer modulus may be much slower, try using uints if possible.
  error: 1 plat 4 at Assets/MyAssets/Shaders/Fog/FogPass.hlsl(44): integer modulus may be much slower, try using uints if possible.
  error: 1 plat 4 at Assets/MyAssets/Shaders/Fog/FogPass.hlsl(45): integer modulus may be much slower, try using uints if possible.
 ok=1 outsize=3374


Cmd: compileSnippet
  insize=687 file=Assets/MyAssets/Shaders/Fog/FogShader.shader name=Custom/FogShader pass=FogPass ppOnly=0 stripLineD=0 buildPlatform=19 rsLen=0 pKW=UNITY_ENABLE_REFLECTION_BUFFERS UNITY_USE_DITHER_MASK_FOR_ALPHABLENDED_SHADOWS UNITY_PBS_USE_BRDF1 UNITY_SPECCUBE_BOX_PROJECTION UNITY_SPECCUBE_BLENDING UNITY_ENABLE_DETAIL_NORMALMAP SHADER_API_DESKTOP UNITY_LIGHT_PROBE_PROXY_VOLUME UNITY_LIGHTMAP_FULL_HDR UNITY_PLATFORM_SUPPORTS_DEPTH_FETCH uKW= dKW=UNITY_NO_DXT5nm UNITY_FRAMEBUFFER_FETCH_AVAILABLE UNITY_METAL_SHADOWS_USE_POINT_FILTERING UNITY_NO_SCREENSPACE_SHADOWS UNITY_PBS_USE_BRDF2 UNITY_PBS_USE_BRDF3 UNITY_HARDWARE_TIER1 UNITY_HARDWARE_TIER2 UNITY_HARDWARE_TIER3 UNITY_COLORSPACE_GAMMA UNITY_LIGHTMAP_DLDR_ENCODING UNITY_LIGHTMAP_RGBM_ENCODING UNITY_VIRTUAL_TEXTURING UNITY_PRETRANSFORM_TO_DISPLAY_ORIENTATION UNITY_ASTC_NORMALMAP_ENCODING SHADER_API_GLES30 SHADER_API_GLES31 SHADER_API_GLES32 UNITY_UNIFIED_SHADER_PRECISION_MODEL flags=0 lang=3 type=Fragment platform=d3d11 reqs=227 mask=6 start=30  error: 1 plat 4 at Assets/MyAssets/Shaders/Fog/FogPass.hlsl(11): implicit truncation of vector type
  error: 1 plat 4 at Assets/MyAssets/Shaders/Fog/FogPass.hlsl(40): integer modulus may be much slower, try using uints if possible.
  error: 1 plat 4 at Assets/MyAssets/Shaders/Fog/FogPass.hlsl(41): integer modulus may be much slower, try using uints if possible.
  error: 1 plat 4 at Assets/MyAssets/Shaders/Fog/FogPass.hlsl(43): integer modulus may be much slower, try using uints if possible.
  error: 1 plat 4 at Assets/MyAssets/Shaders/Fog/FogPass.hlsl(44): integer modulus may be much slower, try using uints if possible.
  error: 1 plat 4 at Assets/MyAssets/Shaders/Fog/FogPass.hlsl(45): integer modulus may be much slower, try using uints if possible.
 ok=1 outsize=3406



Cmd: compileSnippet
  insize=687 file=Assets/MyAssets/Shaders/Fog/FogShader.shader name=Custom/FogShader pass=FogPass ppOnly=0 stripLineD=0 buildPlatform=19 rsLen=0 pKW=UNITY_ENABLE_REFLECTION_BUFFERS UNITY_USE_DITHER_MASK_FOR_ALPHABLENDED_SHADOWS UNITY_PBS_USE_BRDF1 UNITY_SPECCUBE_BOX_PROJECTION UNITY_SPECCUBE_BLENDING UNITY_ENABLE_DETAIL_NORMALMAP SHADER_API_DESKTOP UNITY_LIGHT_PROBE_PROXY_VOLUME UNITY_LIGHTMAP_FULL_HDR UNITY_PLATFORM_SUPPORTS_DEPTH_FETCH uKW= dKW=UNITY_NO_DXT5nm UNITY_FRAMEBUFFER_FETCH_AVAILABLE UNITY_METAL_SHADOWS_USE_POINT_FILTERING UNITY_NO_SCREENSPACE_SHADOWS UNITY_PBS_USE_BRDF2 UNITY_PBS_USE_BRDF3 UNITY_HARDWARE_TIER1 UNITY_HARDWARE_TIER2 UNITY_HARDWARE_TIER3 UNITY_COLORSPACE_GAMMA UNITY_LIGHTMAP_DLDR_ENCODING UNITY_LIGHTMAP_RGBM_ENCODING UNITY_VIRTUAL_TEXTURING UNITY_PRETRANSFORM_TO_DISPLAY_ORIENTATION UNITY_ASTC_NORMALMAP_ENCODING SHADER_API_GLES30 SHADER_API_GLES31 SHADER_API_GLES32 UNITY_UNIFIED_SHADER_PRECISION_MODEL flags=0 lang=3 type=Fragment platform=d3d11 reqs=227 mask=6 start=29  error: 1 plat 4 at Assets/MyAssets/Shaders/Fog/FogPass.hlsl(11): implicit truncation of vector type
  error: 1 plat 4 at Assets/MyAssets/Shaders/Fog/FogPass.hlsl(40): integer modulus may be much slower, try using uints if possible.
  error: 1 plat 4 at Assets/MyAssets/Shaders/Fog/FogPass.hlsl(41): integer modulus may be much slower, try using uints if possible.
  error: 1 plat 4 at Assets/MyAssets/Shaders/Fog/FogPass.hlsl(43): integer modulus may be much slower, try using uints if possible.
  error: 1 plat 4 at Assets/MyAssets/Shaders/Fog/FogPass.hlsl(44): integer modulus may be much slower, try using uints if possible.
  error: 1 plat 4 at Assets/MyAssets/Shaders/Fog/FogPass.hlsl(45): integer modulus may be much slower, try using uints if possible.
 ok=1 outsize=3374

